path,label,group,width,height,sha256,pixel_sha256,phash,split_group,split,role
Amravati_Region_Basil_Plant_Healthy/Good.jpeg,Healthy,,247,520,ba14af3c8c2a7e116f82558880691560f109b78f09cd9e7a9348b355451e98ea,a6d51fad58b9b0de534ed0be93e6b1d7de641c79d7f22e86d8aff4fd5eba0ba9,7418888902149027737,group-00000,development,train
Amravati_Region_Basil_Plant_Healthy/WhatsApp Image 2019-09-04 at 21.00.49 (1).jpeg,Healthy,,247,520,acb910eed36135f407a82174d7b7be4c21a1ced734a8ca3e2db2a7ef8f695009,4d76041a9e14b1d325066cc0af834e639d4da329b743fa3c3c925561cdf71243,2186609313400238705,group-00001,development,val
Amravati_Region_Basil_Plant_Healthy/WhatsApp Image 2019-09-04 at 21.00.49.jpeg,Healthy,,247,520,7b20e2298a5ed4bc00fd4f90f61d082bcf76b373b5ccb75780c00d81550bd86c,384b3e4f08f2a4ba1524837b2fb6a1798f4eddc9a028232f88bec2bddf81eb3b,1594713080396127713,group-00002,development,train
Amravati_Region_Basil_Plant_Healthy/WhatsApp Image 2019-09-04 at 21.00.50 (1).jpeg,Healthy,,247,520,c08c42718815520b58e627e9d35d5bd3ebc4ff8fa2a5d88483618bc6a64ecd98,8687efc0c3dc15c180fe133496c4acda490328b125e57e8c19b6b7d678f848d2,6426158265987107765,group-00003,test,test
Amravati_Region_Basil_Plant_Healthy/WhatsApp Image 2019-09-04 at 21.00.50.jpeg,Healthy,,247,520,fd7d25a773bd6e85f4e838f20e11e0f9ac0f9db758ccfd20bf5f511f7d09e1ba,3b4dd86501e6ff666e73fb90711e68b79336d2230fa074156085fb1fb201c19f,413456733307165773,group-00004,development,train
Amravati_Region_Basil_Plant_Healthy/WhatsApp Image 2019-09-04 at 21.00.51 (1).jpeg,Healthy,,247,520,576e602b69f72f41e20fd25028e7421568e51c2656e5a435d8f1548cc2a8e387,4c1d88c6fcf9b039460c631493fd893661746cdecb92535a92673c3665c01fd4,3904281451378641845,group-00005,development,train
Amravati_Region_Basil_Plant_Healthy/WhatsApp Image 2019-09-04 at 21.00.51.jpeg,Healthy,,247,520,60e4481f58772b3fc88e73463bf88e62eb379db9bbd5faffe888d80c2f266ec4,5a2115b204acbc520db630f8ed3d4879661977f9a2f87d31906930754ad6b71e,3942032350168357781,group-00006,development,train
Amravati_Region_Basil_Plant_Healthy/WhatsApp Image 2019-09-04 at 21.00.52.jpeg,Healthy,,247,520,db9fb7e67062a6ec865f25bcccf904f59c7fb31d5d118d7a5fbccd542479da22,6d6e7576e04c3d89d4bccb9c18255aa61f686ba648da287c601c234e2ba08845,7036441662890319496,group-00007,development,train
Amravati_Region_Basil_Plant_Healthy/WhatsApp Image 2019-09-08 at 10.53.01.jpeg,Healthy,,520,247,e88382434da7dd271e05dcd39e38063e1867567364557e89dedf6dd2dd74c4ad,c514edb11786efca22103988b615c19da3c6c6c908b76453e68e9ffdacdfd196,7232912810377643917,group-00008,development,train
Amravati_Region_Basil_Plant_Healthy/WhatsApp Image 2019-09-08 at 10.53.02 (1).jpeg,Healthy,,247,520,3a2b44c5046b4be24ddb1995bbc694e6343c9a6e8314521f023fd8643ede0ad7,18bcb72c50349ef18ec56491e758fafa13bdecc2f75dfcc58951cfd9884d6af4,7073323395850834919,group-00009,test,test
Amravati_Region_Basil_Plant_Healthy/WhatsApp Image 2019-09-08 at 10.53.03.jpeg,Healthy,,247,520,6feea6cde32f7f2877f5443e1e59a53925a89e414c7e09447e51ae79d4934638,bab13a5f734f613e3f43d075ced5ea37c07fcef32f5028383a55232451c5164a,1413582487803031875,group-00011,test,test
Amravati_Region_Basil_Plant_Healthy/WhatsApp Image 2019-09-08 at 10.53.04.jpeg,Healthy,,247,520,7cd8c951cbcdd158511cdf509e5dd5645c2f0d9f491338704b4e10034ba7edbf,9aaf260f1c1d7702719eda94dd5b7bf79c901a81d52c20fce1d0c67b21b91bf9,16813860223130002,group-00012,test,test
Amravati_Region_Basil_Plant_Healthy/WhatsApp Image 2019-09-08 at 10.53.05 (1).jpeg,Healthy,,247,520,566000db6222be1a5fccf7ebad863f6c2ce5c72aad9ee367cb82f82d1ca86b33,b763de1486096527b47d03affa1d7f41ffaff0da8b9fa3f542b5cc4148207096,6519034844587192537,group-00013,test,test
Amravati_Region_Basil_Plant_Healthy/WhatsApp Image 2019-09-08 at 10.53.05.jpeg,Healthy,,247,520,cee1e2cae99bb06ded396500b3e7a84d2f8459ce6e1972cf44a84da1029d15b4,de4a3ee4eda46cf754c34d6fecc3298d3b4b31e989ed04cedd9b01667aedfcb1,928917241357808293,group-00014,development,train
Amravati_Region_Basil_Plant_Healthy/WhatsApp Image 2019-09-08 at 10.53.06 (1).jpeg,Healthy,,520,247,23f40707e481fa56bdb9efee6ee252aab8e321b77ab263b7342973e354296b99,1a661804c39dca52a0fbfe0ed3a556e1602e60825ccc4105d09ed68173feab24,4481294828022597527,group-00015,development,val
Amravati_Region_Basil_Plant_Healthy/WhatsApp Image 2019-09-08 at 10.53.06 (2).jpeg,Healthy,,520,247,a6dda55d121e8b88db6eaab9890c389ae9a9ddac21eef796fab94415f7bbed84,03524c7d2819d5b69f079ce17198ed86f2d9f4425372b68f716b4c3aae88d46a,3498857871607327286,group-00016,development,train
Amravati_Region_Basil_Plant_Healthy/WhatsApp Image 2019-09-08 at 10.53.06.jpeg,Healthy,,247,520,2259e1a03f9324966bd5b3f9e8d3db2f26bca6bbd32b5bfeaf3c5c5bebad63de,23d8b25ca3983afb8c48558e2d40bd2f35e74a8789f4545e771c36f286a1305b,7569515456188525772,group-00017,development,train
Amravati_Region_Basil_Plant_Healthy/WhatsApp Image 2019-09-08 at 10.53.07.jpeg,Healthy,,520,247,6fa46db9dbd0034130eb894cd1c07f57d31f9c4d00b202addbc1b703532d9966,48ed96f01908df5557dabc292b5a13a1bfe09d0dde3cba2e7e3fbab869fc2977,3741499131843259528,group-00018,development,train
Amravati_Region_Basil_Plant_Healthy/WhatsApp Image 2019-09-08 at 10.53.08 (1).jpeg,Healthy,,247,520,bcb641fef1ba0795dfb8700edaaa0267e39265adc0c708804cd9663535efb0c7,16c1ca2f2811e0deee283a3af699f81d385a0aa64c4e2850ebaf46cb497eed6e,5318790423925631660,group-00019,development,val
Amravati_Region_Basil_Plant_Healthy/WhatsApp Image 2019-09-08 at 10.53.08.jpeg,Healthy,,247,520,dc2784ba7deed61c4e2a11d63668ba00ac012b1a816c4ba499b5733ac6361321,d78cc62258824b33abe87484af94850e9ce85227ff1a35fb3ea01bc03629014f,4395910859387790567,group-00020,development,val
Amravati_Region_Basil_Plant_Healthy/WhatsApp Image 2019-09-08 at 17.49.46.jpeg,Healthy,,390,520,28e75fc6404d7f56a595fecb9bcb00be97155905e250aed95a8bd5f97077b521,9b8f20088a295adc83ccdfb58edb25b0c57072fb380025a4fdff5bba631db2f5,8823898160642420175,group-00021,test,test
Amravati_Region_Basil_Plant_Healthy/WhatsApp Image 2019-09-08 at 17.49.52.jpeg,Healthy,,390,520,4f4bcca181f4e5a86fd9bd62008357c8a87f2fad64f8bf5212e761c688fbac92,a26b79eb2ac3195594a56c6f73db8493d6367fc51c98921cdb6544b0015377a4,8898052338096406699,group-00022,test,test
Amravati_Region_Basil_Plant_Healthy/WhatsApp Image 2019-09-08 at 17.51.25.jpeg,Healthy,,390,520,5581090b5d8aeed771b2ea044cce1488fec4fa38434999392f7586f6166f7c82,a5334bd7c2633ebacdce158b975d996a4d957d181680936250bc91cd3360be95,4975471847001184475,group-00023,development,train
Amravati_Region_Basil_Plant_Healthy/WhatsApp Image 2019-09-08 at 17.51.43.jpeg,Healthy,,390,520,0de55be057ffe5ec1f2fcafa1744e653fc95c56068a52a4df341588f31bcdc64,b629947b010ef722a9d7fdaee2ce5e50ad9a2d13f8cd9b0c31ffc2a02996ffa7,559432739267136907,group-00024,test,test
Amravati_Region_Basil_Plant_Healthy/WhatsApp Image 2019-09-08 at 17.51.57.jpeg,Healthy,,520,390,a3c8407d22f8b832b32da6642b6804bcdd3954883b32ea65c38c2d9ef18bbb6a,ec9b237e19aba1775a443c148a17d720292bc4a98ac344a21651bc25d6cc8bd9,1552111872680512444,group-00025,development,train
Amravati_Region_Basil_Plant_Healthy/WhatsApp Image 2019-09-08 at 17.52.07.jpeg,Healthy,,390,520,9f419567a2899a69502e2242c9fde69ddcb43294f210399c25a9500cd62d0f24,4d1c165b43408d86a2f52d93d4859d164cd4a43b9eeaf38bcf0c9c1c3c616341,2127931292002693147,group-00026,development,val
Amravati_Region_Basil_Plant_Healthy/WhatsApp Image 2019-09-08 at 17.52.26.jpeg,Healthy,,390,520,f33e9abb397ddcec54ed6fb07081d1ce2efcfc84761cd16a73a625b51aa4688d,f226f67753dd2cfc006ae07ab1fc2198e01d5addc70876269546bb5412e72468,2688848096179641539,group-00027,development,train
Amravati_Region_Basil_Plant_Healthy/WhatsApp Image 2019-09-08 at 17.52.47.jpeg,Healthy,,390,520,40f3f15ef73287e88c4024139035cfc80cc296b9abdc68443886770c8cf73cc3,89964849050343936fdb2dde0e4e0b73231992b61cbb56342b26988f5b94ec5b,3740671709092270478,group-00028,test,test
Amravati_Region_Basil_Plant_Healthy/WhatsApp Image 2019-09-08 at 17.52.50.jpeg,Healthy,,390,520,572b7590977e07b3f34b96e3c279a9614259e692443ec032217004dc8bc82cdd,58e1145495d0f826dae25327a658da87d1f89296542bd43c114715994d897313,8669278671224525037,group-00029,development,train
Amravati_Region_Basil_Plant_Healthy/WhatsApp Image 2019-09-08 at 17.54.07.jpeg,Healthy,,520,390,35ac1852214e0a2683edea9eb843678ff066cbee85ff4287f8542ccaf107f8a8,177897e1355b0f0c7163ff293e67ec1f795f261d2f4146e3f8a3d6c0f58b0e2a,2870306830058391231,group-00030,development,train
Nagpur_Region_Basil_Plant_Healthy/IMG-20191027-WA0053.jpg,Healthy,,300,300,666110272b517681cbcf1df2ad67de3e2d7958aa95a5105aec303ad34053fb09,609b76e120bb93a115264d452a8a0e7b9051756327dd54baf8f038137337bf4d,4469333868147103320,group-00031,development,train
Nagpur_Region_Basil_Plant_Healthy/IMG-20191027-WA0054.jpg,Healthy,,300,300,7be5f28fbf9dcaf7c9050e2da0bfc7059117a7e828a6c35c34d80b273215ced4,76245d1f8a03ec171d46aacab69a1944ffaf694654fd4a9c5c741b73a49e399a,3214518286354379227,group-00032,development,train
Nagpur_Region_Basil_Plant_Healthy/IMG-20191027-WA0055.jpg,Healthy,,300,300,ceae6c97d8ff36b509fdc4f74a4b41b4ea74617c5c02ef133587963f01fdb612,dda2d7616ecb0461165703e333cd912a3dae2f4e85ba493c27adb738c14fc1b2,3588440255010057427,group-00033,development,val
Nagpur_Region_Basil_Plant_Healthy/IMG-20191027-WA0056.jpg,Healthy,,300,300,9a3a6c1cae2ef98d317c54482403f1ae016adfc3b202416ed5c1df445a1c6059,b0750c30dc9aba93cf5ef021139c9be4d56200ae64cdc9264765affa02a6cb5c,4055007375633393100,group-00034,development,train
Nagpur_Region_Basil_Plant_Healthy/IMG-20191027-WA0057.jpg,Healthy,,300,300,650e8d4f3cc2e214638432b12a037bd9c00fb6547a4b73eeb252826240442c29,6f9eae0676d74cf866a3239e2e0083dbce1c50a6830c08148e0690767001321a,5076186576933354568,group-00035,development,train
Nagpur_Region_Basil_Plant_Healthy/IMG-20191027-WA0058.jpg,Healthy,,300,300,f9f7c5596b1f5d752c5ee6db5d1e94864a43c171a8d769e5d11c63cabddded37,70049241eca4e924e032ef995c1de66b00c95cd8d661e59fc0327c94da48d0b9,7988261220831971148,group-00036,test,test
Nagpur_Region_Basil_Plant_Healthy/IMG-20191027-WA0059.jpg,Healthy,,300,300,c7cf8d20bbe80d100a5563454fc74543b682dea042926991537f42be35d6ccb0,63b00bba350f5334484a336675c1aa21c46215aa31110cfa017d918852971eac,3804777870688774236,group-00037,development,train
Nagpur_Region_Basil_Plant_Healthy/IMG-20191027-WA0060.jpg,Healthy,,300,300,ea662334e55c51a9263d3e42d125ab7b45428f536d01237ac5ba3cabea9e8900,d9d7ff5436f505ec4101977dd99cbbffc11f41c544db0d861fecea5b7ac8a8fb,6776848410228273964,group-00038,development,train
Nagpur_Region_Basil_Plant_Healthy/IMG-20191027-WA0061.jpg,Healthy,,300,300,34c17672937985204f33baab1fbaf98b47e34bd1dfdf08c8373ac5d1520ea569,f4e4a81ace8a7ae31c09043a9554cc5919cb6c3e0444b85744f199f495370bc5,1951015319320620190,group-00039,test,test
Nagpur_Region_Basil_Plant_Healthy/IMG-20191027-WA0062.jpg,Healthy,,300,300,13537cf5055dc8abb5d65fe0ec7b3f9f168f4de1c27899482178f075d238752c,41d0303bbe8a1069e82f5cfa28fe517a3ca02459bb5bd0e58e8cf959df7eb07b,1785795558560475848,group-00040,development,train
Nagpur_Region_Basil_Plant_Healthy/IMG-20191027-WA0063.jpg,Healthy,,300,300,8728fa29327029b96c4a9e9a27e238d71aa08e0dcf0fa088bea5963aaf446274,d4a5af7f59798f41304ef0823bb6fe097c954f3f63a09ba1dc251cc08f6ecba5,1664331798073973142,group-00041,development,train
Nagpur_Region_Basil_Plant_Healthy/IMG-20191027-WA0064.jpg,Healthy,,300,300,2723b27145d041f5f2cc02705dab9937f18666717a20562a5477e44fee64e564,261c8ff6e75d0f8c130b4bf71c0066388e81573beb1c8c9983d6ec9ea5357e8b,1029971784825518478,group-00042,development,train
Nagpur_Region_Basil_Plant_Healthy/IMG-20191027-WA0065.jpg,Healthy,,300,300,983d52b588fda424e03c776756dbdbf4386203db5aae490eccc31951f37d3e4d,d32468dbee2b660dd3ad040653398cfba436e5ca69240f4d84a93d3c5dd33bf3,3707530235285281174,group-00043,development,train
Nagpur_Region_Basil_Plant_Healthy/IMG-20191027-WA0066.jpg,Healthy,,300,300,8d28221116749e545782b4c2e9df25198cabf4d773981e625c82cdfd130131c9,1bfdad1e01aa789d0b7531d5949b91102d83c2fd079aca6604507ed6007df043,5051687730389675206,group-00044,development,train
Nagpur_Region_Basil_Plant_Healthy/IMG_20190920_181002.jpg,Healthy,,300,300,73d8e0f5ac030dbb0965f0824202d6fcf141f45e47badc0b9633972d93761147,e8473d1091bdd04edb82f298c5dd3cc6096a3737048a059bf0de34b0ae0345a7,7245439762807136699,group-00045,development,val
Nagpur_Region_Basil_Plant_Healthy/IMG_20190920_181007.jpg,Healthy,,300,300,73e2eb3945160d337a4d18f94c948f97081573b31c4e0386949da498e2888c2f,bc4faacefd599e14ed71119a9619118fb39f8ef0502961ac2d7a50b411922372,4732372489211425979,group-00046,test,test
Nagpur_Region_Basil_Plant_Healthy/IMG_20190920_181010.jpg,Healthy,,300,300,af9ca2acdc0f64f0269346c67419fb32905398d49fa8bfeaab55693bbd666f57,ec1e0aed971b06edcfe98591f778e199434c2d892034c34b5b5324675ed9152e,1824971243552920766,group-00047,test,test
Nagpur_Region_Basil_Plant_Healthy/IMG_20190920_181021.jpg,Healthy,,300,300,4aac289992f3bcda48b2108a3c98aceadc8e5598e0b66782609a463421db8862,61023b7e712cdc559b31eeb49750f247bb4b48f8a0d0fad229d90ddb20ef95e6,5438277507959886318,group-00048,development,train
Nagpur_Region_Basil_Plant_Healthy/IMG_20190920_181027.jpg,Healthy,,300,300,11c578ab7afc9969d4dbf31271df1436ed90549c7d196cdee1cdd23da37f2685,32c3263b81369b9de4c66d6e9d0c8f22acec984d39d927bd7a0ab5ccf84ef33b,2059096721744351659,group-00049,test,test
Nagpur_Region_Basil_Plant_Healthy/IMG_20190920_181030.jpg,Healthy,,300,300,62fe379cc102c3fc11ae38f00347880a4eec7e054f0131e8808b938d02d5a0f6,10ae5b44b6b4abf1603d76ec475713e75ca2da8ffc45f1e1c74e7039604a1486,930417417409475070,group-00050,test,test
Nagpur_Region_Basil_Plant_Healthy/IMG_20190920_181035.jpg,Healthy,,300,300,12ce423fa8d6652af01d3f8d292f92ae1b624ddbfd005c38c640ed99b4b1d8a2,ff827dda248c0cbdf4161f1716aebe636e86d8876b8fb368810798bec5d62360,7542618622277142010,group-00051,development,val
Nagpur_Region_Basil_Plant_Healthy/IMG_20190920_181039.jpg,Healthy,,300,300,bbf1e52e4d6a409af97ce5fb1aed805d7ca6d2c918b26053c76de48b062da4d4,7508dd8101a75d104fbda7e47b73f0f2f23fba0e65b21bca3e8425ed52299e8f,7252136479631303870,group-00052,development,train
Nagpur_Region_Basil_Plant_Healthy/IMG_20190920_181050.jpg,Healthy,,300,300,7730f0416d72e62fd84de5aaca1f5612bc5c012e4b63ff2bb7be68c89fe4d246,73974ffc9503098af7e2ba186dd546db4040ca140682ef6fe6ccfe14dcbf5615,5486380396170330555,group-00053,development,train
Nagpur_Region_Basil_Plant_Healthy/IMG_20190920_181057.jpg,Healthy,,300,300,8d50a9c5ef1a21a37c44ac55e75af79a20fff74dff18bd1152cf09c7a6879492,4cad45cb01d6fbe2ecb3910c58d874bc5833ae219d9b43bf375b058c30a4d933,5303422998322312043,group-00054,test,test
Nagpur_Region_Basil_Plant_Healthy/IMG_20190920_181101.jpg,Healthy,,300,300,115508cb50cac1a6520a4c695a6f4c3b07983f57d3337466535102f576e2c10f,4fe2eeda21eb70c0d661e924a439c897059c7811c16ba860341a36cb205afc8a,3220597161460371947,group-00055,development,val
Nagpur_Region_Basil_Plant_Healthy/IMG_20190920_181104.jpg,Healthy,,300,300,4b4221a25a689fdd6b5b41174233ea4baeea05f0e1e01c0a939ff8c7fdfd6c16,c579583e1527caf1544f4c4d34f185cedf71abafad43d30fe4259deed87b1d56,5305692683000800427,group-00056,development,val
Nagpur_Region_Basil_Plant_Healthy/IMG_20190920_181118.jpg,Healthy,,300,300,2b5fc3a67d652f7dd3fe071fcb6af716e40b0fe9721c3bb349ca1da5dfca0126,ea3b8d7612ec217ff9b3e7db5d7cd961a5d4d8c9ff5fca7f6cdb8fbecd47c9db,1807223412334929643,group-00057,development,train
Nagpur_Region_Basil_Plant_Healthy/IMG_20190920_181128.jpg,Healthy,,300,300,031662dd879f3989f15b26ec356907375493ab96c0ebb51408a82fa2b7c6b145,e980ee9d0f3d0d3c852be4caa1edec0de1cd3c572b9ab2f2841896676e899c12,5417873350285210814,group-00058,development,val
Nagpur_Region_Basil_Plant_Healthy/IMG_20190920_181133.jpg,Healthy,,300,300,a785b2cb636ae5fc20c576429d92d39944a1b229c5da9d1c746da5970daabc40,df5f1f52729fc89fbe9aaedc026e291291b16eb4b63063eea2986d2aa481bd70,7034133658825070142,group-00059,development,train
Nagpur_Region_Basil_Plant_Healthy/IMG_20190920_181145.jpg,Healthy,,300,300,b75e8a4af703b9c82f176025fd7f612aa0059d5c6d32dd211b7f5d99a9ca14a8,d0a5e39ac88e64b4c69a32f344a2854e0c5f4c8e417e582dbc00fbe1bb8a2cf6,6241051503261073982,group-00060,development,val
Nagpur_Region_Basil_Plant_Healthy/IMG_20190920_181208.jpg,Healthy,,300,300,c6dc9f104ea16b92cd1aeb9a04e13688f352858c79646fc2fd9fc7b6e410d98e,445ed0b8928be5d275a72f9aa20b7959ac605750deb10c0dde461daf5be471c3,3734130506242352315,group-00061,development,train
Nagpur_Region_Basil_Plant_Healthy/IMG_20190920_181213.jpg,Healthy,,300,300,c0cc0d058073cc8e8f5f31aee6b26bcd380961f905cc17c6a565d749b1edbb6e,808aee3722020b11efc667d69675a44dd7f7e066c58bb5e1b631d1df98af2dd1,2397684542724340542,group-00062,development,val
Nagpur_Region_Basil_Plant_Healthy/IMG_20190920_181225.jpg,Healthy,,300,300,13922803addd6b79ab8ed815ee8d91e22c0d0a9bb8cd043cb466c35bc20ff453,b4052da489aebbf760e10e91e21af4fe1d9e9fd1b81668b1b65bd39e66f1934e,2428441105592446059,group-00063,development,train
Nagpur_Region_Basil_Plant_Healthy/IMG_20190920_181231.jpg,Healthy,,300,300,8936b34918e6ebb840abbcd95c05f28c8940d04ee05aaebbb4e039dc024bb0ed,dce28c34cfbba2a188b7b0cd349599cd2b99f2aff488dd8cb915952f81b038cc,8671241899708142843,group-00064,development,train
Nagpur_Region_Basil_Plant_Healthy/IMG_20190920_181236.jpg,Healthy,,300,300,bc36cc7af43fab6ba2beb5fcbbd34d5fc3a456b2d59bc5985874d51190e31818,1c6e15bc8820e46a1593b496483f702d5db1320901abb82205314b63359bd948,2539170444114433259,group-00065,development,val
Nagpur_Region_Basil_Plant_Healthy/IMG_20190920_181240.jpg,Healthy,,300,300,316f6ab10e3f3a8008e5e310ab5d65e62405a8fceef2449717ba4949f8c543c2,b156eb1bcbcfa3dd3781b4a28961eeed48921b1c099395af4246ee20e26ba9f3,3924448139906793899,group-00066,development,train
Nagpur_Region_Basil_Plant_Healthy/IMG_20190920_181250.jpg,Healthy,,300,300,109a512530dadcc53970399bfc55eda21f4dd6bceca75e487cc4927ce053c17f,c2090ae99ccfb71fd1b2705e93178caed0b70cb9b72218a15b7077b9cc035560,3773579102305804782,group-00067,development,train
Nagpur_Region_Basil_Plant_Healthy/IMG_20190920_181255.jpg,Healthy,,300,300,a7c05536d0cd6fa2fc6943adf1ef94e51a8e17d3006a123c710f47d29b302769,bc66f698b2599a93d7f7776cc0f440c67a3155fe5c59c33aeb7755cbddbb20d1,1976202380027790587,group-00068,development,val
Nagpur_Region_Basil_Plant_Healthy/IMG_20190920_181315.jpg,Healthy,,300,300,605bddd3a85880ce78755d72d122b83c1cdfe88fc39ce8fd5f9d11588c289528,78efc0feed55d1b8dd9da38efd4e8ea37614f0d956fb6e9ec61d4043a60fd199,4834268500086642411,group-00069,test,test
Nagpur_Region_Basil_Plant_Healthy/IMG_20190920_181319.jpg,Healthy,,300,300,28035ba7e711ef296dac8637cb9e4315eefbf4a9ce076a1fb35d4bcf2539ba56,aced9719f6e1d70e6bdccb3ab5e1838c206c67b61abcfbe1fe5d9a6daf3c437f,338207381347260139,group-00070,test,test
Nagpur_Region_Basil_Plant_Healthy/IMG_20190920_181538.jpg,Healthy,,300,300,034af1a2fd0b1920278579e1077ae18a6cb9e540c2d5e607a9f6c43da3b75cd7,28d22bb8808f38de0bbe7a9d1bd5109e7cd86c67793706bc88b79fc82004175f,1860574423398183678,group-00071,test,test
Nagpur_Region_Basil_Plant_Healthy/IMG_20190920_181542.jpg,Healthy,,300,300,933e851e9aea120fb09a0b97c1cd6865ac93fac6106b368f2b25fd6fc6f742b9,fb9b91304d889d63077f6b533d536e4278dcdc08b004aec071ce3ac63619edd7,7035992893259462782,group-00072,development,train
Nagpur_Region_Basil_Plant_Healthy/IMG_20190920_181549.jpg,Healthy,,300,300,dfd2de32ea58ce6d24e52894a2a4dba4d7da0f627d594a45a8da7e9b34a4e3e5,37ca7ab83da8688c51cd90fe78ee2fed94c59f9204654f67012df9d23aa47321,3023701589426373630,group-00073,test,test
Nagpur_Region_Basil_Plant_Healthy/IMG_20190920_181603.jpg,Healthy,,300,300,35a17842c00494c1376cc9b14b6f504c4a492ce42e71a8d5472aca68dd075da8,9935fec526f8dfadadf3f2d8a8ea8f060b5c1b839e84820ebe30a5f6f54c2690,5319390905132893755,group-00074,development,train
Nagpur_Region_Basil_Plant_Healthy/IMG_20190920_181607.jpg,Healthy,,300,300,64392a20f257853aa282f0e89e1d58072b6b0710c34ed3a59c99d60ab0d51521,0511cd5b7c7462061a0170e1443bc1d1a1d2b38d922c20675402d523baf7a6ee,6508347342499841646,group-00075,test,test
Nagpur_Region_Basil_Plant_Healthy/IMG_20190920_181617.jpg,Healthy,,300,300,38daf04a79ae9b7fba3a889e23f9ae9d188acac480a1b3f40bc9753ea66e6dc2,fdf27ee64baa4a8ef729e827de53df1dc7d23c745d9c1849a762d816c2f399ea,4156987596692201982,group-00076,development,val
Nagpur_Region_Basil_Plant_Healthy/IMG_20190920_181621.jpg,Healthy,,300,300,616d6ee524d96fabb9f87da21876d29f095ce938373bdb28f67434af60edbcd2,6ffbb0316c44f3613a0419e64d09411c3383339222ca9078c78742bb51040bbf,7140623112322040750,group-00077,development,train
Nagpur_Region_Basil_Plant_Healthy/IMG_20190920_181626.jpg,Healthy,,300,300,100f900773438940320f706a0b1720f9eaabbb8d82d90b604e94c4b3202bbef7,fabef64f32357a869f81a391d43685d1d88ae2157bfa96a1236e6f1d9262f967,4862909150064412414,group-00078,test,test
Nagpur_Region_Basil_Plant_Healthy/IMG_20190920_181631.jpg,Healthy,,300,300,7fabfb65247ee3682771f76dc3d2898448c3e37eacf6b0edb4ca5932208706c1,f390f33515d22cf054c64013e7d5170c3525aa131c87cbf6335769dbad14c7d1,5520922692464925931,group-00079,test,test
Nagpur_Region_Basil_Plant_Healthy/IMG_20190920_181646.jpg,Healthy,,300,300,1131fc856ec2b68fd2da221c2951e6ca056f0151e6f1dd776bf110137888417e,8baaca1315c201a71e5097eb904e002eba47999544f10438b46da4b2f46f4495,2163070216976126458,group-00080,test,test
Nagpur_Region_Basil_Plant_Healthy/IMG_20190920_181649.jpg,Healthy,,300,300,9cd14fd815d03f2c5b5ea9e99ae97b78634e4e1c53dce47c1ca99c340bd0cc4f,c2ad9c308253ebea6a47b1ab6d98fa001ef8f91613ce64bcf314ac83014b1683,5631369475079950830,group-00081,test,test
Nagpur_Region_Basil_Plant_Healthy/IMG_20190920_181657.jpg,Healthy,,300,300,63dbc3a5535cc75721b0035277ca1e25485806b99c7b53e65906da59f242d2f0,bac854e1dda3892b288f0c81346760ddb7ea8ca71d969a31941b3a02ef5eb9a2,5645269665620320750,group-00082,development,val
Nagpur_Region_Basil_Plant_Healthy/IMG_20190920_181703.jpg,Healthy,,300,300,816334906baed92efca0589c5df55c97018576cb2cff27a0a44dc3bc170e7568,8cd9ec6a1e76ad865513bea920395cbccbd5e4f1eeb14e7a672eabe6c5caa6dc,565367016493826286,group-00083,development,val
Nagpur_Region_Basil_Plant_Healthy/IMG_20190920_181712.jpg,Healthy,,300,300,fb0e611e35d4fb051a3e3c296db9941d165324531766294f182cadda83484aee,fb0142d236120bf80b43b762376b927d506f3e354d1410195fa6497e91f27da1,1036168496896332798,group-00084,development,train
Nagpur_Region_Basil_Plant_Healthy/IMG_20190920_181717.jpg,Healthy,,300,300,a759f0f731d851a1fb8e0af43fdaae1949213ade7ead76b4343ec20f4dd12fff,fbb83977bb0d916f598e077cff1719ec8c636410ad8cb01df5eddbcf45ef0488,5285148188698141118,group-00085,development,val
Nagpur_Region_Basil_Plant_Healthy/IMG_20190920_181730.jpg,Healthy,,300,300,66a915112b890d606be34d6eaf7d83bbf3a819d4e5e238017207b884605a48e0,9ec94a191bbddb21f15e34b8d2b425b3677e28406a86d268dc6396b08d67d544,2035893787050808570,group-00086,test,test
Nagpur_Region_Basil_Plant_Healthy/IMG_20190920_181758.jpg,Healthy,,300,300,f26b115b5ba448a71207201134f6140bc69b70268b300b420e6ab7d4a47c761d,14e96b496f57e64a6bfc511d4b0698f39f3e852de6286ff7612833d0be94ce47,1285235401708430910,group-00087,development,train
Nagpur_Region_Basil_Plant_Healthy/IMG_20190920_181804.jpg,Healthy,,300,300,fbc8dfef8b451c4632d466bade5cf6020c819f31cbf98feb150a70169b8b12bf,cd6116494a5e44c06818c49d2005f2ef9a72687cab382112d81baa967d73436f,8657687951090321278,group-00088,development,val
Nagpur_Region_Basil_Plant_Healthy/IMG_20190920_181808.jpg,Healthy,,300,300,65834faa74cd24e666aafe010d3898c9afff1e21099383f0e49e90fc7ef236b8,f3e8508ae8d10a7a7c22050db285f8cbd32b97647d0476e211160c844e6a4753,4739164387911215614,group-00089,development,val
Nagpur_Region_Basil_Plant_Healthy/IMG_20190920_181815.jpg,Healthy,,300,300,2455c91eb04bc4e35c2c76d50d8b062da498aabc636ba845fad4b1f8c3c79b36,6af28329fca10a705482ba07b30655cac995f10e848134529c169e84e6c18cc9,8342014250277095166,group-00090,development,train
Nagpur_Region_Basil_Plant_Healthy/IMG_20190920_181939.jpg,Healthy,,300,300,11d7427815f067a91e60435e1ff84c3da3e8fb2b66176160a379dbf502795aeb,db2d31cf0da9af91e699a6ab64ea88050a2d27aa77def05de7ebf5bfae5baf5a,1787333056661443759,group-00091,development,train
Nagpur_Region_Basil_Plant_Healthy/IMG_20190920_181944.jpg,Healthy,,300,300,05079659a9f31cf7bcfb05cddf9eafe8cdbced2e4453066510b7c7baf86d13bf,e1b42afa1f8cbd35d3c0948b47a7b598a51d321a886feb6244a850235b39cad5,6039964363283694078,group-00092,development,train
Nagpur_Region_Basil_Plant_Healthy/IMG_20190920_181949.jpg,Healthy,,300,300,fcbed0023f531b2a4aa851d78c846f80884e58c5cbea211faece8b5a167a38a6,abc79d3da82e69156103a9a078fc79ca4145d7d3203c9418639fac0578e0ae6b,6639943862361425150,group-00093,development,train
Nagpur_Region_Basil_Plant_Healthy/IMG_20190920_181954.jpg,Healthy,,300,300,e28cf2cae1f3f680c5049c32444832cfaa1ad249ca94242400bc6bb9f4124e14,b80fbdd3e73fb8e91d9251948003e9f0847a8f2e2ed3b6a8fdeda1992a9ed7c1,8133960063214900411,group-00094,development,train
Nagpur_Region_Basil_Plant_Healthy/IMG_20190920_182000.jpg,Healthy,,300,300,36f7da0b3d97f5afe65eb3867dcb77459a7e669c13fe04625cf5f83e51eae267,ae8c80de043f46ac14fe7f4bdbadc4c3870c39f527757338afc5cd9929007e91,7805252546709193198,group-00095,development,train
Nagpur_Region_Basil_Plant_Healthy/IMG_20190920_182004.jpg,Healthy,,300,300,d85c543713c866d032c09434d7357a9161f1bd8f51f152943cc03b46af576088,e8847039c1479eea5c367ad7dec8af164de3662045e39343502860931a1634b4,416298082713567674,group-00096,development,train
Nagpur_Region_Basil_Plant_Healthy/IMG_20190920_182012.jpg,Healthy,,300,300,cdbd71fc3c2b92ee2aa000331dba8d9952a97277d5830478610d68b33d9e4ce9,74b8d7de7826cf62a8a8725ddfe47a3927caf57feaae1fc1eafd261f8f19a35f,7258124550604751339,group-00097,development,train
Nagpur_Region_Basil_Plant_Healthy/IMG_20190920_182022.jpg,Healthy,,300,300,dc5786fce21341cd765c7643e47bd11e4904fe57a4e4e7c33769992779f59a7c,20e4cedf812572627490b430f12472e200b57569ffe62e64f4335726050da564,7631033538503280382,group-00098,development,train
Nagpur_Region_Basil_Plant_Healthy/IMG_20190920_182027.jpg,Healthy,,300,300,58607b26e34118dd4a549d51c6bda3ed4b5baa9a44cf4e55e7da3b79c0bc3246,e9353bba05e5b244964d5898b7688f25522e15fe1c7a4524e786e1831af47c2f,8685142790789809726,group-00099,test,test
Nagpur_Region_Basil_Plant_Healthy/IMG_20190920_182032.jpg,Healthy,,300,300,1f35099dd937a732ae58713de9e8937c1cfe508b3a3995bf4154f8a640a1217e,dac1cbcc6caf4fb5798e6a3cbb3422721f29a06679644599240433359759fc68,6679232242355687598,group-00100,development,val
Nagpur_Region_Basil_Plant_Healthy/IMG_20190920_182035.jpg,Healthy,,300,300,f4ce6fe11b425c5f8efdf8e70e970495ff89897d251257aad33d9dc2e9cf9d71,ecca5945c76284cecbf7d2306d80d91dc6edeae8d5cf2cba8b41bd0d7dd93afd,254281244720395499,group-00101,development,train
Nagpur_Region_Basil_Plant_Healthy/IMG_20190920_182038.jpg,Healthy,,300,300,2dc4b657ee8800da3505581ace4e9974dc931349a8396dbb0c0384670a38c902,d3c3586f382c75493f94b8687f8e1e0845046280040ad9ecebe888a502ed926e,902627938670974123,group-00102,development,val
Nagpur_Region_Basil_Plant_Healthy/IMG_20190920_182045.jpg,Healthy,,300,300,90fb8a11caa5f5b6f9c00373891a27aa016276a1719816e681cc3de9511f1d77,e6f4fa0cd570ec1efd4a4b1cc06664aa6b9185dd7668ab670477dd6d59e55cd1,4378601898492674490,group-00103,development,val
Nagpur_Region_Basil_Plant_Healthy/IMG_20190920_182055.jpg,Healthy,,300,300,fa2b03666ca8ccf67b671581954abd12df05aae2d37fccc346db35a0e2054304,a437987da631e797d8e3c3cb28946feda4c10d69f39df4c510eea07832c99469,644564399113736490,group-00104,development,val
Nagpur_Region_Basil_Plant_Healthy/IMG_20190920_182100.jpg,Healthy,,300,300,b0d730013ca292d2d8e2cf1bbaa0683b52e50fed8e5f5d4a01d0f9fda1cfeccb,22930819cb50e8bc9ecc92e2743a6c6d8f944e74bea23a1941bbbf367a630ce1,1356140758227132450,group-00105,development,train
Nagpur_Region_Basil_Plant_Healthy/IMG_20190920_182108.jpg,Healthy,,300,300,b4d4a45fff6b074637a92ae1efc1801b07ecd3ff8696637f6d81f4269c657baa,4fd747b21586681ae6bd1509e48cd15b9954709d530f7db338c6b5493ad426cf,5286534119159485474,group-00106,development,val
Nagpur_Region_Basil_Plant_Healthy/IMG_20190920_182116.jpg,Healthy,,300,300,8cf1daa80e98397ccb738931d9ebe52c7543a24469c4051559784d299ade28d2,fb52f440e45ec927b95043d97d33f38a9e116ccfe36bf4134fa5100fd516371a,8426382539573789163,group-00107,development,train
Nagpur_Region_Basil_Plant_Healthy/IMG_20190920_182123.jpg,Healthy,,300,300,eff344d9cbc208be8fafa10334f77ef24c1b9b02968a5e64236485e97285e033,0b53f786a77fff8e5850a8cdb541ddce14c0947e85f0daba332072f63dabbcaa,4256489666751418810,group-00108,development,train
Nagpur_Region_Basil_Plant_Healthy/IMG_20190920_182128.jpg,Healthy,,300,300,a2bbb23d557e79a51ae29f630d0bef779ff7c5bc594367f700ca206a5fa95592,ccf8c089fe05a85ba780bd148745e770dadf0a422b2f840ca7003c77151247c8,3699913828975858942,group-00110,development,train
Nagpur_Region_Basil_Plant_Healthy/IMG_20190920_182130.jpg,Healthy,,300,300,f4fb19f2c361c4abec8c82b7cc3f3b1c8c483087a585b95e7093555696cb8a8f,ce2426c5e3813e1155d7bf38823cf67a9b7df9c14e1a3c10698a783576298d6c,3733972301157324030,group-00110,development,train
Nagpur_Region_Basil_Plant_Healthy/IMG_20190920_182142.jpg,Healthy,,300,300,ba13c5137dbb54a80fe5fefd241b951e8f6ea6ce9fd39ad83152bc4d92e7baa9,3ba372761bf0d0cba4d76f6cb433479f01c20bb81154875c3432073a4b778581,3621903867461394030,group-00111,development,train
Nagpur_Region_Basil_Plant_Healthy/IMG_20190920_182145.jpg,Healthy,,300,300,de238b2aad1b7331c9498827dc8c23120c195dd9d3af194cb135de96242073fc,919d7c0b2fc6b369fc7a16db7b0912b024031fcdd617771a451246aed7a79783,1203324133318743678,group-00112,development,train
Nagpur_Region_Basil_Plant_Healthy/IMG_20190920_182201.jpg,Healthy,,300,300,7cc18d575fd804b754ae0c56acf7185ef89d9001b42326dfc91539b8c9a0d435,b1bd326381e869644256b396aadb62c3aab93b25d7095b63fcea362c6c886b26,3717050901843510658,group-00113,development,val
Nagpur_Region_Basil_Plant_Healthy/IMG_20190920_182215.jpg,Healthy,,300,300,4e6231a51422115cecd101c64a31c9a59e196b8fce068a4074142599cce41c34,99d79d697ff163dbcecb233255667567c0daf4a992d2c0446bf1e26467e91865,6049190870735027438,group-00114,development,val
Nagpur_Region_Basil_Plant_Healthy/IMG_20190920_182219.jpg,Healthy,,300,300,05001c36670b449d2d93d073cb6bd86ad560175c7f1f9aee4ddc9297acffa584,76a0cd2c3803332b49c55964bd9c34a853621701de58614111e7309b4be28cea,3591637112918259883,group-00115,development,train
Nagpur_Region_Basil_Plant_Healthy/IMG_20190920_182224.jpg,Healthy,,300,300,9d7d3589ca8e20c50905da873519dc8a0d7eee8b3821aad80d16cfb3f7990887,482c2a5d44068e6c72456e8f57ad2c4dc03e90d0179c724f5cf30fa57fa2dfc5,5081997452230149355,group-00116,test,test
Nagpur_Region_Basil_Plant_Healthy/IMG_20190920_182228.jpg,Healthy,,300,300,8332d98831c857a768cb6cd9faca8f5d8d73c63d0f5b01ad9509ccf7fa1a549c,d9a62eb667f0ed8638442f90d4219ffa3867b5e9beef4b8ea37b49b5aed58426,6395575698519167482,group-00117,development,train
Nagpur_Region_Basil_Plant_Healthy/IMG_20190923_181557.jpg,Healthy,,300,300,c3439a02abbfaa7df3b7dd56a70e6f318049d45b30134dbd3eb8fc9a1ddd14ff,5599af6733f5f1b016182f6ca9bf2e0ad939278a748f8b9ad54608429f120858,7273478511076410622,group-00118,development,val
Nagpur_Region_Basil_Plant_Healthy/IMG_20190923_181612.jpg,Healthy,,300,300,e736de440fff940373d09728a0f2de8180dee15f88f3abaaa7ac3a93d4075ff8,3277767e631bd45e19174e3e72180f9c158794f4041011b15c8d059b212a2527,2758944692621395118,group-00119,development,train
Nagpur_Region_Basil_Plant_Healthy/IMG_20190923_181621.jpg,Healthy,,300,300,ff576cea9fdf1fb4db0466775064fa4df654faca6c701cd8d3cd54f641dde204,4a571a836981c8c2e9b8e959b66c238ee2f97b4b63dd5358cfb997e0ac51a435,3345164225934017982,group-00120,development,train
Nagpur_Region_Basil_Plant_Healthy/IMG_20190923_181627.jpg,Healthy,,300,300,5dfd9fe09cf62d2163c4a5c2b2abc8b37c04c3049be22397cf92edc288f58ef3,0a9ed6113db21faf70f321e83443794b1c40200ca7f67ca53b6cdb33dc08f45c,1328044658913989114,group-00121,development,train
Nagpur_Region_Basil_Plant_Healthy/IMG_20190923_181631.jpg,Healthy,,300,300,65eee79d8038d7ef5dd6c8436a31d98ad9b2a8e8f2e162bf030e44d469caaa00,966985d0f3ad9f81adf2c6ad446bb08e209bf0db34412cf552107a133174e968,532165594071876091,group-00122,development,val
Nagpur_Region_Basil_Plant_Healthy/IMG_20190923_181637.jpg,Healthy,,300,300,9a2499edb04df42e3df828f01b5a056a66c8964b25ed2e7acfa873bb23ed6a24,6c458df626ab9f79cf10fdd112e0965bdde049431064410387c38161473ce2b2,2171618636040094203,group-00123,development,train
Nagpur_Region_Basil_Plant_Healthy/IMG_20190923_181655.jpg,Healthy,,300,300,cbbcf5a041d88978c3ba7046292711552702adb36a5f54c372a391817cd638b7,bbb914ca823aece8b589659d307d555096411b929172b3c232f78a79aca35f50,5512869840661814447,group-00124,development,val
Nagpur_Region_Basil_Plant_Healthy/IMG_20190923_181701.jpg,Healthy,,300,300,d21c15b98e083dee08839f2bae9ed3d64576e5906c33260deb7d85b4725921d8,62188fab6ebd518752c3719e7668e8fd645fc883bd6e65b664b67ab3d11e450f,5034059468183491774,group-00125,development,train
Nagpur_Region_Basil_Plant_Healthy/IMG_20190923_181707.jpg,Healthy,,300,300,3fb8fe186306343a2ca3c4c2485dde113a75ca1c9256a3d919ae6b5d4942e100,9161aa8f8cb8c2d6ba9b78044a0bf8ceaff3adadfabb374aa7ff97e07404620e,2542454313318667518,group-00126,development,train
Nagpur_Region_Basil_Plant_Healthy/IMG_20190923_181716.jpg,Healthy,,300,300,3f4662e6fa8e5f7b24005a85685a04a1b7dd0943b10eb8f3d7d8550e8760cf76,06233d6a892dd0a6244a1c109b8403f99b47b09ed2e718f02f6495658b9f1d0c,246656493877515502,group-00127,development,train
Nagpur_Region_Basil_Plant_Healthy/IMG_20190923_181724.jpg,Healthy,,300,300,f5a014ccac96cc3fa91af985a150b19b62abf7c85d3a3c6ec3bfddadae14b4c2,33f317a4d632e3b167d7f2b2e07435b1fcf7b7cd71c2c6901738785c021d553e,7044705441492878571,group-00128,development,train
Nagpur_Region_Basil_Plant_Healthy/IMG_20190923_181730.jpg,Healthy,,300,300,f25ef2aaa034993294ccccbd0fd3d2c0c9d0af3760fcd030fdb38c305cd450ac,69440df9c3d3aaaa023c8732810683f6002ae308aba6b0ca1be6228d0dd10e86,8106993296248992939,group-00129,development,train
Nagpur_Region_Basil_Plant_Healthy/IMG_20190923_181736.jpg,Healthy,,300,300,1fc233bee04518ef1d75469012c17f5db01b2981cdfb6107b837ac2404084563,2ed2db6cd295bf096a814ee8fe7a34de12b892c3fb72b507323ddc276d1e7d96,1336182035092665518,group-00130,development,train
Nagpur_Region_Basil_Plant_Healthy/IMG_20190923_181742.jpg,Healthy,,300,300,828e0460d64ea7968825b9c4e21c9c0023128ead3179593137a8279e37d76989,48c5d3bda77474ba124ab3503ed5968a66903c3260535f45367e1a0649c299f7,8300454248378061999,group-00131,test,test
Nagpur_Region_Basil_Plant_Healthy/IMG_20190923_181751.jpg,Healthy,,300,300,0b95b6e50e43400b97366f2b6cb0abc9bae08c994ae7b6490d7ed736fc5ec3a0,6d24cf347a7844e51116e4462bef886cdd99d9bab88f6a0e8b470ddd348914ac,505661907601749246,group-00132,development,train
Nagpur_Region_Basil_Plant_Healthy/IMG_20190923_181754.jpg,Healthy,,300,300,48a4ab91c0209b870887d89dbf160ee84317663bf7c6f2246be4223e4dce7343,91938c851620cff77128b1f18a13680a7d6ece83aed8397caed1bbc033a3ef40,493263792878001342,group-00133,development,val
Nagpur_Region_Basil_Plant_Healthy/IMG_20190923_181800.jpg,Healthy,,300,300,c27c61e16c71e42c68f09f484c02bd607ff8bdf4828cd014a16200ff10ed60cb,2e0fae095353972ea3c8ee0ce473dd05a9aaad85534df4a824d2b89db4bf7de7,3580551109323398394,group-00134,development,train
Nagpur_Region_Basil_Plant_Healthy/IMG_20191022_165053.jpg,Healthy,,300,300,c5a235460d217e41bb68506de4359c7f1bea36456e17fe4d36141fcd1b2a744c,ae2a40c49dfa7b3b02677f8414e3304cb2c180f2efa68e6ad7a5b5e9638ec87b,7391194588151731962,group-00136,development,val
Nagpur_Region_Basil_Plant_Healthy/IMG_20191022_165056.jpg,Healthy,,300,300,bf8598c319313015087663c44b7502613dd526eef49ceb0db27cf9b50042f13e,fa8a46fb888f53230153c59f5c0e455397ef93d33e71a054f32e2e187ac0f70c,7373171427908966138,group-00136,development,val
Nagpur_Region_Basil_Plant_Healthy/IMG_20191022_165059.jpg,Healthy,,300,300,1026bb82e3d950f9ed5871716731a584f485f8c240f8ac2ce06f14be29c691aa,763d4a48b9cc046a7db3a2afaaf7ca45c7b46dfce4ef7017764b8fec068700f7,4941318403334132478,group-00137,development,val
Nagpur_Region_Basil_Plant_Healthy/IMG_20191022_165103.jpg,Healthy,,300,300,a3aaf1033f12a367f346fdac4826545211953781a36f5f6faa7d97aea843842c,33a10e2da279f3cce17bb4dd1c5417430d689b9ed4530bc820ca8178d9de96ef,4068094739093050106,group-00138,development,val
Nagpur_Region_Basil_Plant_Healthy/IMG_20191022_165109.jpg,Healthy,,300,300,2a495f185fe98a606f5ebff430bbccf7548513f33a1a491d04f9a85bb600c5b6,5717510e8f0d15c0763dce308cfb258dea7d7e8afb48b43a9b97491688c826df,3225635187431191163,group-00139,development,train
Nagpur_Region_Basil_Plant_Healthy/IMG_20191022_165113.jpg,Healthy,,300,300,72737cc98cac3c1d20e2d23da47300cf224ab91136ea2388a9de6e81cf12798f,0308a12a24d2d94ec626a6e47fff1e8d21717bb1cd62a933eada34f3842529ca,8114468149663043435,group-00140,development,train
Nagpur_Region_Basil_Plant_Healthy/IMG_20191022_165119.jpg,Healthy,,300,300,1c8ef647d9f4a277dfd61909003c6cc4a883e995a4da816566ead25f211b388c,127c40de04baf7171a650df090c4199818c542f783dcaad1f4f61e207f5c173f,3910894217202109246,group-00141,development,train
Nagpur_Region_Basil_Plant_Healthy/IMG_20191022_165124.jpg,Healthy,,300,300,97bb5cc42f5d2f6bd49d5b1a10d4c15d739c226beb09c4c25438f4dd1792e73a,571071daf7cfabc3ca98f7d2067085e31b01a695b9200d4e50c831ef2ff751fd,6350575299569073018,group-00142,development,train
Nagpur_Region_Basil_Plant_Healthy/IMG_20191022_165130.jpg,Healthy,,300,300,a6903abb441a38865a2e002dac1bdafc7352fd766a7a624f51b55eb7512d27a6,11e63f8893ca87d30da5380e0a94ff4d7524314293bf26887152dd3981bfd699,900278307298624315,group-00143,development,train
Nagpur_Region_Basil_Plant_Healthy/IMG_20191022_165135.jpg,Healthy,,300,300,d0f0155133a24e864f00876333fbf3098fef4b757fb368c57040ec194b72f26c,0a341999b21a5373e9e2d26a03deb096997c841734d1a9e140bdbf13a09a6b45,5081781050037438398,group-00144,test,test
Nagpur_Region_Basil_Plant_Healthy/IMG_20191022_165143.jpg,Healthy,,300,300,d049e5b6ba7ee6a3ca347fb909dbba27f0307bb985df0d5baffa620e6759425f,63a9d1024090afd18f26857e0fd33e158e2618de7d9d2bfb345bff5666cbe4a7,6461687269711631550,group-00145,development,train
Nagpur_Region_Basil_Plant_Healthy/IMG_20191022_165146.jpg,Healthy,,300,300,08078b9fb93d3c553f7c02606d404b845106b64485ce1bf48fede468b7c686f2,f58f6e8a0aafa6c1a58fb16a5395b40dea2ce67e407063c0980ce22c59a48d5b,8679073676256744686,group-00146,development,train
Nagpur_Region_Basil_Plant_Healthy/IMG_20191022_165151.jpg,Healthy,,300,300,f4678a128a9961ec4676e3b5bd0cca7d394b65f4dbc78d103115633b0301874a,d20b854f6a155a181451705539e8422bd7d65bcb0da39e727a8c98cbb92a3bcb,7352646336511367726,group-00147,development,train
Nagpur_Region_Basil_Plant_Healthy/IMG_20191022_165155.jpg,Healthy,,300,300,8f648d8a376bf7e3d2c077cb70c5c2cc8c23d04f5ccd04c496253df5b06b1b50,4e4b33548ed9e380c5066dcf22c36544bab6797a0b52fe0fda3782d638b54d59,4841596430952588907,group-00148,development,train
Nagpur_Region_Basil_Plant_Healthy/IMG_20191022_165201.jpg,Healthy,,300,300,50b893d5a53fa3938210051e7a704d847f9caa9a82ae5ed10349f26716d64a52,62e90e0fc1928c32573c5143eff7a88ba05b151c5d58c1e7bc5f53497692282d,7245853803311141867,group-00149,development,train
Nagpur_Region_Basil_Plant_Healthy/IMG_20191022_165208.jpg,Healthy,,300,300,3633e9959a37eeb5d0c23d1e2f7969baf4b18cfc0e9ceec70da353dd61e7bace,f716daf0a7e2a13000b7fe5600fb7b739ce6dc1342c50f7ab53e1abf938faada,235813263609381370,group-00150,development,train
Nagpur_Region_Basil_Plant_Healthy/IMG_20191022_165213.jpg,Healthy,,300,300,b2f3b289363557fdf158e1e4f0805b54987128c3f98e81f10bedf74af6fbc3bb,98f4ce422058f2febd30c810fd4fed70f5f74eefb7a5394bf6448a69130ad1b0,4372529175251338106,group-00151,development,train
Nagpur_Region_Basil_Plant_Healthy/IMG_20191022_165225.jpg,Healthy,,300,300,3ab96cda2197513e394c6d97feaa495b7f02c23a50548ceff9d82c30d6b23190,365c435926c4bf2d0e83031705542989cee308f5f591fb4b5de6680df7d28609,5936172657139247068,group-00152,development,train
Nagpur_Region_Basil_Plant_Healthy/IMG_20191022_165232.jpg,Healthy,,300,300,7ce34187da73f50978bccd7797c65fce1557ae6727df19e01bba050f067305c1,26fa4b8bd96986f4bc316c4b11d03e873a08db529a6812b9c4ec96f06ef92f02,7649580041304272356,group-00153,development,val
Nagpur_Region_Basil_Plant_Healthy/IMG_20191022_165237.jpg,Healthy,,300,300,ce24881c39f8ee747338a4c76e0ad4be79d8d27dbfa66eab976beefc3016b768,057bc3369c4e0257f50f8698f6e0fbd53a9451c256579846b4daf19d514eb29f,1766134758961311468,group-00154,development,val
Nagpur_Region_Basil_Plant_Healthy/IMG_20191022_165246.jpg,Healthy,,300,300,39d2990f376049f584510d7b700103155dcb45b601485b3d5ba15111fdd840ca,fd9c0a8638f0ad0d5c8ff6235c4215e957a5a6635b9d8c79dde67da72c9ffcb1,5885890289816803548,group-00157,development,train
Nagpur_Region_Basil_Plant_Healthy/IMG_20191022_165250.jpg,Healthy,,300,300,49418f359fd8f430a18fa6e72381ea4ca42d32b055516e7d664fa6a828bb91d2,479a238ae3077eef39981d9b32e9e2a5479dde5d3d48d0ebeb544fc06471127a,6030005512251349212,group-00157,development,train
Nagpur_Region_Basil_Plant_Healthy/IMG_20191022_165252.jpg,Healthy,,300,300,256563a39896dde0a33208dab6c5f97a5e8b770c38ab778b3813b8deae25fb79,bf6ed6bd35f5d84d7c300ff2acf77c19ad7177d94d59fb491c2d2a4a8f36adce,5885890332765427932,group-00157,development,train
Nagpur_Region_Basil_Plant_Healthy/IMG_20191022_165257.jpg,Healthy,,300,300,638cc98c82c46702cb71ca78b373a634ac83e9b7c68667e201095caf9ccd2c20,21420db658e0aeb766ec4dab80bef335323e331c77190e45e143f44a442a1932,8953594672291506461,group-00158,development,train
Nagpur_Region_Basil_Plant_Healthy/IMG_20191022_165302.jpg,Healthy,,300,300,320280557353759152dcf367444437b6888b29b0413ff8d859e67703ada9227c,81630b4cc60ee7fd2f84263e66c89a4f317ecea2eae4b588035760ab11ed3b53,8386137117946520884,group-00159,development,train
Nagpur_Region_Basil_Plant_Healthy/IMG_20191022_165308.jpg,Healthy,,300,300,c72d10d6090b97c4ea4339ad61af933bb1c6627956a82f891c118fee18fa2098,28edb9c72b15179424760fa92bc593b29248b9121580452e72af0d3de8f42058,7064985380948001092,group-00160,test,test
Nagpur_Region_Basil_Plant_Healthy/IMG_20191022_165321.jpg,Healthy,,300,300,962ee35cac14c67a34e9aef298513d6ea653c2378f5891ebb2ba5b5dfd106812,ec73626419650a10fe499f945db0685fd62307eb4f8e0052d05f581632cf734b,1306536837588432823,group-00161,test,test
Nagpur_Region_Basil_Plant_Healthy/IMG_20191022_165347.jpg,Healthy,,300,300,be0034477a261427ab38cb4d09c6b869dab9132b21f7591a321ffe3f60e769fd,fa814364e4bdaca3805fc1d2e31080fa79ac84ad40e189159db0afbe803568e5,6388162944005006206,group-00162,development,train
Nagpur_Region_Basil_Plant_Healthy/IMG_20191022_165349.jpg,Healthy,,300,300,a0bec9665695a90ecdc0413c4b9a30f67ee5187080f8deed1b58e4e116711086,2ff7b228502bcaa6f79a9c1a4c0db33b1fe13f5e30dbd21b1df5a13e601e8a7a,1511594422415092606,group-00163,development,train
Nagpur_Region_Basil_Plant_Healthy/IMG_20191022_165353.jpg,Healthy,,300,300,0a687556ad8bf54a440cf6429652762d2c4c229af7d3b44f5aa61d765272dfca,cf9f4d7b59096f7da048206dbd2fa6bbc602fe5ce4ed59e15c02ef8d0604029d,7264457271685615227,group-00164,development,train
Nagpur_Region_Basil_Plant_Healthy/IMG_20191022_165357.jpg,Healthy,,300,300,ae8335c1eb483bde47072862d301db1746bb3477323847437dffe6df5f6490da,789ea40b691236ebf907930bd54e30f7b8bcefca637b766be5221022717ebfd3,5051267207167134526,group-00165,development,val
Nagpur_Region_Basil_Plant_Healthy/IMG_20191022_165403.jpg,Healthy,,300,300,ff03c7a438390a1397e2b320272105b83eaedc327773042d0f38ec1e03bc48e5,fee7458473c4bc97faf3eab35aa09f2f50a73b10dc9bc944dd4d81ff141469d9,5282956088261694206,group-00166,development,train
Nagpur_Region_Basil_Plant_Healthy/IMG_20191022_165410.jpg,Healthy,,300,300,f1e79754eb78d8c5d2b3b7d9a4f854bdad1ab62d1aacffe28f1d887ebf2396ab,af6a637757926f0946b0f3cdb30fe6e10c603044034fc77602a1f7996ff7c03e,138577058950504058,group-00167,development,val
Nagpur_Region_Basil_Plant_Healthy/IMG_20191022_165413.jpg,Healthy,,300,300,5b7c465182fa211a12c2338b40364f053a8b8f93fc385987db95a55edf46aaad,3470778a2b0ad789b0f3072534fe7aa00da0ee62f8b90ebfb880a110f9d15d96,5536616764017892986,group-00168,test,test
Nagpur_Region_Basil_Plant_Healthy/IMG_20191022_165418.jpg,Healthy,,300,300,9acbb82b5b884a67b64abe1cfcbe35268d057690dd7b3135d1cf8aa00b25f9df,d4c65a4d4c754fe67171c330b5cc9c0207cccff322d9dbbfe2d6296ce37b3af2,1427870823369560811,group-00169,test,test
Nagpur_Region_Basil_Plant_Healthy/IMG_20191104_104311.jpg,Healthy,,300,300,6ab2426d4a062236df81e74ef4e9de58998b09ede7c83d2db77564ad03257a37,9423107779b5e88f5ca13f6de981319533e7eb5e0b4ee44a3ef8dd473058c2ae,4655835678240794927,group-00170,development,val
Nagpur_Region_Basil_Plant_Healthy/IMG_20191104_104317.jpg,Healthy,,300,300,410ccead7193fd77d21ffad0936cfe732445f0bdfc36d93176a53838bd4a851d,84d36d2dd8ff245c0c04c71a86f3b7e151d1de42abb004f45e4d830f1b2110d8,2773670795975696815,group-00171,development,train
Nagpur_Region_Basil_Plant_Healthy/IMG_20191104_104319.jpg,Healthy,,300,300,0cd73e01f785a14339746b4c6231afa38a6f47c60c64ea5aed2c1036c4d63914,45d0bf473eb91cd03a3c5d5d2fa8261467427f604670d68a55278da34a254ef8,4771060463828068782,group-00172,development,val
Nagpur_Region_Basil_Plant_Healthy/IMG_20191104_104326.jpg,Healthy,,300,300,48304202875e89ded5a894a7cb9754b374aa60e86b4d02c52ca378963517e81f,4a6ee2f28abb4c72419e4f6c8f41a4a5a086517d3adf8c84258d84bc3d5b33f8,3901714503889011118,group-00173,development,val
Nagpur_Region_Basil_Plant_Healthy/IMG_20191104_104334.jpg,Healthy,,300,300,0bc94802d236d39358b32638b3ace79f8a1e83b79d8ca06bcf8558e8c4151a13,d1967766f813f9a95936baafca59ba047ad85656187a5dfa627dcd11fd91b45d,4755366438880319787,group-00174,development,train
Nagpur_Region_Basil_Plant_Healthy/IMG_20191104_104336.jpg,Healthy,,300,300,261192c8403a4c22497644f28fa0d1529fbacc54045e23e76b1125fc9b7ef4ec,b961c989beea259e6654996a25ec83667bd571b4111902d2548fe724f7769a57,8357608364440852523,group-00175,development,train
Nagpur_Region_Basil_Plant_Healthy/IMG_20191104_104339.jpg,Healthy,,300,300,25bc7a9e84a282119ba7c8342f334c7d3ec405f8561b4834163b9ca331b6dc42,1d1f44be171f688c84ec9e9ed485a09fe4446deb32707d7d77f0d258f2f6c62f,5313143405379098923,group-00176,development,train
Nagpur_Region_Basil_Plant_Healthy/IMG_20191104_104347.jpg,Healthy,,300,300,6e3b2a342b46e846eb5e65bb63d18a641e0446370dc4067ed96970f7e5ddc926,d3fbb5bad82fd91e53b0834d33b5b19978d3eeefb4e9d51a32ec0888366d21e6,1852261675307907499,group-00177,development,train
Nagpur_Region_Basil_Plant_Healthy/IMG_20191104_104350.jpg,Healthy,,300,300,94d74704fd212260cce991892e06c9aba4fe70d66378f36cb31f5444002833bb,ad2dc2e79a412704f0d032b4d08ede1618a62cb930ebc286d077bc2f21f3a1d8,1419133258528930219,group-00178,development,train
Nagpur_Region_Basil_Plant_Healthy/IMG_20191104_104357.jpg,Healthy,,300,300,2100ce27782355270366bada1aa37faa9614b69811dac700011d22380d6c6b2b,7bc013babeeef6d63dc6763cd37baddcdccf6c92201993c92d461d5e356b271a,5429284520932305339,group-00179,test,test
Nagpur_Region_Basil_Plant_Healthy/IMG_20191104_104359.jpg,Healthy,,300,300,7882982a5db224a33891067383b03c1131fa04fe478857c4af7e71e1e6ddd5f1,9701d91a5c2a9c4379640be633feb3609d03286e144e5b4a7a2b728fbcaac3c7,7444200052994607547,group-00180,development,val
Nagpur_Region_Basil_Plant_Healthy/IMG_20191104_104408.jpg,Healthy,,300,300,6a5a4f3aa66ba903f092e8fc26a46ff687071b2153f2240f40a4538c09cf8722,5fe6af13cec95cce75e751d94a55f4ae7f7698ee92f9743cbdd3cd2b2a82d494,4101721818544899243,group-00181,development,val
Nagpur_Region_Basil_Plant_Healthy/IMG_20191104_104410.jpg,Healthy,,300,300,d50588d3830b6c2c9785a9a0347d5366aad5e3df47cfd6c4832ec80c89fd1a24,b195e76065ca9be340943a07ef0470429db3be680664bdec893b523c70fff217,4178283013178786987,group-00183,test,test
Nagpur_Region_Basil_Plant_Healthy/IMG_20191104_104411.jpg,Healthy,,300,300,31838f7875b958ce282c7f817c1eb2e0f5b79b90f360faabcb4542226ee7c3dd,e96bcee9828f2e06f9d88057664178f9134e18606a0304210e828d942ddc9d88,4178283013178786987,group-00183,test,test
Nagpur_Region_Basil_Plant_Healthy/IMG_20191104_104414.jpg,Healthy,,300,300,0dbeca60369baa11853eba6fd8dc3e8fc771f97ca44aba5a99529cd0a8591eec,a750f75f33325c374074a028a17d5a97ee72dfcd62485022b2c2b04847287f3e,6391441507780569515,group-00184,development,train
Nagpur_Region_Basil_Plant_Healthy/IMG_20191104_104415.jpg,Healthy,,300,300,0342a23977b0e75b928bf0dcef3ef294a367565f2d2375ee4e91cbdb1e69cdc5,6189d7426596185f69281797ea68a49f5abfe3471eaf35bd7a43fc740d811e5b,6634565546831684011,group-00188,test,test
Nagpur_Region_Basil_Plant_Healthy/IMG_20191104_104416.jpg,Healthy,,300,300,7244653a3f4df657c794a99c259330bd58412ff6b193ebe0899cac1ea34fb74d,6f1d91f4bc76bfc6f774a7f8964e82c5b08c6a4e5f4a97d413caf1e860f51c3c,6670594341703164331,group-00188,test,test
Nagpur_Region_Basil_Plant_Healthy/IMG_20191104_104416_1.jpg,Healthy,,300,300,351306b6d0c9c6018a6f31e72494c72359d0dd4ffe672f35c872ff50cfb86eec,b0e9aee7faddc014b1b56206db1651790f1551607ac7be3a597e48ab24eded57,6634565579043938731,group-00188,test,test
Nagpur_Region_Basil_Plant_Healthy/IMG_20191104_104417.jpg,Healthy,,300,300,94353dbbabf220aea8a5f0c28220be1f3f3551fa8bb6b9e72482cf50b8cb21e4,6f63694ca67fcbaf1bb61ca21e4bda9cff1d069fbee843f3a43f02592c6300a1,6635128528997360043,group-00188,test,test
Nagpur_Region_Basil_Plant_Healthy/IMG_20191104_104425.jpg,Healthy,,300,300,01e8b30bd5f8805e9142ae544681fe2689642e090d8d30c3beace6f7bf6eec09,cc1ff4dc8f6f599488f08470e20397d35236780979358904b15017e08a80dfc4,1412296805640964907,group-00189,development,val
Nagpur_Region_Basil_Plant_Healthy/IMG_20191104_104426.jpg,Healthy,,300,300,93dc934dd731daf261255a2f98712b488bda8fe2b479b3affcddfd41e0ad9fff,2de4433e0340a15222d658fa48f98ade1e21d560c16ab827ce377931935c7323,1349246067528829803,group-00192,development,train
Nagpur_Region_Basil_Plant_Healthy/IMG_20191104_104426_1.jpg,Healthy,,300,300,eb44b33768ccbd6b5a140f09e9737da6a093048330c00a22a8fa45cca55fda5a,005e5f1c96369edf2b2642e6cf1f9de8122930c7e007cda97f70e0e57d4c7833,1349175767504128875,group-00192,development,train
Nagpur_Region_Basil_Plant_Healthy/IMG_20191104_104428.jpg,Healthy,,300,300,8bf59cf12daa2dcebecf9b81a26a44562f809b5b1f786804d2517dbef1e1c1e7,21625daff0e2dcf3f0cfd9be8c687ea030cf6c9fe075ea4584a747e6db7bb4ec,1637406074936363883,group-00192,development,train
Nagpur_Region_Basil_Plant_Healthy/IMG_20191104_104446.jpg,Healthy,,300,300,c163441ec8506d6aa4a41664d2f46f60c6d7e1a36d1d68d4bc132c553657d312,f50bfb6c238d806cb9f4669e85c0719a15548c669052351713a0c89a0dfc0dc9,8784348465570548923,group-00194,development,train
Nagpur_Region_Basil_Plant_Healthy/IMG_20191104_104447.jpg,Healthy,,300,300,fbb07da8a462cdea3dd4f9001a1d63da1ea69140d6475f870c6a3d6fe66c118b,45198270d91439ba42aa27642c45e82aee5c7f1bb2eb2caa8c170f7c433cc404,8207887713271319739,group-00194,development,train
Nagpur_Region_Basil_Plant_Healthy/IMG_20191104_104448.jpg,Healthy,,300,300,32fde5146e0e9a8ccc51e67883d287aa8618e77498fd1d43c16be75a1c902512,55a7e77d6cce72e92e89a12a9a1e8c4275405f0465828c0a12efb83bafedb09e,3596241277258468539,group-00195,development,train
Nagpur_Region_Basil_Plant_Healthy/IMG_20191104_104455.jpg,Healthy,,300,300,6d4c636052161348bcda86b365a4f734f295dc62eb44b5e2d6ad16e598d6f5de,81c6ad429c059b707edb50834ddd92740cd56f65274f129bc8bf703dd83966d4,7059460680166011371,group-00197,test,test
Nagpur_Region_Basil_Plant_Healthy/IMG_20191104_104457.jpg,Healthy,,300,300,eea6f67a0459faeae829c4d9f97b9a65519f678b9963170158946f046bab4c20,1ce421a3ad826dfc5cfbc3bfed33a50aa2350efdb08020d565c9652518d76f67,7059443362857873899,group-00197,test,test
Nagpur_Region_Basil_Plant_Healthy/IMG_20191104_104458.jpg,Healthy,,300,300,3cce4103c4d2c3500d6b7a158bb2f2be7a086ca879cafa6ae56e350ef50985be,9a786c78dfe66799a0a7e75cd6f93276426d08a6468e1a90fdbffb66496ba606,4895615337139139051,group-00198,development,val
Nagpur_Region_Basil_Plant_Healthy/IMG_20191104_104503.jpg,Healthy,,300,300,2352dd9c77f64b35351243dc170993478748a3692c1b63fa1d475f4899546a54,f9a900d527902c285401e5bbe927272f2a010115ba8de013478f9e6283e03fb7,5422781410358809774,group-00199,development,train
Nagpur_Region_Basil_Plant_Healthy/IMG_20191104_104505.jpg,Healthy,,300,300,132a8423d5f250af8b18c42afd2d203c645efff01a4106a002738811bcb03897,d7fe5333aeb8efa4ca39593a61e444cc35aec5e0eb3ce66438527e5bc190a91c,5407616945451390126,group-00200,development,train
Nagpur_Region_Basil_Plant_Healthy/IMG_20191104_104522.jpg,Healthy,,300,300,0f5698ffe75e2a55c8e262ba4fcd0f147d70b10d93d21b3ba097c23a85b77d63,6a75c2b32f99fa772875e081efe922c192f4bc9a71390c78508188041a3bde56,4254010082556479982,group-00201,development,train
Nagpur_Region_Basil_Plant_Healthy/IMG_20191104_104525.jpg,Healthy,,300,300,24442041d2cbd3e8e662d0c14ef932a3f8144ee7f6145bfe5fcdbec311b4a3e9,310f6206ca806e37883373f8b85a62b11ad52f15c1a6df770be5e6609d214bd0,6777675355912439230,group-00204,development,train
Nagpur_Region_Basil_Plant_Healthy/IMG_20191104_104526.jpg,Healthy,,300,300,1172269ece449c5e7567d415c38a85eba937a73119b5bba576498848e3965ee4,58222d8fab08dd4d1c2d0cc58b4c9d2d7a64d3062fb5f49ed7037684d1d4822c,6777679749663983038,group-00204,development,train
Nagpur_Region_Basil_Plant_Healthy/IMG_20191104_104527.jpg,Healthy,,300,300,62c1a72faa37e64acc6f99f97ae516758b8014203408d5fc5465f38298bc862d,be1c4e5d3e97df3a74e3e2782810e4c599c43713bd8b81a38e57dc7de920c376,6777679887102936494,group-00204,development,train
Nagpur_Region_Basil_Plant_Healthy/IMG_20191104_104534.jpg,Healthy,,300,300,aef74c446406a72d626af47ab65a92e953ea4f6b0001d70b05ad36286dd053f0,6a87afeaf51c969c27780d1c3d721550bb3de127a9db256d42dc7d4f38220d67,248361023968244923,group-00206,development,train
Nagpur_Region_Basil_Plant_Healthy/IMG_20191104_104535.jpg,Healthy,,300,300,eae3da8368e0c4ce91d405f42e8042b25846af60d6f86edc6af34c08877a7f67,443d43ce992f63e570125510e091009f5adf025f74eb409ce0264a9e8d288020,248290655224067311,group-00206,development,train
Nagpur_Region_Basil_Plant_Healthy/IMG_20191104_104536.jpg,Healthy,,300,300,b5db5f58776ce074758ba9267402fd81e37bcebcc4713503344addeb4d6f53f9,be65cf968e01bc00c75a520c0ac12c6285d0842e70d8d6e7f10458cf6ac1ef60,4846948570173142203,group-00207,test,test
Nagpur_Region_Basil_Plant_Healthy/IMG_20191104_104539.jpg,Healthy,,300,300,accb0e3a311c6453ea67e9eafaf890877b076598121f5787a5144f21ceb840df,59347fce00d8e660330684c27432f3cb1fa01533190f2fd3a32acc52bcb986af,1388184072320971963,group-00209,development,train
Nagpur_Region_Basil_Plant_Healthy/IMG_20191104_104540.jpg,Healthy,,300,300,ba0498b2fc2f40b1eef889970d84928439cdd5b44135682029ee7b1b8e8ed653,74345b54e8b2b6f7f99202f4c09d30579978bacfdb74c6e412f69698934e8efe,1604361252480742587,group-00209,development,train
Nagpur_Region_Basil_Plant_Healthy/IMG_20191104_104543.jpg,Healthy,,300,300,19f047245048dbb65b2577b85d17b7f8a7506ddc4ea675822fe5a033daa7c5b8,2d8981dda198d6b80d8b3e1de744488118c5fa6198305e1355cc2be731ec853a,2758101018553717227,group-00210,development,train
Nagpur_Region_Basil_Plant_Healthy/IMG_20191104_104547.jpg,Healthy,,300,300,9871b053cc70268e232bb3f9b6cf29985964b77907970891e8076dae13de0ddd,7bfd77ada3793acb6acce3795a9ad02d2f438b61c9ebf17390b099d0fc9e720b,3893254552692539819,group-00211,development,train
Nagpur_Region_Basil_Plant_Healthy/IMG_20191104_104559.jpg,Healthy,,300,300,d29c208b4703392985852947308749689c83c49e28cb94f70bb6b29812d45599,332bb73dbd208b26e88477942d0fb3800a8a88d1452ca074136afdf77f5cfe7c,2430935999229760683,group-00213,development,train
Nagpur_Region_Basil_Plant_Healthy/IMG_20191104_104601.jpg,Healthy,,300,300,3c9be33ddc5029979fa9430acdcd70c05a7dfe29662b9918d8fb3bdf29b5a9f2,5c605d85be3d0b3235362f71a40be16e0757cc39c8dd7b25755124fdaf824cf2,2430935999229760683,group-00213,development,train
Nagpur_Region_Basil_Plant_Healthy/IMG_20191104_104602.jpg,Healthy,,300,300,5bb1e02a113530ad57f9e8418a402cf64fe8a68d989e4ef12b97099d7b34797f,798758c2c27dce10b4ccbbd67d9658d7d6998266462c72a258c0f91caacf2c23,2448915212289283247,group-00214,development,train
Nagpur_Region_Basil_Plant_Healthy/IMG_20191104_104607.jpg,Healthy,,300,300,0cb566483ec7ea8ca02de55eb7596530bf6d6b1868be7b4b2dd8e8a2abca1f28,352d942927777716410405078bcde5db84db5c1bc38954797be3d24544b6126a,6108265565443637758,group-00215,development,val
Nagpur_Region_Basil_Plant_Healthy/IMG_20191104_104608.jpg,Healthy,,300,300,51564df5f70fe99f5cf49eb833221c7ed400de20a4306214066ca3d70791776d,a225414f61ad814183d28562f9f391bb244ac4f825301ee34821706ba07c7f56,5829036340695974398,group-00216,test,test
Nagpur_Region_Basil_Plant_Healthy/IMG_20191104_104613.jpg,Healthy,,300,300,a743bc86ebeee2bcc1c9a823366a5b5a270ebd08ca805efcf12ffb4261522378,edcacfd8c6acfcb4bd2dd476058d9634352dd4628713d5b8112fcf75ef763caf,8506668547650110635,group-00217,test,test
Nagpur_Region_Basil_Plant_Healthy/IMG_20191104_104616.jpg,Healthy,,300,300,4aa22a4e5c69b0f29d7516fe7cf7a1ace719389048d93366d7cc59f4946c38e0,42ef8f7edb690e1c6d3ef9bc952d9a0c452780929684c1935d544e91a05a65c1,6777391704487757051,group-00218,development,train
Nagpur_Region_Basil_Plant_Healthy/IMG_20191104_104623.jpg,Healthy,,300,300,4bdce47eb08603ecf9c6d68dc90c1a41735c561c6d5048693a9e8bf9f8f498dc,817ea77b32fcb3c1795e92d7772ee8e5b47019043e958a74ce3c35980dcf83bc,8745466017771574459,group-00219,test,test
Nagpur_Region_Basil_Plant_Healthy/IMG_20191104_104626.jpg,Healthy,,300,300,2156e6b750b4f06e624c30c549132856a208f4908f32941f016770cc1ec518ba,b11038e55897b15f17234fafd89565bce244169f22b7112a4f2252ddba530bbd,2924529035575219435,group-00222,development,train
Nagpur_Region_Basil_Plant_Healthy/IMG_20191104_104627.jpg,Healthy,,300,300,e1b849bc0550debd131960358fe44d8dffc0c200db3c08a6e51762a584518cf2,640d21f3b35c2f624d07d7991b28cfa8babce656ad7c7753fe8a27b4b15f1333,4329652187228984555,group-00222,development,train
Nagpur_Region_Basil_Plant_Healthy/IMG_20191104_104628.jpg,Healthy,,300,300,0d0a982a28f11c24d46d29c32c72ea8a9ccfd8cec3a30509b8b591c895bad6d7,45a271aeef5dfe7ba923bb2b892098be7711f8ff561af8f04fe9b875bab0677c,3212759479909535979,group-00222,development,train
Nagpur_Region_Basil_Plant_Healthy/IMG_20191104_104629.jpg,Healthy,,300,300,6edad3b1c4dc6901b3b66b88de3c050c5c9438e2ae4a9d27dd8e3a6363fee7d7,5d3e3c5c956cfe2352ad68bf31028bba42191719162af166c7beeadeb45c6851,8698141489580396795,group-00223,test,test
Nagpur_Region_Basil_Plant_Healthy/IMG_20191104_104631.jpg,Healthy,,300,300,ad21125bb37880c0adf6cdc5e2a0298cf0f41f23e4ee06ff20b0bb4bb952ec55,86e9ae84a28e177573f557690146613a171e720c4ee3271235a968a0cb6a3019,2420204526032749999,group-00226,development,val
Nagpur_Region_Basil_Plant_Healthy/IMG_20191104_104632.jpg,Healthy,,300,300,f34d370ce576a1aa5eb0507f3f9cdb97359fb7fceb60882127be0b2a3182acce,c06a2b387a2b7c024a7b6f2a146680dc578c6275afc91ed1799e628bcaae90bc,2422385957102257583,group-00226,development,val
Nagpur_Region_Basil_Plant_Healthy/IMG_20191104_104632_1.jpg,Healthy,,300,300,7b95e24c7cd99c154e6a1778b79bb15d7cbd98e085d850fbba53e026d5be7eea,a97053d7fe98f15c1061aa292dfcd0469532923d59c275976b8dba04cb03a74f,2422385957102257583,group-00226,development,val
Nagpur_Region_Basil_Plant_Healthy/IMG_20191104_104650.jpg,Healthy,,300,300,811dc2e12e86beee2d53a34b6ca7679431f9492e6f2356ac99fd531fc3216b7d,bc5e21c45b830711ad39cd5d1edb35b220c6f191831308b858b4a3d5fa35a091,2633907212456445371,group-00228,development,val
Nagpur_Region_Basil_Plant_Healthy/IMG_20191104_104651.jpg,Healthy,,300,300,94d1291cd1756bb09db2435cd9fd18e0dd4f49ec5d3a24cf9f588f5cfa8de8b9,036a43b0ee362cfd0ebac775a39eec72fbff1f32232b7827cd7aab6382423ea2,8398514733326419387,group-00228,development,val
Nagpur_Region_Basil_Plant_Healthy/IMG_20191104_104652.jpg,Healthy,,300,300,98e4fe5fb9c59603a3e6f400fd2a04b3987c931bb7c37fde88c4a8c0c9d27c64,1da625f28bc22f8aefe34157fdb114d301e1b7c58b3bd75c1125e2bdd5de35c6,7271295309850740203,group-00230,development,train
Nagpur_Region_Basil_Plant_Healthy/IMG_20191104_104653.jpg,Healthy,,300,300,a6fd0004f757849f6016a59f53eff43c3ee4dce8db217c08d46deadb45ef3e62,4655f29807f49441ee2cec562489397558b46271c44c6249420ffbc932b8273d,7266791710223369707,group-00230,development,train
Nagpur_Region_Basil_Plant_Healthy/IMG_20191104_104654.jpg,Healthy,,300,300,613dc5c90375d077633193a74aab1fa2a44372973c53440bcb1f9c8340c1a76d,0d424b3019f40a5bfec7b056cc9677e2e3ceb9e503e799d766974728cdd2fc93,4956445098179954155,group-00232,test,test
Nagpur_Region_Basil_Plant_Healthy/IMG_20191104_104655.jpg,Healthy,,300,300,543f40865fb636cdb8aa1e6addd0865d1307f785390993a3aee3707e68ff2d8d,f48f9b14e94957b6c3a73d0441830508ce89542a9d90c980784b8c2a2816fe0f,4960948697538762219,group-00232,test,test
Nagpur_Region_Basil_Plant_Healthy/IMG_20191104_104714.jpg,Healthy,,300,300,8d3718db3ebf2533280faee9c0d77e3a26a197ffde52f1b7e18a7eea997d3584,a1f3edc1ac9ebd281c595d4a8202e3324850747c7aa60babd8b7d679c0b60a2a,8505223206369812623,group-00237,development,train
Nagpur_Region_Basil_Plant_Healthy/IMG_20191104_104715.jpg,Healthy,,300,300,ddb2c11b7642f29b1198387861abfc78e5e6e7bb6a173babb577ae70f87bbee2,f61b9a37654bae593841a4c48e1b5f6524fd2e515fae4d350f028702a07a816a,6199397789342167183,group-00237,development,train
Nagpur_Region_Basil_Plant_Healthy/IMG_20191104_104717.jpg,Healthy,,300,300,4619549e64a5c288fe24dbdd6800a3eed068c2a0f1f56690b022ea863a351687,1ebe714c70d5311304744be8e5f2e379c77652e5a78e0827c25104e315a3f30b,5082505081754284175,group-00237,development,train
Nagpur_Region_Basil_Plant_Healthy/IMG_20191104_104718.jpg,Healthy,,300,300,459b6abcdbeb182ee56691407598ae0cafb715c7d4b45671fbd2fa5a4f4e4d8e,d09d1408681f57017c32e413ac52cdc16c98d4556d881bb1f77ad0941f6f2f4d,5082505081754284175,group-00237,development,train
Nagpur_Region_Basil_Plant_Healthy/IMG_20191104_104719.jpg,Healthy,,300,300,66d6be073ef07fdb41d81f901fd3af6eee7b2f8c81a2274bf58a827b7c9403f5,251f830e45679caf07db36dedec5b13c0f9893d7c20ee5de58172ccbe035ff9c,5082505081754284175,group-00237,development,train
Nagpur_Region_Basil_Plant_Healthy/IMG_20191104_104721.jpg,Healthy,,300,300,c05cb2fc8eab24f0a42226b4b36fa1d9be1ef3fa7dd50745319712d311af9f49,2811c6d489cc4b095104acff19a5093a621da20eef7c5e788af1f4d8ae0eb6a7,3911551312524785807,group-00238,development,val
Nagpur_Region_Basil_Plant_Healthy/IMG_20191104_104724.jpg,Healthy,,300,300,5234a0c9155ef8a4d2ebbf7b867ba430b3054499b46ae71d213a599099951453,d1fb831952ec13c92e54d83902e0d9d0795ef4eba50866dde990cc957797612c,367262936672933965,group-00240,development,train
Nagpur_Region_Basil_Plant_Healthy/IMG_20191104_104725.jpg,Healthy,,300,300,c8110aada76f4705b7e5fb424b9a42527b3fc9d7eb6721f6fa927d7db15e7199,76ab06cd4c2ce5297412dfe35ffa04b0e08d2ea4cf733dbeafea58a581835076,403326916989720653,group-00240,development,train
Nagpur_Region_Basil_Plant_Healthy/IMG_20191104_104726.jpg,Healthy,,300,300,98a4d513223f6c6b6c8c8d40a999808d01c49339ffcbeef3c6aac8c4c18483b4,499934c54af278d8e2450eded1c1f4f900f79b18abd03a636a0f76a42c2ad509,5135409728777870364,group-00241,development,val
Nagpur_Region_Basil_Plant_Healthy/IMG_20191104_104729.jpg,Healthy,,300,300,8da3e08f600589aecf0cac36619059559091d5e9cc19e53bea3d9fe446d2566a,2e525c314d5422477e228f7b1765932b3b47de2f479b56404d7323f7ba49140c,428835583533420641,group-00242,development,val
Nagpur_Region_Basil_Plant_Healthy/IMG_20191104_104730.jpg,Healthy,,300,300,42159de58c3adf3c56ceee2e7b4a2a14e674bbf35ecb1e75b78bdaeba8e41444,bc444f215d55a67457e19236e110abdbcc0b0c140b0e32ee665e1b7a46c9377d,1284519787074334765,group-00243,development,train
Nagpur_Region_Basil_Plant_Healthy/IMG_20191104_104732.jpg,Healthy,,300,300,163b61abc1a6946d8ffdd374baa0cd796da3a018eb8ab20909532a74e78e74a8,f8a0912b7dab3208d593084192c7aa9a10791f7cd15118e482571f817c1cd0f6,3997107262311877637,group-00244,development,train
Nagpur_Region_Basil_Plant_Healthy/IMG_20191104_104735.jpg,Healthy,,300,300,a221db5a5509b7ed23051eb8a0f7b04f43267e7150a5d829a87e39dd2c9aabf3,04da1cccc77fc221006068d34af6d0e965a029fea62c675a56fcf8c4fbaea70d,8617800359198321665,group-00248,development,val
Nagpur_Region_Basil_Plant_Healthy/IMG_20191104_104736.jpg,Healthy,,300,300,257b5fede59527e0c4f864decdb646756ae154a52055a5fe777f89e1b49820d5,a8064d287d7430728e5260fad6db6705d233c8991b6fc02800888af9ab983ec3,7482893253100694533,group-00248,development,val
Nagpur_Region_Basil_Plant_Healthy/IMG_20191104_104737.jpg,Healthy,,300,300,2574abf7057b57ecb74c5fb8ac8b3cf94cbca35ec5a47efc4bd5789f9d53c57f,00190c79e1ef03acc5af399587e51cdfbf0a068ee90ef2771962416c6f9b01aa,7483456203054115844,group-00248,development,val
Nagpur_Region_Basil_Plant_Healthy/IMG_20191104_104739.jpg,Healthy,,300,300,1ea849d46837b21f615a5d176730146110c15ab5b1832ae32d692c8b7cadaf93,0d9e573c2c964e31862b3cb1ccbe036e09867dbb846e6857b90bbb0b16459e16,7484019273266621444,group-00248,development,val
Nagpur_Region_Basil_Plant_Healthy/IMG_20191104_104742.jpg,Healthy,,300,300,fe3a1e56111702a75820b1e1a7b0786fdf1ba92b4721956bb629cc543546533d,ec2568c0f91280497ae6ad727301e13a70034ca814ef5093e283ed5c7584b0c3,2543908819241179168,group-00249,test,test
Nagpur_Region_Basil_Plant_Healthy/IMG_20191104_104743.jpg,Healthy,,300,300,7e51982e528c1dedd726b79d81bd66eda2868c9214d962b69a1e31604ad6ad2e,36d85c336411ed96a846a37900bef33d259681f7527d248eb839212b3f3c57cb,5590347083913270309,group-00250,development,train
Nagpur_Region_Basil_Plant_Healthy/IMG_20191104_104746.jpg,Healthy,,300,300,db2739f6905a6fde216bb381c0457510e573e6295819f95e815479d3cf398f9a,8a636d5933c3ac4f698c5d8d8b0451bc360375dd51d6e12811bda2a55b074f89,5302129936260839461,group-00251,development,val
Nagpur_Region_Basil_Plant_Healthy/IMG_20191104_104748.jpg,Healthy,,300,300,b9218824031f955a2b870acfa06ae55318a1db96f628a7ff95aabab4eedbf188,37a2f7463e06ffaeec0c577ea8402ecf2a010680d0ee7054f38f208204eef770,4259780473826488361,group-00252,development,train
Nagpur_Region_Basil_Plant_Healthy/IMG_20191104_104756.jpg,Healthy,,300,300,948b4c718217761485cdec6c39ea80a88becc1bf87d776a0dce484372dca36b2,bea8a605f7b33692567871394d94f37ddae08569abef49379066e27b421e7cce,5286251449550894080,group-00253,development,train
Nagpur_Region_Basil_Plant_Healthy/IMG_20191104_104757.jpg,Healthy,,300,300,f832aabd049d474bbef0181e503b40a3fe0757f95b7a57250e64b1c0d976dc98,2597baed60b6a9131e684536c6845282c3401f57fb78c9538b8761c160901861,5286313022167186960,group-00255,test,test
Nagpur_Region_Basil_Plant_Healthy/IMG_20191104_104758.jpg,Healthy,,300,300,6082908af237dfba9af850fa526a3430c8012c7e9396c825be925bd364fe33ce,d2b2a217b78223122b523a50b3aaf3be657633855dd551f5a0a388ec889d54a8,5286313022167186960,group-00255,test,test
Nagpur_Region_Basil_Plant_Healthy/IMG_20191104_104802.jpg,Healthy,,300,300,12e8b4980701e094f07dc1d9a0881d8b822ed0c03bb24177ce6e28649435848f,4e6c117efcb94ac90cd4b010ef8997c9b75f4b850a2a06016965f794e0825059,688643646860750848,group-00257,development,train
Nagpur_Region_Basil_Plant_Healthy/IMG_20191104_104803.jpg,Healthy,,300,300,c66c563d1641785f31963d2a126507cbc3f1fbfb07d32abcd01917ed9bb12414,7cb0e893260fd9903038942dcd61017d81ff20ca268498c8600463745776eaa8,2418017107677999168,group-00257,development,train
Nagpur_Region_Basil_Plant_Healthy/IMG_20191104_104804.jpg,Healthy,,300,300,cd83d24d20eb7e706e91ab4693ad69d223b9f7f4ce3de113ee060a65c6954f66,220990ed92d1783b015f43edef528931d3a1f92ba1be1afc42359910c6036962,3859457953835970624,group-00258,development,train
Nagpur_Region_Basil_Plant_Healthy/IMG_20191104_104805.jpg,Healthy,,300,300,23687770f1a4342339c962117481ee31cbfcccb6eaf7c1e039dceb89ed8d9d49,cc24324575a402d0f7d01d24a84c94b4b8736995c3caadbf806f3543e9aecd75,7608693925061754880,group-00261,test,test
Nagpur_Region_Basil_Plant_Healthy/IMG_20191104_104806.jpg,Healthy,,300,300,5b5ee963cb76faf90b247a5aea943182d4e8d6169ad916c4371848bdc16fb304,cd849644ee8f167bb983dbcd39ddc6f8ebc0dbfb11c2e50f4f9cb3089fcee75a,7604207986306351104,group-00261,test,test
Nagpur_Region_Basil_Plant_Healthy/IMG_20191104_104807.jpg,Healthy,,300,300,0401ec9a5ae4f9769ed2208fa516599fbdcb9aecd8d939c79b432b94d83f01fe,7800b99278ff3be6643eef4ed5c6c0365debb15967f3c6298f1d80911ef46bca,7581689713291591680,group-00261,test,test
Nagpur_Region_Basil_Plant_Healthy/IMG_20191104_104808.jpg,Healthy,,300,300,606d06bc2dd5350c65e3382bacb993cb28adf1581199477549b31055fd9c0ba2,78c2783943ae3067687b9cd7669ee982712e5720a32a41d8560c68d0e232c9a8,1984591566609547264,group-00262,development,train
Nagpur_Region_Basil_Plant_Healthy/IMG_20191104_104810.jpg,Healthy,,300,300,cd6d57509c6c3c3b9ee785b769dfe6620b0d52d926d90f538c1516812aa10307,99b95efdb1744b3f24f03c9f14091c6908a37948870935d14eba95754e3d0d2c,1049056149560594496,group-00263,development,val
Nagpur_Region_Basil_Plant_Healthy/IMG_20191104_104812.jpg,Healthy,,300,300,77095713a7c092accecef006959318983b3d041ae5515c0f0236baec66057b30,749fbd644b2cdb1ab56acd53a4cecc31b8e329f1481f90fee6dac9dbbf4ccd9e,1013027902968266816,group-00264,development,train
Nagpur_Region_Basil_Plant_Healthy/IMG_20191104_104815.jpg,Healthy,,300,300,805dad3f0a33c943354a1375188e88e3235ca047521c2596e2dfba62a4bba732,bc05f3dabd4e6d745f05aa8df6412e9ba6158c18a0c097b49dd731efe08b4931,868895139752022112,group-00265,development,val
Nagpur_Region_Basil_Plant_Healthy/IMG_20191104_104817.jpg,Healthy,,300,300,2b252c83e4568ef76a54ba126cbada73cab9bf5996f28b6d2a76dba4595cc3c9,2f87b2126712ce2f3a1db8c92e07fc2fcb8cf8caeadc37bcc01197af6fe84ed5,759973119858016352,group-00267,development,val
Nagpur_Region_Basil_Plant_Healthy/IMG_20191104_104817_1.jpg,Healthy,,300,300,b01742b6cb8b7e982aa65246ee4564a5ff10227e31b71066a47db04f8a1db19f,cf0d05b7bcec42bf181d7c2ed5c5c27bc82f658cc31f15a82813fc38705f379b,777969926181453920,group-00267,development,val
Nagpur_Region_Basil_Plant_Healthy/IMG_20191104_104819.jpg,Healthy,,300,300,a39edc407ee4c3032c77e7d7d01e821a9762fc44cdc12503a299d0cf83239571,338b933e8679f873d0fe76e578adcec770857123c19e82c1330640db6d830c34,5675564153007996960,group-00268,development,train
Nagpur_Region_Basil_Plant_Healthy/IMG_20191104_104819_1.jpg,Healthy,,300,300,00c90a1f2b76609cd9f0a9239b3829c564d106feb002b140e3906e8733f46426,8e4bcdf5f196462c9472d14bd26599235fd2cc6b399d1bc48a652f160998c1ba,5585228277669922848,group-00269,test,test
Nagpur_Region_Basil_Plant_Healthy/IMG_20191104_104821.jpg,Healthy,,300,300,9275c1b6fcc4df1d655648244ef21432cd05af2ee6ef8d6a12617d40d1a24111,796ee6eadee1a2e2fe7077d06bf5e0d632011b4f7998386be8070af506a54c38,3243426840651464736,group-00270,test,test
Nagpur_Region_Basil_Plant_Healthy/IMG_20191104_104822.jpg,Healthy,,300,300,61d26ccc7ac90486892c05411c30f796895b61d78bc53757b2a3813edcd0952e,1d51198c8ac12248f248ff05e61567fa1e5f8715e33880c8911e07b53d94b84b,7890517116309176400,group-00271,development,train
Nagpur_Region_Basil_Plant_Healthy/IMG_20191104_104823.jpg,Healthy,,300,300,33387dc19f4bd825c60749f38d52d6d1295a2c9ef15465efe923b617c9ca303d,b5ccd0bdd25e690e73b5fd358fe08e207256c3a44b9242d25a8c262ec7689d44,3406620753951424512,group-00272,development,val
Nagpur_Region_Basil_Plant_Healthy/IMG_20191104_104825.jpg,Healthy,,300,300,da5c7134dc78061b2c36e8e2487f062760f181c91638e91ab3a0e68397a391d7,184c45bf5fd6a69386693f3dfb0e7b42ce6d334e20edb72c5c5aefac70ece38a,7964205748068087841,group-00273,development,val
Nagpur_Region_Basil_Plant_Healthy/IMG_20191104_104828.jpg,Healthy,,300,300,81b33f01bad509946e42db1f085f787bad9d8f041f2c46088004a093750d27f6,6f947265dd2676c6a7c6d42307aac415bb50ad85ea638ff92abca51a97b1cdce,3502849907396636673,group-00274,development,train
Nagpur_Region_Basil_Plant_Healthy/IMG_20191104_104828_1.jpg,Healthy,,300,300,b54aedbf565364f5264769f5394b0adf8f4e450c44309953969d8c07a1583e5f,9c7236e33e81ac9b497de620d385b553258f96b3feb163e5581fc00e2a5865d5,6970601897982095361,group-00275,test,test
Nagpur_Region_Basil_Plant_Healthy/IMG_20191104_104831.jpg,Healthy,,300,300,c5feee3482ef96115dae5a0130973e4ec308a5494662d81616992c894a6d0433,bbf95982d8de243ec401a9914d2a55755efedb64588bf086c24dc5e08f5b87e4,4201522545147572361,group-00276,test,test
Nagpur_Region_Basil_Plant_Healthy/IMG_20191104_104834.jpg,Healthy,,300,300,05e3eb67441fbc85c8254685de9f7f308874fd5dbf2ccc3c65240b6a8a6ebe6c,cba74acc9411806d4e7dcc4aeda0b49977f205a5f508962229af32cc924c1433,1891165285458703521,group-00277,development,val
Nagpur_Region_Basil_Plant_Healthy/IMG_20191104_104836.jpg,Healthy,,300,300,e40ca5a7292e6ed103864306b702306768f4b2fcaffa3da773eafc1581b890b9,cfef65027f99b5bdcb67b756e56be05ef669ee67aff28fbd62b4491c2b0570e9,7999226503339625609,group-00278,test,test
Nagpur_Region_Basil_Plant_Healthy/IMG_20191104_104836_1.jpg,Healthy,,300,300,a2f43ccfcf3f5f6460aafe1f73b070f8a2f5d6b7a88da70aa78de2c59f7c3ae9,03553a6d78e62116427e87ad72e7fff733ba58795819d024ff8f2113dd51ca20,7927169012637289609,group-00279,development,train
Nagpur_Region_Basil_Plant_Healthy/IMG_20191104_104837.jpg,Healthy,,300,300,b54d16fa7211c7337902603726766d4cd33f8e69484c757a7c0e63bb59257417,add8207f3ee8d991a57d30e6c1be6eab4e389e2fe3341aee314ace6d4f87a110,7998659258671082697,group-00280,development,train
Nagpur_Region_Basil_Plant_Healthy/IMG_20191104_104838.jpg,Healthy,,300,300,20f57588aa6aaff57aebb1f04e994a07087cbbbc8bb4836fd09c3e8f05cffdf5,acf6d863d48857627c06c08a87e675e759fe7f1edc5979886f8653eec626a78b,3316042645641014465,group-00281,test,test
Nagpur_Region_Basil_Plant_Healthy/IMG_20191104_104840.jpg,Healthy,,300,300,e826bb3af3e708e57dbdf5966e2891ccac617b3c03220a100bbcc4b53a8a0501,4c190727dd9027174aea0fec2cae54be087117db73d1286ad4a5e69257287dcb,8000360526087358049,group-00282,development,val
Nagpur_Region_Basil_Plant_Healthy/IMG_20191104_104841.jpg,Healthy,,300,300,34ca2213dd8cd6bf1c01bd1ef238bae612fd335d5093ceff97331f6181a3991e,3f41bf2abe7c8c6ba7488b785111f9b9074c632b8e7eca112ac4b3350c655877,7896702968001365825,group-00284,development,val
Nagpur_Region_Basil_Plant_Healthy/IMG_20191104_104843.jpg,Healthy,,300,300,e0915e7cd928e9003c4431058753db59cb0854bc59d18feeac1f083be2615e61,e0a0ac362658893b34cd9d3e4941f1142819d35e27777592f0fd158736c0fc03,7896766739541559105,group-00284,development,val
Nagpur_Region_Basil_Plant_Healthy/IMG_20191104_121152.jpg,Healthy,,300,300,709a5904fabfabcdb8739f2fc068c477df5a3c7bc9d7952842e5e605556b2739,448c58cfd341809c50b8ebe7eb0866947d4d4a6c2d8b9e6b2dcf6a3f710164ad,1490078688737692907,group-00285,development,val
Nagpur_Region_Basil_Plant_Healthy/IMG_20191104_121159.jpg,Healthy,,300,300,94db85cb7d0eb3edf21b81138fc1d57b2e3fb29a23201b76ae59a109f4912e6d,98e204ea4468d083ee4f3bad00bb9ed74c58b88dc97201e1d84cea542be6c239,1497998996776633534,group-00286,development,train
Nagpur_Region_Basil_Plant_Healthy/IMG_20191104_121216.jpg,Healthy,,300,300,e882a86660f7e27955ad6b1cca274325abcc82aad373ea889fa4afd5dcb8b1c4,ecaa88ce1ebc36b6b3f6ec073d8a677a3582bd45297288674dd032615d347bdd,1500484899151508094,group-00287,development,val
Nagpur_Region_Basil_Plant_Healthy/IMG_20191104_121240.jpg,Healthy,,300,300,3c4f9d8ec2292d61a00b677fe71d39d48667e3312e227243a2f26a86f3c30549,9462eed3c410030a5b04b41015eeaddc6fb27a01d792f038fc86f762159097cd,3786150814091596523,group-00288,development,train
Nagpur_Region_Basil_Plant_Healthy/IMG_20191104_121242.jpg,Healthy,,300,300,897f702287a3232825c399da596a8b3e72333fbac188c9aec1323abcdb5bb2fd,6bd3f1924f3c943263705fa338988d77d6a95455e918a280436f50644a03b4d8,1480361418919139947,group-00289,test,test
Nagpur_Region_Basil_Plant_Healthy/IMG_20191104_121248.jpg,Healthy,,300,300,3a27ff908776102b59323a2d1ee6e144bbd17e9f1f12bd3b2e5102739773df76,f813d4053f584841d2455f93ffb7db22d9f0d474d8723c93d9fe2d2ae605fe27,1604386022497895023,group-00292,development,val
Nagpur_Region_Basil_Plant_Healthy/IMG_20191104_121250.jpg,Healthy,,300,300,45ebe5dfb2be40da19b1955d6f1d7b241a2b01104cdf80bf92591b6ac22fec17,7ad0ab7f6a800128b45d12358488a48f0e0651176daf8d58c2676e62928dc787,1604386021424154223,group-00292,development,val
Nagpur_Region_Basil_Plant_Healthy/IMG_20191104_121254.jpg,Healthy,,300,300,a9836e52efd382c4b72c5ad0d0a4ae5f5c342d10bf5dbd70fac0898bf4961983,787067a2005356092b2245afdd50118b2ba0d92bd7bfac65cd2948c8a6254160,1604315653619511919,group-00292,development,val
Nagpur_Region_Basil_Plant_Healthy/IMG_20191104_121258.jpg,Healthy,,300,300,e5501b25c8d70b20141195e9a78d1f7faea20dc78360126885677d6ffb352141,84b8db2ee798cecc35766ca51460d79267006e33649154ba01aa32ad5974c344,2763334968294041466,group-00293,development,train
Nagpur_Region_Basil_Plant_Healthy/IMG_20191104_121301.jpg,Healthy,,300,300,3e9be0b046139002f8c41f00c9e6e12ed888fee870d4df7c0e2a82da534d2615,2c1c9db6ff24ea87a112de068e747e11301145377f2be3455a6111acb551988f,3697691427429598842,group-00294,test,test
Nagpur_Region_Basil_Plant_Healthy/IMG_20191104_121303.jpg,Healthy,,300,300,b0bd1febf710ab4b0928d3e21065b1ba828ef0a3b28780ae7614dadb720f0e7b,56ea3664d5fae79ee075af90435cbec2da9b16f34f2b559d6a32d7e0f9cff621,3699872858498983738,group-00295,test,test
Nagpur_Region_Basil_Plant_Healthy/IMG_20191104_121311.jpg,Healthy,,300,300,52b3f9f9ce2f6b341342b4bd6182e7b2f9f1c269b57e159cd39ac83ec0d3a75c,47aff73523adfe0363e8a5e2c635b6f7b9a998725fd063fa91f2f5e287c6e18f,692245194985858750,group-00297,development,train
Nagpur_Region_Basil_Plant_Healthy/IMG_20191104_121312.jpg,Healthy,,300,300,7d5324dda863ac718ee4aad010c6a071c6048f21d16497f6392d9798251c3c49,da12615cd9303ccbf310a6fcf0b83a32412d982b724d519df49239d36ebc04b1,4727470186236110526,group-00297,development,train
Nagpur_Region_Basil_Plant_Healthy/IMG_20191104_121317.jpg,Healthy,,300,300,24bede543e7ac3fd40c5cc582c23af5d4ebc771350eab6a8babee86b234dd7b7,d87461db35cd0f17e14fbae48ec42adbe152f04178f129f92758f66947def67c,487966669751588094,group-00299,development,val
Nagpur_Region_Basil_Plant_Healthy/IMG_20191104_121320.jpg,Healthy,,300,300,df6e2967f7db6f48464acb498abca3aa9b502a52593ccc06a85c72bc82f518c7,a223115af46e6bcf9c13f8494eb0769f0da906ad7109b24cd2a51fe2a2f481f0,7387481264523449598,group-00299,development,val
Nagpur_Region_Basil_Plant_Healthy/IMG_20191104_121326.jpg,Healthy,,300,300,c911271543503c9273627e8015a3e463419fd2f308377c244f3517d42ab534a4,5e799b8cb1b125f99e7be249ec4eb5e2111d205d2dc9801a7993b34550674a6d,5229579950210078446,group-00300,test,test
Nagpur_Region_Basil_Plant_Healthy/IMG_20191104_121331.jpg,Healthy,,300,300,e3fa49d387bfc2a786e949bb45cfdfa499985b67f8d1c62a79505e8b9acb5f01,23d55241273b3abb28b7e04e5a249ff5a3baf8b47f6602244491fff55cea1045,690845518968084222,group-00303,development,train
Nagpur_Region_Basil_Plant_Healthy/IMG_20191104_121333.jpg,Healthy,,300,300,1e9d677c7c1bdaf45d0076804ad081668392d7d7d6e532a76716d07dd3e991c8,8ad2686c1b3b0e2e078e5f432f62e56442e2e8fd7226d3e0b5c03f4bc5a4d6b1,690845518834915070,group-00303,development,train
Nagpur_Region_Basil_Plant_Healthy/IMG_20191104_121335.jpg,Healthy,,300,300,9549850e320fa4181b404b599b68e85836b9ce1c45405d553400f521b5b7d911,fb028e8fa0d0e749b05c69dc8aab86aac3bbd0c4505d6a614fcc24a1a168e177,690845827131987710,group-00303,development,train
Nagpur_Region_Basil_Plant_Healthy/IMG_20191104_121339.jpg,Healthy,,300,300,7a5b1149c447a6988b2dd9863456e08e6d8f670e8cbda64e5ef5d1c4407103ba,c07ffa6065d583d9750ed8ba6c2982fb727038dbb5593d633dd9e35427047574,1360519568150975742,group-00304,development,train
Nagpur_Region_Basil_Plant_Healthy/IMG_20191104_121341.jpg,Healthy,,300,300,f956000a77717045f493668c46cb9c3acd1d5116c94a9cbb8be10331e75f870b,2d285b157ff5b17c62ba22acf5771a27f8c810b891759111485749e424fe1090,3590382054670554302,group-00305,development,train
Nagpur_Region_Basil_Plant_Healthy/IMG_20191104_121342.jpg,Healthy,,300,300,194934a9bc89ec4bb35725e1f946d1a9422fee179e0ba72c7cccf953b231f8f6,85281801e01aa72897c964460a745dcef06c7dbdcf9b874aa72336be94c33063,1848458631503369466,group-00306,test,test
Nagpur_Region_Basil_Plant_Healthy/IMG_20191104_121351.jpg,Healthy,,300,300,9789102572c422ea81316871cca2340f8218a13eaa7ff9ec325d32595d73bb97,17801322df15f4155927859c802f865f47eab963188faf9856e50daeecae1f8a,3733044575692080762,group-00307,development,train
Nagpur_Region_Basil_Plant_Healthy/IMG_20191104_121353.jpg,Healthy,,300,300,771d9937fc6def3f271887815a4559997705300240b907ee081b1484468f9bb1,19210674ff2563fcbdebdbc9105057775875f46407df310f31fd5d4bc6532e5c,3806488104132626042,group-00308,development,val
Nagpur_Region_Basil_Plant_Healthy/IMG_20191104_121355.jpg,Healthy,,300,300,f066c10ca451c756559f5c22c9a040479784d35c36f60053568058b822004f4f,67b7b39e28d2c802636a72a8955653e953cf0b7cd92daf71ee0c4f8d3a7f7bb8,3502244440650761851,group-00309,test,test
Nagpur_Region_Basil_Plant_Healthy/IMG_20191104_121357.jpg,Healthy,,300,300,0f92f4523e9d56b5c3842dd725276fd55525798dba325d15f8528522077cf00e,95c78f8bd14dcfbbb7109acb64980e6350c36540159787170676bd44221ab759,4162443455153522362,group-00310,development,train
Nagpur_Region_Basil_Plant_Healthy/IMG_20191104_121359.jpg,Healthy,,300,300,ad24051ddb5292d66fae70006c40aa6cc3195e9c77cbdca0ece1e59be2f51832,200b57c8b4d87b34ec8018684f099ba32d326832e6b2176290f30400a3dfcc45,1860991963832739514,group-00311,development,train
Nagpur_Region_Basil_Plant_Healthy/IMG_20191104_121401.jpg,Healthy,,300,300,4e672507e0e59926db377a0d7a04f2732c208573c73381cf3ff43bfeafaff327,3c0f74acf4b1873bcf1a3df3b8e1c84329ad91d69f9ee6a19f489c261c7f89d6,6360071211922118331,group-00312,development,train
Nagpur_Region_Basil_Plant_Healthy/IMG_20191104_121403.jpg,Healthy,,300,300,345c2773c3a2f1c8e0e127653ac1cf4149ed7a66e76b1494b4d360d6433246a0,f2ad4ec3f233d315a8643e2e0fd10df37304039c8ccddff15c3a4410a80ebd52,7171845588739382459,group-00313,development,train
Nagpur_Region_Basil_Plant_Healthy/IMG_20191104_121407.jpg,Healthy,,300,300,6b451dd7bb02e84061c80e1e9dce879cfbb38f68df6e02c66f5cb16e3bfb2695,6fb56f82ed3927c828c6699c063acdecdc641156a34f0b1f1a67cb33351e5d3f,6639299060132110074,group-00314,development,train
Nagpur_Region_Basil_Plant_Healthy/IMG_20191104_121409.jpg,Healthy,,300,300,35de74521f3223d2a88bcc80391d4b274a3b5b015600d60c1d35c21751f47393,cd854174c85bd56610e4ac6e541ca902654500df03cb5e103edeaa6c83c45e86,5090425723904217918,group-00315,test,test
Nagpur_Region_Basil_Plant_Healthy/IMG_20191104_121417.jpg,Healthy,,300,300,5e4ef6903960e5f09bd7ba5686c8d70e178511f34c6ad4e3f5f6e5d3c0407a3d,c2582bd64d0c941052cbaa941386557aed8d936c50d1e1924c43d4ea6e28c170,1907618342581204542,group-00316,test,test
Nagpur_Region_Basil_Plant_Healthy/IMG_20191104_121419.jpg,Healthy,,300,300,562fffa6d1c3b6aec8fadf95723fcc0a42264ccad636c65706355464c95ff995,beba7232e034e05aa64a0584676dbaf1cf84b428133ba35e1dde87b78a16f839,3808138004880581182,group-00317,test,test
Nagpur_Region_Basil_Plant_Healthy/IMG_20191104_121422.jpg,Healthy,,300,300,54ec2137bf8a146d4a8d083125cd783131c047d70c823b008e92dd7310dc7d7a,41c57a642ff93fc7c479cd442c482cf9a1e50119fb178b89af740e5851b72965,5950343941048373886,group-00318,development,train
Nagpur_Region_Basil_Plant_Healthy/IMG_20191104_121426.jpg,Healthy,,300,300,11392827bb5760102adcae7b8c18efa546e5957383da15a05e14d9aeeea97cd0,58de269a1626f25d943a5631deb69ab8d9f634796337b5a4df914e582c3a7348,5069476020388851322,group-00319,development,train
Nagpur_Region_Basil_Plant_Healthy/IMG_20191104_121428.jpg,Healthy,,300,300,22da827addd23a3330fdbf934f544ec3ba292c08c85ee93811ce43f702613747,0b2e7ea130e25c1c1283bc08e6afd976438d0544a2ba3179b066d5afba111bbe,2745246161572689470,group-00320,development,train
Nagpur_Region_Basil_Plant_Healthy/IMG_20191104_121430.jpg,Healthy,,300,300,c7bd575b3c23c24c48015cddee9ceca2fa246aefcf3f2266d3d8fe1648b31083,62078747450123759a776d544da5aac99a8ba69e6cef359f92e7bfced4acd47a,1322302150420428410,group-00321,development,train
Nagpur_Region_Basil_Plant_Healthy/IMG_20191104_121432.jpg,Healthy,,300,300,d995ea8b79afb3b99d403ea9f4c5e195d66036ff12d788e4e27ff81d5d7b53cb,7da9168a04d758c5dfeeb504d8520b6ea4ec4307ed9e49ffbd8a4b016916ec65,5268339017855563370,group-00322,development,train
Nagpur_Region_Basil_Plant_Healthy/IMG_20191104_121433.jpg,Healthy,,300,300,1f76c8a29c70122123505c306853f6ef6a869e7d476732d63e851a010bdff9e9,fa1651d09e1ff9cbea45fb06e0d91c7f10bd71d650dd72858f9676bdfe06c84f,2059943907128308350,group-00323,development,val
Nagpur_Region_Basil_Plant_Healthy/IMG_20191104_121436.jpg,Healthy,,300,300,f7a7c79aaa4f68f1bfdc90e5de943c27f1237b027e475ee3acd7aacd9a8853e6,07d4c59ea353fc1e6ce5bfdb2f9d5318c9ac3df9c0d834f0a0f11f84a5da3476,5281073692950322731,group-00325,development,train
Nagpur_Region_Basil_Plant_Healthy/IMG_20191104_121438.jpg,Healthy,,300,300,d5d85d05428bb03fd01784dba3813355a4ccd100dd94a51f72237571477eb432,8afcd148ca238c92ea0242906f71fb033d82504987af2e6af3e59f138e0bea25,5245115230315798059,group-00325,development,train
Nagpur_Region_Basil_Plant_Healthy/IMG_20191104_121439.jpg,Healthy,,300,300,59c337097bcc6be3a50084428fea78a1bca512f3f38e80db9330314c121ccc38,68e82b5aca3484b9372ac00a84ecb23459b77fb3d8e6f84bcde5f9c1df41f5ec,7524992482161088059,group-00326,test,test
Nagpur_Region_Basil_Plant_Healthy/IMG_20191104_121445.jpg,Healthy,,300,300,945ea598b3ca3f5411aaf67c6b5c488bff7833b1e1814dfee545e03895fd1752,caf1044cf43319de9b60758e5e203f594c091963233ee82c20ef65a1dd7eeb56,4499325553096980085,group-00327,test,test
Nagpur_Region_Basil_Plant_Healthy/IMG_20191104_121450.jpg,Healthy,,300,300,d2478fa5758e5527902c7ca0c864cf8e23a891ac7eaf1a96f8a6390bf99a47b6,67a64ab888c2a90440471702fa05828de3e80f237eda58cd4d29e82f2177a837,6789410361658504957,group-00328,test,test
Nagpur_Region_Basil_Plant_Healthy/IMG_20191104_121453.jpg,Healthy,,300,300,174d604ed585f64210ffa02228af8750f6d1366df47bf1ab12463d54b1e26b2c,275a72cc70518ea022e6068df450049ae4300ae148fd17f38e90c1e779d73a4e,7380419688951115877,group-00329,development,train
Nagpur_Region_Basil_Plant_Healthy/IMG_20191104_121454.jpg,Healthy,,300,300,9e5ab2973e1ae667401a8f6c70b9a2594239753230b4a5e0388b9a2fa0cd694d,dfb0f2b93f65f8fd83bb9064b239615b9d3cd02e3bbc88f1ac2bc06a000b090a,1313523330780690661,group-00330,development,train
Nagpur_Region_Basil_Plant_Healthy/IMG_20191104_121457.jpg,Healthy,,300,300,cb3857df3cd30050537c822f178a472f9ce1ca371d12943f176929d690290fe9,2453d19c341dd7b516d0cbc27214d96ca4008417cd02ba102de3c2c24bca601c,2421119238185149605,group-00331,development,train
Nagpur_Region_Basil_Plant_Healthy/IMG_20191104_121459.jpg,Healthy,,300,300,49a833b1b2f3deeab22e511b3eea0d23a9f2dab959a3eecbea046301d122723f,3bfc7a1ac12fca3e46ea346cc4294503bbafb002112d9ffcc99c922ecd8851e0,1631659701693951542,group-00332,development,val
Nagpur_Region_Basil_Plant_Healthy/IMG_20191104_121501.jpg,Healthy,,300,300,213fb57c6a69521e34f8d4b7a0ae7d4fd8ec96be81fb470e8bce2142f58fde1b,5d2b15fb74f5a1896866de1c0d8b9edec1b87fbd485631737df699980deefe88,616084569533690201,group-00333,test,test
Nagpur_Region_Basil_Plant_Healthy/IMG_20191104_121504.jpg,Healthy,,300,300,62e62944ca78c63a4028021431e52586c14f527ab351ca6dbcad43d85208b6a2,242b0782f4eb4e91049a340b2524724ac967b6e766f151301ea076f95336ddb1,2459720261875259480,group-00334,development,train
Nagpur_Region_Basil_Plant_Healthy/IMG_20191104_121505.jpg,Healthy,,300,300,10bdb9476f45c6bac5f1eb1b369650788c1ba03271798df2b5f92bfb9a1d9cff,cad179103af938b7bbf3a0446fb779a378ebe2b1bfcbfda613c6129e947767e0,732000982479583352,group-00335,development,train
Nagpur_Region_Basil_Plant_Healthy/IMG_20191104_121507.jpg,Healthy,,300,300,e2ea147df56c65c269713313ed8a424d5b842e66c45028ce41d65be1e6827e2d,883ec95d0e09066ef4da9cf8cda78eb98e9226af25fc54134c4486c59f43fb36,7372607707312527704,group-00336,development,train
Nagpur_Region_Basil_Plant_Healthy/IMG_20191104_121509.jpg,Healthy,,300,300,47d13bec819898619c841658047b31f51b4f958221794d8cb72d12d65a6637f9,1c06a2261b418afaf689120e2921182979432395180df5a50f3d301698d47a4d,5332477221337557336,group-00337,development,val
Nagpur_Region_Basil_Plant_Healthy/IMG_20191104_121511.jpg,Healthy,,300,300,8a764ba7a9c4e39671d5eae2130021ed97104d7731bba714bafedde433e57dd3,f68fdb93bcfbf1f70e634a8ecfc165472dad86494d520649da4d6df98525ea96,2432199673863189544,group-00338,test,test
Nagpur_Region_Basil_Plant_Healthy/IMG_20191104_121513.jpg,Healthy,,300,300,967a2d5171543d2b20bb4315d38ad44760e2d980a5fe7a17b3d1de1cf76430f1,3c87739d7fe58e805fba0dd74535a92f151900903177276857013e63d2cad28e,357123269975324684,group-00339,development,val
Nagpur_Region_Basil_Plant_Healthy/IMG_20191104_121515.jpg,Healthy,,300,300,7862a4cedb06006c23af26a83f64025be026bd82e7324de81cd3a952df2da9b2,31fbe00e38a2b241f64e27bda7fd363ad9c31fe328585c1fea8cc1e8ee9c762d,1022749807227418140,group-00340,development,train
Nagpur_Region_Basil_Plant_Healthy/IMG_20191104_121517.jpg,Healthy,,300,300,c0505489ded774531b85a337575fc2422d761c05c8b9025dbfa4e6ece27dfef0,ff66d108cb0a7a535703317a87588a97ee25e6326764d2f3ce66ba353b77b030,1302873698417767060,group-00341,development,val
Nagpur_Region_Basil_Plant_Healthy/IMG_20191104_121519.jpg,Healthy,,300,300,66fa7f47ebcb3620f4e626a76258cfa20682459256dc8add81cc5cea5f523cbe,b1498dc86846556f95ebe1bb302f0a4003358def5ced7214610e8e32d6a24b96,4949976762340862492,group-00342,development,val
Nagpur_Region_Basil_Plant_Healthy/IMG_20191104_121521.jpg,Healthy,,300,300,5b169e62b553d8003715ea44062cdfa98ad0515c2bb4602530020389471a0d40,6148aa9fc730431abea8533112185409d06d6b73457bce7b3ef2ee9517b07fca,2640697190756379096,group-00343,development,train
Nagpur_Region_Basil_Plant_Healthy/IMG_20191104_121522.jpg,Healthy,,300,300,c38332b9179c74bd90d734b202887d2b2d014d718c1860e8a8efd77860ae7619,23b415196d11dccd4ccc9774b2c39c2f6cff158b9c6ef723758b8e33e7742033,870816386093398296,group-00344,development,val
Nagpur_Region_Basil_Plant_Healthy/IMG_20191104_121525.jpg,Healthy,,300,300,05475c34408706e60ae1b5a8a11d43f98b7f63b0578ab84bb6ed54f428db47fd,f5cd4f9479f19549c55e2ed2cd4c855bb0fba8bebe47c9738eaa888a7cda281b,5233422623695353605,group-00345,test,test
Nagpur_Region_Basil_Plant_Healthy/IMG_20191104_121526.jpg,Healthy,,300,300,f2c3560a87a67787cd4bd5a66d88feedef7f5434482f9eb034cfb49d14c5aba7,59b30e3929a554ca988eab774568c61d085f14eb68b13c7fffaab3c8d0ccd9ca,4949623970828314377,group-00346,development,val
Nagpur_Region_Basil_Plant_Healthy/IMG_20191104_121529.jpg,Healthy,,300,300,fbb6d2f2206729fcdda2f23169c10d282718ad730396c69ba2606e608bef87a1,283ac248e7a0ebfa86f63741d2e56c16b6770393885ded2f539d684f5b19fa40,4328109972973597301,group-00347,development,val
Nagpur_Region_Basil_Plant_Healthy/IMG_20191104_121532.jpg,Healthy,,300,300,89b3d47f88546202a9768d1548d00e410775468683e8d84f0ffa406532b56f11,7e47caff6f306fd6838fc05e8fb697778dd10b32aff666b213bb7f7da4d2a973,7246468563773070397,group-00348,development,train
Nagpur_Region_Basil_Plant_Healthy/IMG_20191104_121535.jpg,Healthy,,300,300,396a38bc6743f33e5f551ad076a499eceff700b1e012fec1376dd32eeafcd5f7,d812147e66dbd2bab825a47a6e8da5fc4c5c1dcaaf821ef622aef2d67285c10d,5499060994926395883,group-00349,development,val
Nagpur_Region_Basil_Plant_Healthy/IMG_20191104_121539.jpg,Healthy,,300,300,6142ff63a6efefe2855ff32c6b63a889f69ea483258d3e2b03134fbf8dc75875,07e863c73a63d7457f92d12b52545a90ac156ae768e39c33648201cf3178c744,501109694100357547,group-00350,development,train
Nagpur_Region_Basil_Plant_Healthy/IMG_20191104_121540.jpg,Healthy,,300,300,78e221906521a53db0e240c19c59ec51feb490fc9b28a280ec5739db8695d967,0f769b3c0357e248573f255343cd4af84106d87bb1aa4d01980b4ad3181d9807,2448378552647900347,group-00351,development,val
Nagpur_Region_Basil_Plant_Healthy/IMG_20191104_121543.jpg,Healthy,,300,300,7dd5070d52e8fffe7d9a7b8ae44929d4d7364b1ee28fcd2f64db801f9d25ff1f,951e5844cb5a0ba05ea78bc13be6386c4d98d7d9cd964575bb79ca714db2ff18,8401071766707050219,group-00352,development,val
Nagpur_Region_Basil_Plant_Healthy/IMG_20191104_121546.jpg,Healthy,,300,300,187809f6997f6d522c57809550b8164d3f42b4823c68c5e3197481fdfb93c624,61d02965b40a784dfee3886c901bd15392098832e7521e7f4db627a6e5e7e4f3,512482191088162027,group-00353,test,test
Nagpur_Region_Basil_Plant_Healthy/IMG_20191104_121548.jpg,Healthy,,300,300,c8f32f5766aa3488f58c56920eeec94a76fab3e3344e513fe51e80249ca50810,120451aac0bd1d477193bf7c312497922f6bd8a9b867c518f64815b35a2c809c,915606584542237931,group-00354,development,train
Nagpur_Region_Basil_Plant_Healthy/IMG_20191104_121549.jpg,Healthy,,300,300,1ed60ece8247086687115fc8c81abd7e8c788dd2867bbc93c69377c39643a2d0,528ddd3679529dd772cd5f378b7c594975e5c5a8b83c9169386f062b83a7c9f2,5264164751581501102,group-00355,development,val
Nagpur_Region_Basil_Plant_Healthy/IMG_20191104_121551.jpg,Healthy,,300,300,1a612b5f2367e7462df17e4043942e0e142dba0070d1a404cd53162252e4ebbb,f831ad08741418e30fd152955576292ee024d7f023a967e091049b3ada50368a,3680088288114975230,group-00356,development,train
Nagpur_Region_Basil_Plant_Healthy/IMG_20191104_121553.jpg,Healthy,,300,300,441680805424419418c2c465239907341ccee95d7bc508bd16e5232cfe6e2471,318d4c5610f7dfa36d7e4f58224fc74e8c39ce1246b2837a838df7db8ae45e82,5928527874407224043,group-00357,development,train
Nagpur_Region_Basil_Plant_Healthy/IMG_20191104_121555.jpg,Healthy,,300,300,6df7301a210511cd5c46fad08daf919f697c4f5a424fea1fe4750a7d4168a6f6,52b7634cc7e2457a660e8b0016ca15bad90bb99dabb16fa736bbb3c36a1121cb,6116792472684940079,group-00358,development,train
Nagpur_Region_Basil_Plant_Healthy/IMG_20191104_121557.jpg,Healthy,,300,300,cfbde76a92379d06a3d88d9727dd2586d25f6fd0a8aa08a91229b022d4fd86bd,3337055c0b598f4fd7bbe492eb46e2ddac938fc2ed7c9fe92ae4313524710897,1599004593833593326,group-00359,development,train
Nagpur_Region_Basil_Plant_Healthy/IMG_20191104_121558.jpg,Healthy,,300,300,2e57e9936f419a19b3e9e81af37821969bc8a63a140f24db9cdfff18221c9558,ac3c9f18045ffe64bbd66623c8a651881039e5de89db66c4b8df4c70b655ed00,3610638534673646574,group-00360,development,train
Nagpur_Region_Basil_Plant_Healthy/IMG_20191104_121600.jpg,Healthy,,300,300,b1709e2960beb8f108227c6be428c669a6525f0708d012d39213cf140bd157bf,2f55cd7fac85f8d77fb181431dca36cf7b4e17154f77856209d24d1bcd938bed,1304716637042794923,group-00361,test,test
Nagpur_Region_Basil_Plant_Healthy/IMG_20191104_121602.jpg,Healthy,,300,300,fdad758ee19191b1076b3e6ed0c89636ac80756eb848adac600235ab363dfb82,70800ffcd476107dd8b730c60a4fb5df4f28bea9ea4dafcf1cb4373b8034a393,5826031630112725115,group-00362,development,train
Nagpur_Region_Basil_Plant_Healthy/IMG_20191104_121604.jpg,Healthy,,300,300,3b75f5178def64886aebb4510017fce4ff172a5e822f9dee9295990f069c41cb,2167948d647ce0344798c83055f98922037f2e0ef395cfae1b7d27df037457de,6398379307793862459,group-00363,development,train
Nagpur_Region_Basil_Plant_Healthy/IMG_20191104_121606.jpg,Healthy,,300,300,80e6103d68ee91ff3cc9bb8d8028f69f936fb74183adfbdcd18620aa46bc98ff,9caa44b53433f871e50c57298fb8362ab6c3df677f31d6bec17b97063c431cbc,7917832028391933870,group-00364,development,train
Nagpur_Region_Basil_Plant_Healthy/IMG_20191104_121608.jpg,Healthy,,300,300,64453c8e0e1da89a6e2636e0eae92538467529c8f6c38c258f3795d1a0777030,ec18dc72384c576f8d924847dd37d5b53a191a2972306761cc682d67426e2b9a,2473558624611569900,group-00365,development,train
Nagpur_Region_Basil_Plant_Healthy/IMG_20191104_121609.jpg,Healthy,,300,300,0707285b07a956064ca7c0c1137f2db76fac4acb8d87473a59a53068edf79bac,6f42a01ef965f9033eff956ae527baeab93834e2c09e7b1874e34fb63049df54,7103743711361890012,group-00366,development,val
Nagpur_Region_Basil_Plant_Healthy/IMG_20191104_121611.jpg,Healthy,,300,300,c8eb1b5f9e847c9ce6afc0a4ce5ddb5a60407f317fcb702d712fbe612fd90905,b0e094de671f397c6c0d765f160a778a6916ad61200c2c857d381cf787f30cae,7075970979354549449,group-00367,development,train
Nagpur_Region_Basil_Plant_Healthy/IMG_20191104_121612.jpg,Healthy,,300,300,47379d88e1696eeaf72a13251e1bbb94b5b20fb04fb21c620ffdff43a260af3f,651f592dcb56d246f1ab2a9295341822ed98bd47c2371be2d37f679a099199f0,2913972118551453129,group-00368,test,test
Nagpur_Region_Basil_Plant_Healthy/IMG_20191104_121614.jpg,Healthy,,300,300,0eb0ce7588541d99bc41c0f106b2d3f245aad5cc64abcc0065f58ca84d1b20af,2522a816a0444e94ab65fc3b1370fb2c3eb5653dad046dc96857b71e5ea20a1a,681040244766078161,group-00369,test,test
Nagpur_Region_Basil_Plant_Healthy/IMG_20191104_121623.jpg,Healthy,,300,300,4e62b670f6fa84acdc688959d060ae302073400b007ffc98859256b467a05c69,a06a347e2654b894f07f0c762607906095aa8d4bcef059ed6617bc7eaf1b305c,7571574731038970430,group-00370,development,train
Nagpur_Region_Basil_Plant_Healthy/IMG_20191104_121625.jpg,Healthy,,300,300,ea151ce37347b6a5efee3df1ae6eb3e5a8232cfa1a4cdb87ca60eb7d90c1b753,a90da4678d51894e5a9168984628c7e1e90f452c1820345f93a0ca8a77c9cbb9,3796995470269766779,group-00371,test,test
Nagpur_Region_Basil_Plant_Healthy/IMG_20191104_121628.jpg,Healthy,,300,300,09b08d7fa451af81b26ae70c454ae83a6478913ff349d8165b454f5e87e14e65,758d457f60ae85d079bfcf5d95f6c9211a2f749a211e5da5ca11b7a304651c62,2168874180336440878,group-00372,test,test
Nagpur_Region_Basil_Plant_Healthy/IMG_20191104_121630.jpg,Healthy,,300,300,49e2b33063bc83da106f177c1edc92db0e80ca031c455bf3da97b753dd6c44d0,41fed1b33d3d65dc9e9ab2d4b5fc53ef2356d2af3973373bd49c94946c3e3800,6257841580384343598,group-00373,development,train
Nagpur_Region_Basil_Plant_Healthy/IMG_20191104_121637.jpg,Healthy,,300,300,4642309c69d0f3aaa5ea692cf9965f248fa6ede4675af376ae65d6b9df70a603,a156c28b0ec111d05e78b5775cd0f2a945f0df5f0e36a7274565793631d8d947,8071544999999479415,group-00374,test,test
Nagpur_Region_Basil_Plant_Healthy/IMG_20191104_121639.jpg,Healthy,,300,300,d5fd89b9c5235cd136cdf0a95e63e9a5a2e6e60468af6fc023d96b9da737de5f,d1ee9dddf0a4dd22994d229b6e2e16607c9ff2e672bd8773ec2232507ae84ac8,5792095406890872635,group-00375,test,test
Nagpur_Region_Basil_Plant_Healthy/IMG_20191104_121641.jpg,Healthy,,300,300,be781bf600c7ac936b7fa05d023cf521818dc8a5eb00d832d2a26ee3b562ded5,e54a0f1ef62bc97f3595e0feb78fee50f3f33efc18aa4651fdff1c492bd18e61,1756854443460194169,group-00376,development,train
Nagpur_Region_Basil_Plant_Healthy/IMG_20191104_121644.jpg,Healthy,,300,300,ae2dad6701c4af673314fe7fcf0c26d9ce50b116161acb29751e903974876f07,63076f9eaab2a4259ab90b7e9a4e5b247e7f5082ac7cefd4c8b77a6af2dba090,1783855485442782153,group-00377,development,val
Nagpur_Region_Basil_Plant_Healthy/IMG_20191104_121646.jpg,Healthy,,300,300,5d3faaa1fc0a11385599db8cad6b04dbaf87bc178f8a910e95022bbf2e4d9fed,3d1f5c0112d5ef106996522be05b2ccb6983850e6b09b65270d1d655d7940821,4783312210661650873,group-00378,development,val
Nagpur_Region_Basil_Plant_Healthy/IMG_20191104_121648.jpg,Healthy,,300,300,8b9cb92486d1e64b1e262da05f5ca2d1bc6909c412d91cd8a805f8442ebc5b85,ae022a9d09f13797a27882a1e4475599b37e78e385693dd6ad221606358c9676,6346108920333243323,group-00379,development,train
Nagpur_Region_Basil_Plant_Healthy/IMG_20191104_121650.jpg,Healthy,,300,300,48c4a3ce0db918816f49f1f22480262ab00c384d75551d0000c2b4049fead4b7,c46aaf335eaa2c1467c7f87f4b5a598224b7f5fa5706f1806d21817427915231,5769665795112469403,group-00380,development,val
Nagpur_Region_Basil_Plant_Healthy/IMG_20191104_121652.jpg,Healthy,,300,300,69e34a03080e556df7561bba0e8deef8afd0264f92f0779d28cead8edb12ba0d,041c771a9bacc6d619047415d7eb90aa3d81087f894ca5a0538efb8c4f279451,2310293990095505395,group-00381,development,train
Nagpur_Region_Basil_Plant_Healthy/IMG_20191104_121653.jpg,Healthy,,300,300,e6f8f7736f90fc7862897e3fb5decb6dfa20437e2b3eafebcb087c753633c912,8d6e4e72d24b337e8ad0b740e2b27ecb319db8a0ca30669a011de543bc09d8a9,2467833099432028119,group-00382,development,val
Nagpur_Region_Basil_Plant_Healthy/IMG_20191104_121655.jpg,Healthy,,300,300,47296df62e939d762ed484a750c3adea91a74157572e6d091014e76bc4f14b06,867b169d9a042622accfba75c3597d83fa07f20524f0ca3b372346472f2a5fa1,152982908235999187,group-00383,development,train
Nagpur_Region_Basil_Plant_Healthy/IMG_20191104_121658.jpg,Healthy,,300,300,dc127386c82287bfb1f7183bbc53de91950af8972ee2d61046213ee5c7eed9c4,3063ecca67fa7511a9be0ae33e9da26fe6bb548595f3f9416ef2cc48d22faecf,1618693066336222381,group-00384,development,train
Nagpur_Region_Basil_Plant_Healthy/IMG_20191104_121706.jpg,Healthy,,300,300,2a9675587ab82a59c550ee17c12de5c8f30579bb9e22e3953b68fc5575ef9232,43388a1b4959c9ffca9f7346c87ee6dfad53ca2a9830792f8164cd54b6480c68,4681923469672752533,group-00385,development,train
Nagpur_Region_Basil_Plant_Healthy/IMG_20191104_121723.jpg,Healthy,,300,300,80360baa32a964c1618abb2706fc47f744679ef47e2861996da044d6c365b98f,a6546ddeea5d3a216b6f9f806fc418d490507a2d0fa166ab329e2d31ba896ef7,927940016701600942,group-00386,development,val
Nagpur_Region_Basil_Plant_Healthy/IMG_20191104_121727.jpg,Healthy,,300,300,1d4cc8dac59286bbb1f568793b6c167b984dfd3fe69f8aa86a73be227da54135,31ffd7e98bb6c78626855daf27e169b8cfa34fafa6b584a5a28c688035c97295,6666367062456550635,group-00387,test,test
Nagpur_Region_Basil_Plant_Healthy/IMG_20191104_121729.jpg,Healthy,,300,300,065e606f91981cf4b5728f923517bf8f07894da846c68d69c8e919baae26910a,4bcbb74ed8873b68b86307fc44c2dc10af067957ebb93c24646f08910c7e228e,462130125698458814,group-00388,development,train
Nagpur_Region_Basil_Plant_Healthy/IMG_20191104_121731.jpg,Healthy,,300,300,94b1afc4229b7777f337c9cf412b4c6c997cb7888e5cb7a01fbecdb148d9cc3b,7083b845549eb7c74e0cb27f3c929f92478456021d4efabb4700fd329933621d,451968483253752318,group-00389,test,test
Nagpur_Region_Basil_Plant_Healthy/IMG_20191104_121733.jpg,Healthy,,300,300,b5e8af16afbd194a5b7694f01fecc2a115fd7f9a45d0c99aec6c5281953f733e,e7dc19d2201ba9aeaf118ca306fc596e666414b5695cd88917b7869f052422d6,5062527858745495998,group-00390,development,val
Nagpur_Region_Basil_Plant_Healthy/IMG_20191104_121735.jpg,Healthy,,300,300,d9d4ea11bbe97dcf8e6dcdf6e87c053bbc24fd7aa0bdadad6071530722981971,c7d5853f4405494bf915e4d609980d7d034ba66ba2c306a45febc0ce6fbe52e1,4060233397380796926,group-00391,development,val
Nagpur_Region_Basil_Plant_Healthy/IMG_20191104_121737.jpg,Healthy,,300,300,2c4b36ab9c960c0b266cbcecaaa194aae4b6368eea0b9867037b9c5a29b64a26,6fb6586dd0accd845b9fc80c00231d6d7413e2d12704b1f847ecf7ce33daa7f3,7846661173855601150,group-00392,test,test
Nagpur_Region_Basil_Plant_Healthy/IMG_20191104_121743.jpg,Healthy,,300,300,618930801a52ca7a404b245a5cb3da5e194400714bd62f185f673d49c9791496,43ddbd6cdf9562544e0a8cc73fcd486ae48e4449f0c6b3c851f4f2a8830ba5a3,2466869553203962347,group-00393,development,train
Nagpur_Region_Basil_Plant_Healthy/IMG_20191104_121746.jpg,Healthy,,300,300,7126d912d776bc54f8b28488d5fd925f32a913b01c3d78c5c2a8007cbad7b4ac,86703b39f907cca7c9b319e5c41ceeb14f045dc3a4f150ca01ceb66168825eaf,3238237177487212986,group-00394,development,train
Nagpur_Region_Basil_Plant_Healthy/IMG_20191104_121748.jpg,Healthy,,300,300,66efab32f0928e8d36ee5d5ce20c59fcb268824112ecd1dca2e8a463808ad0f0,4942dcd11df6522dc3f65e1c84473445b0f1c22cdd32f08261badfc50343226e,3510035261059947450,group-00395,development,train
Nagpur_Region_Basil_Plant_Healthy/IMG_20191104_121750.jpg,Healthy,,300,300,374dd2c57db8ecadffe65e49282f7b2190120cfb76f551edb3060cb4924b54c0,e44993d23de6b53f6836825519795f7b82321ceebe36217ae470ff47197e96b8,8240269625554326126,group-00396,development,train
Nagpur_Region_Basil_Plant_Healthy/IMG_20191104_121753.jpg,Healthy,,300,300,8e317b80dd208958984d781c9f1432d04b2684c1f81dbdc012731e6580382f6f,9849a8b0d7777371efe45dde3b279fc27aa2fee79f5175b51db9bc9f5abbc4b2,5068322002067936507,group-00397,development,train
Nagpur_Region_Basil_Plant_Healthy/IMG_20191104_121755.jpg,Healthy,,300,300,c454149922a931b0c469226655d71f09457be4562c5c0038a65afa249d5d971f,90bb1d8007f0cbf3be34a904992968ab2ce9a960450552f4fb970caed09db338,2770395681650005243,group-00398,test,test
Nagpur_Region_Basil_Plant_Healthy/IMG_20191104_121800.jpg,Healthy,,300,300,5d8ff030065708989b8ddef9ebc40d99f4c4e9fe2c1bbc1029daef75c5b961ea,83c307fd9fad95e3869596f7226bcb2a923b60a486834bc706be8f63e36213b8,5412258928440580334,group-00399,development,val
Nagpur_Region_Basil_Plant_Healthy/IMG_20191104_121803.jpg,Healthy,,300,300,9497322e6d549a047867dee9ee90255d35a25668619305bfb0eb5998726c4dc4,4df6e66fa35939a8cb88b11b50c8d09477dc5dc243aa099c7e2d009be019b16c,2831801614964317374,group-00400,development,train
Nagpur_Region_Basil_Plant_Healthy/IMG_20191104_121806.jpg,Healthy,,300,300,3f5c496be25b3340d0e6cbf9dc25f91d0f3e4cde7a908846cc353bdb420909ed,9e3334eb8bb852496e923fc06516f2ca80f12202da73ea59c6a19fc65407f233,2060690474663632062,group-00401,test,test
Nagpur_Region_Basil_Plant_Healthy/IMG_20191104_121808.jpg,Healthy,,300,300,4685527761c7fd166d6c9818fef99c4664c55edaff34946e8c065e312123b3c4,80793d8a8fba24956d46f7782bbdf418adc718ef8aad7995c2c66453bd95e59a,7791724898085456382,group-00402,development,val
Nagpur_Region_Basil_Plant_Healthy/IMG_20191104_121810.jpg,Healthy,,300,300,15651917613c64483a147c269c3d279d94a01ff49493bbcdc90881c1ef939fea,f6d1ad18d7281203ef413516e0c0694b14235b33f9e9e11af91686a77866b7cc,4139532731341618347,group-00403,test,test
Nagpur_Region_Basil_Plant_Healthy/IMG_20191104_121813.jpg,Healthy,,300,300,108cb060db9b0738d0d31dcb87daad6665718da2f4c84aaf1cc856f9722a7462,2ed991d625f5e3956e5be5af6926c08f34deb5527cdfd611b36625fec3cf11ac,6436160715765477886,group-00404,development,train
Nagpur_Region_Basil_Plant_Healthy/IMG_20191104_121816.jpg,Healthy,,300,300,54f1323a441d35cc6b4fabef6924bfe82cafb626a9f6ceddcc5b5b2781ca44db,101cc22714e54995a566352a6907a1a57f6f33bf566e5b7f0c3fb257dfb3471c,1802411571398183422,group-00405,development,train
Nagpur_Region_Basil_Plant_Healthy/IMG_20191104_121818.jpg,Healthy,,300,300,2245bb527549052028551abf4898fd2075652b83fddae119f1d62970c89b197d,770464e6c6644cab5a5b991ac5f6b036ae1fffda829b10120f34e818f30caaea,7575923916973183854,group-00406,development,val
Nagpur_Region_Basil_Plant_Healthy/IMG_20191104_121823.jpg,Healthy,,300,300,4edb33da673c83f24acfab473b99b7128e692187a8cf2596ea3feef360ceafda,bd383b6621f8510b4b081ae50ec7e362d33ec42862b029be40910cf5fb40ff93,5931915366280420142,group-00407,development,train
Nagpur_Region_Basil_Plant_Healthy/IMG_20191104_121826.jpg,Healthy,,300,300,2b20b2b6a0be5fc6db0972f4ac2fbdd48e09f4bbe436f5a456d0623ebd7f8cb3,7feebc3e45f285032d20b5639ff71c9a27ce61a9df189e118c6ca68110984c91,7945225650957074942,group-00408,development,train
Nagpur_Region_Basil_Plant_Healthy/IMG_20191104_121829.jpg,Healthy,,300,300,9b8572ad49645ff2178772d0dde538d3e5b5a3f342b20263e6895e7e0706d3e1,a6e723fb6b676b93008265c05650b0eec2e40b07187a91d47960653a1dad2f4c,5824899638600026622,group-00409,development,train
Nagpur_Region_Basil_Plant_Healthy/IMG_20191104_121831.jpg,Healthy,,300,300,91f0f14b906c1c98edded76ca537fe85b1d4c8870dda0e7dcf0063f52028cc1f,566a471cac59e0a7b4c5acdb0dfdeb5c95317240a2ce5fde7a6a90dd94b00cf1,5300892370041987563,group-00410,test,test
Nagpur_Region_Basil_Plant_Healthy/IMG_20191104_121832.jpg,Healthy,,300,300,4387f0836c9e8cc8d3ac13433a823794bcc14d70b20c2d6a504cc325096fd4e7,476857ea4cc2d022b775c4f422f26f36909f51e3a290a89c80b3434fa6ac7bd9,1302140560374386427,group-00411,development,train
Nagpur_Region_Basil_Plant_Healthy/IMG_20191104_121834.jpg,Healthy,,300,300,e990889c791418d1ef850e32c2eab5702481f06298450a2a816683c15ad576ac,2720683d52502fae2bb89d6e0844d75d32d467644577ed0849b5a4af25f4b6e3,5490769689073028715,group-00412,test,test
Nagpur_Region_Basil_Plant_Healthy/IMG_20191104_121836.jpg,Healthy,,300,300,7195b4e17b179582eb45bc62c566536f7a32632130c999017925e822b8bf36e0,9ec1363baf0dfe5e2336799a5e953a076983e91282f557ec134c23cbad2e7df9,412087983966256746,group-00413,development,val
Nagpur_Region_Basil_Plant_Healthy/IMG_20191104_121843.jpg,Healthy,,300,300,6fa5547033e3f9cdffee3fbd7306a8888bc655c3b0de5e457ee7211f91abbc20,7d1fde6b727d9bdb61f78046a8432134defa788c7acb36176fe6c003bc9a98bf,3783942176551893038,group-00414,development,val
Nagpur_Region_Basil_Plant_Healthy/IMG_20191104_121845.jpg,Healthy,,300,300,280ec41db8c8dd56f46dcb840bcc67aa767e91d9ba6c1212e472a7cef68584cc,d451602bd224928d3c454ad1ef3b3d20ca4dbb491e1c280a3a6059c17dda5f66,7188691240297058878,group-00415,development,train
Nagpur_Region_Basil_Plant_Healthy/IMG_20191104_121847.jpg,Healthy,,300,300,560f296b7c5e9bb69b08f6884b8ff7d92ea5ae305dfc001c907a95ec88a0da50,cfaae5cd9002fe4467d908c7f59580887a520b31d690dcf6456c218aed43b315,1377108360429458238,group-00416,development,train
Nagpur_Region_Basil_Plant_Healthy/IMG_20191104_121848.jpg,Healthy,,300,300,5f0bf4f8fdfc3c84354f2307461dab804fd6c71540907895f7f8662361176c02,7b359f7d395dc709a59a6caf99d6c77c5bf7294b19341c23f6060983b3999cc8,1495702582855615358,group-00417,development,train
Nagpur_Region_Basil_Plant_Healthy/IMG_20191104_121850.jpg,Healthy,,300,300,d70ce9338079b36ee7274748b9384adbe6347da08b26ffe954fe0cb44ed68e6a,c741a1bb5b6e94b466cfd3e94d6184bd42cb1ecf5e6bc730234c4d7097b369c4,4092816880892793454,group-00418,development,train
Nagpur_Region_Basil_Plant_Healthy/IMG_20191104_121852.jpg,Healthy,,300,300,43dceab33ee5ab653a342b8f5c7e24f6ed70a3cd72b63b21806c73ddf132b430,37ed186d08cb1e168c8214028adca397901938dd9bf58dcdb24ab7211826fae6,2065848967678284410,group-00419,development,train
Nagpur_Region_Basil_Plant_Healthy/IMG_20191104_121853.jpg,Healthy,,300,300,fa626bf7e283c4134678a762225746d9185b99f1d0c6088326897b11711553fb,de269bd9c01d4bcff7b42504f72d20f89bde71f51493680ce765d2dde22a8f8b,3105593741933864619,group-00420,development,train
Nagpur_Region_Basil_Plant_Healthy/IMG_20191104_121857.jpg,Healthy,,300,300,344b9d062e7f24269070702d4ceac8374b2aab6d41a9e3b17798d8415579f0cd,8516c2ccf65e063b63607b31c973037ba9bce108a75711ed2e06791918a426db,7087547824310827307,group-00421,development,train
Nagpur_Region_Basil_Plant_Healthy/IMG_20191104_121914.jpg,Healthy,,300,300,964deed68d49af10450ee1d5f12bb0a9a6fca3c8b0e886721efd5f29c89e2296,0627d11a9f002142cfbe7cac8d09ae309ae38d9f886bd72b3cb8f35fe213f42a,3660137967215923438,group-00422,development,train
Nagpur_Region_Basil_Plant_Healthy/IMG_20191104_121923.jpg,Healthy,,300,300,ec97c41c5560af631593149496a95cdb8c42cfc8f190c3a28f954f476a1cfa62,e954a94cdac4a87d8f975765c8564953a55cfa5d06f0beef3ddb3eaada2748f2,3920034958900190636,group-00423,development,train
Nagpur_Region_Basil_Plant_Healthy/IMG_20191104_121925.jpg,Healthy,,300,300,12ec0a8c84dcece701b4f82e76ae738023710b1352478dc0f4ceecbd8d8a59f2,cf4d53bdd5a7633cb62e261edc3a49698a95b4722d4cd94a158e980c0efe20e4,1380043526915086780,group-00424,development,val
Nagpur_Region_Basil_Plant_Healthy/IMG_20191104_121928.jpg,Healthy,,300,300,7290205f60e7882a6f32a7b877fff2894dcc561bd6826a94563e7fdcefd8c80f,65f9bb2be3d6c2931f39b5fc0257c30eadad8f963d2bec48206d867aaf966b62,6360461562601263528,group-00425,development,val
Nagpur_Region_Basil_Plant_Healthy/IMG_20191104_121932.jpg,Healthy,,300,300,4cd16b716e1e517c34aae5fe63a4a2eaf66f575f67b7cd44415a74adb756c0aa,3a6e1e23d429392c2f9549a329443d37de9c6cbf062228b98d8fe80d448c0e02,4386954331862506309,group-00426,development,train
Nagpur_Region_Basil_Plant_Healthy/IMG_20191104_121937.jpg,Healthy,,300,300,bc9d68e132e9b9a0d739bcc4d7f17f73f5e24a28566019d70a6637c23fe4eca1,9adeac76ff041fb455faebfec2dff549a30a76d901e73de9ec294fb4c1e12df9,8178679537055413867,group-00427,development,val
Nagpur_Region_Basil_Plant_Healthy/IMG_20191104_121949.jpg,Healthy,,300,300,0ae96f99230232ff2ed9ff3aa2e206502262a440e05795a550c0bb5f40474773,993af12df9bf4399750fc5c027fe0d36e326742ce099258214d03dfd3bf8fca3,2980679411190967022,group-00428,development,val
Nagpur_Region_Basil_Plant_Healthy/IMG_20191104_121954.jpg,Healthy,,300,300,b0cc260e6e6b71da2ab28c2bf510e856fe3348ec8c7af7755eb464b177fd0bfd,4317f9b2c21731a1c82a8eb7d48cd5b1dce4b99b5025e29ead99157e6b5a754b,5480217963654457528,group-00429,development,train
Nagpur_Region_Basil_Plant_Healthy/WhatsApp Image 2019-09-08 at 18.12.29.jpg,Healthy,,300,300,1d4f6f72ebb1e85f57e9e3e96444386320f4360d4a7c2272824b3aaa57db92d2,9ad706f2a9b660371b6d44ababf2e9b90f5ae5e35d36e847dd333a979f849ea9,7065398871037422014,group-00430,test,test
Nagpur_Region_Basil_Plant_Healthy/WhatsApp Image 2019-09-08 at 18.12.31.jpg,Healthy,,300,300,afac7f97732c6c00e9ef2ccb1f6c490ce8681eac21ed728241277d20bdafc28d,6e7a581518425bd9cf732c2b627104ede7c870c45b74f4dc8795537a242e3769,5892879010479833515,group-00431,development,train
Nagpur_Region_Basil_Plant_Healthy/WhatsApp Image 2019-09-08 at 18.12.32.jpg,Healthy,,300,300,2f71e124ce7ad9e976534a580ea29d2e487dcfce3141cab28411f0a6f9092c42,390eccae7dc08580c38d2e32cdcdc303c2a20f3d154007f4dde9778ae8dab899,3766093191339313579,group-00432,development,train
Nagpur_Region_Basil_Plant_Healthy/WhatsApp Image 2019-09-08 at 18.12.33 (1).jpg,Healthy,,300,300,dad68dcbc3769e74abadbef9a73f8b780f6cc3eb90bfa34874aa9533a1d8d87c,f04d41cf19799391e6c70c338863e7d43228b35b684f54b88cafb69bbe0e697c,6119790137280086443,group-00433,development,train
Nagpur_Region_Basil_Plant_Healthy/WhatsApp Image 2019-09-08 at 18.12.33.jpg,Healthy,,300,300,316b5127d5390e2f02ebb19f4d4f6b5a2b89fd18b0709651b0fffb59c62d3927,04c41de95bfaed2353218ffafcc96ac0e550bc19c6c8a2688c5c5a184e821492,8809980378669138347,group-00434,development,train
Nagpur_Region_Basil_Plant_Healthy/WhatsApp Image 2019-09-09 at 20.33.36 (1).jpg,Healthy,,300,300,91a9a383e39b148de0b3fcea34ec28f23fb332423d2355289cfb103a33d26f63,325347f63241ffcf8e8317e30e31557d5d31082c31a229b02cb9e9116c5bb257,2183796476811096851,group-00435,development,train
Nagpur_Region_Basil_Plant_Healthy/WhatsApp Image 2019-09-09 at 20.33.36.jpg,Healthy,,300,300,e6383784a9951a13b757f9ff4246fafdaa454cd056d5c4ebaa432d5e08021e49,abb2cf4e6a5822c801657ac5f92c2ccb555ab3c25d7d42a76ead1532b74a2222,5541315181291987347,group-00436,development,train
Nagpur_Region_Basil_Plant_Healthy/WhatsApp Image 2019-09-09 at 20.33.37 (1).jpg,Healthy,,300,300,9ec031ce7e785fe95047982c12c06d7ec82ee813d9d622dcd8311d4d527a9ca1,8233850e2c93dc99a72a2bad98e3acc469a4044cebe4e745f43720d74681f9b0,904365042287470150,group-00437,test,test
Nagpur_Region_Basil_Plant_Healthy/WhatsApp Image 2019-09-09 at 20.33.37.jpg,Healthy,,300,300,7dcddc4771271a9a22118e9aa9cc64f8269461b9c37fad11c2836afd54799801,356f50da226c376e7ed3d19f9fcd0014d6279e80ce7d019d874a906c05ac811f,6441948803163383302,group-00438,development,val
Nagpur_Region_Basil_Plant_Healthy/WhatsApp Image 2019-09-09 at 20.33.41 (1).jpg,Healthy,,300,300,5b52ae8ba6460b368ec81aafd226850f82f11dbefd145804b462e2491f9c412c,6e4ee82b23f3cd95748a4aacf4be25d8945bde51d11dfd765232f71d21342b46,4893264998800999064,group-00439,development,train
Nagpur_Region_Basil_Plant_Healthy/WhatsApp Image 2019-09-09 at 20.33.41.jpg,Healthy,,300,300,cc6d4d17c0949b0a3964f1c10f1133feca0cd2455e4b63259cdc58e4694faa50,7323595acef465a92fb0629d1bbeb2d5864d00d8f3a609db90addfd80e95a9c5,2438236861173054340,group-00440,development,train
Nagpur_Region_Basil_Plant_Healthy/WhatsApp Image 2019-09-09 at 20.33.42 (1).jpg,Healthy,,300,300,d732cb47cc1306ea09f9e45108b5ebf1cfb571316955fee2a8f722af715dbe27,975bb6ca6505014d58de2c79e281eff92f473d6712c4df9f1222729995b54cdd,6859619714016985984,group-00441,development,train
Nagpur_Region_Basil_Plant_Healthy/WhatsApp Image 2019-09-09 at 20.33.42.jpg,Healthy,,300,300,cb7cdec218eedc0064aec9c9bc8ae3cdc15178965a897156012db73ff5aa9630,2f4ff5ad73cb5f5a9e5a901ef49de9f89b63a8d6aa5b56758c70df8173d133e4,1410587623886395792,group-00442,development,train
Nagpur_Region_Basil_Plant_Healthy/WhatsApp Image 2019-09-09 at 20.33.43 (1).jpg,Healthy,,300,300,c0a6184b7ed5cf062c598f8d401bb4bef92f3b0c0d938d03e9030fe6a458e976,769326ea8aa8b6c5662adc6e0e395a6a2432ffd8757b3c46b7d63bce573401fe,7951397222285494753,group-00443,development,train
Nagpur_Region_Basil_Plant_Healthy/WhatsApp Image 2019-09-09 at 20.33.43.jpg,Healthy,,300,300,5aa0982fed759752a159f2ec4f043c7e784bd67f375966401403ff54bfcb564c,c4de39573435969984c60f5f2b83f13824d7923470002207757362295c56020e,4967892103240875732,group-00444,development,train
Nagpur_Region_Basil_Plant_Healthy/WhatsApp Image 2019-09-09 at 20.33.44 (1).jpg,Healthy,,300,300,b110d035e51b271b3396f03ee0a3f3d0bd3016a3a02d0bdf4b8bb6338be84175,49492d53527844f25d4be24a38c88cb535b7567ab93697718f991d0b5af6251c,434161291421446611,group-00445,development,val
Nagpur_Region_Basil_Plant_Healthy/WhatsApp Image 2019-09-09 at 20.33.44.jpg,Healthy,,300,300,4362c5c590f711f33dd4dd97fc94afa188b810d82073728293d3ccd637a4c8de,46841b4791d0938e8865719518bf9de0778e190c1ec97e36cc98e9a183102567,5238879658380598580,group-00446,test,test
Nagpur_Region_Basil_Plant_Healthy/WhatsApp Image 2019-09-09 at 20.33.45.jpg,Healthy,,300,300,88f17e731ef03b996247c0273e63f0126cd3667a8ef574ccb9b72b8907d8c7f4,0a34d94eef0816bb85f8aed5b6d3e8d73932f68f693356065fe2bbd726d97c4b,6587865596544043411,group-00447,development,train
Nagpur_Region_Basil_Plant_Healthy/WhatsApp Image 2019-09-09 at 20.33.46 (1).jpg,Healthy,,300,300,148b9e79e0d7328110aa8a8b35f37a9a700e263314843863a6f45db9898670c7,d27ecfeec1f21d263cc2e3c6c45f92e3394d795117ab0fada51baf15dc1852ee,3702833123131018771,group-00448,development,train
Nagpur_Region_Basil_Plant_Healthy/WhatsApp Image 2019-09-09 at 20.33.46.jpg,Healthy,,300,300,baac88a68e857535bfe125236f72d346b9a03b34132e9c46e96764cde90a6dfd,0b39f9ac55ae31a5527ffd04e9605f71d981017981767af48e2b99b5519be115,7400314851643824539,group-00449,development,train
Nagpur_Region_Basil_Plant_Healthy/WhatsApp Image 2019-09-09 at 20.33.47.jpg,Healthy,,300,300,d3cd4257083a569beb89e588ca5a40c7c8abd9e350d52e3a882382d43a1e1eac,009cf578247ea640656b8ca735cc42941ce33d7b062d11b4f5fb16ba481cb08e,7617388190370057358,group-00450,development,train
Nagpur_Region_Basil_Plant_Healthy/WhatsApp Image 2019-09-09 at 20.33.48 (1).jpg,Healthy,,300,300,f5a55820cbf15673244cc25c179ad7ad9278a54b06ed55c746ee5ade490cdb57,00cad64096f0b4633d73f0b70ba0accc5a183a9f129809d16b18e69bfa7415e9,7198498805791485134,group-00451,development,val
Nagpur_Region_Basil_Plant_Healthy/WhatsApp Image 2019-09-09 at 20.33.48.jpg,Healthy,,300,300,153edfa7386616d7631f18f19d1349c3e97b70b04212a7978ae41df173e3d16a,008f4da3640ad687e318540682f1b81c862b7c22077065cf7b4e4c72d1f0bd15,3208293786968095126,group-00452,development,train
Nagpur_Region_Basil_Plant_Healthy/WhatsApp Image 2019-09-11 at 17.30.03.jpg,Healthy,,300,300,67d9c6c19c8e8ef10fef328aab7ebf226c32026d8417997f927dc1f9483ba961,c801645969af0e7e97d06e3a9de32500044bad84b03f6253e3ee2ac68f046cfb,5804457817082642926,group-00453,development,val
Nagpur_Region_Basil_Plant_Healthy/WhatsApp Image 2019-09-11 at 17.30.04.jpg,Healthy,,300,300,af6eaf1a7302021e5524632ba20186e9bbc1fd1dd9f42fc0420cf57b97062f8a,d303b5b8b315bdfa252693e631f6d6dfb71ccbbfe6e3a5882f10438b42eb3cca,8647126323307995630,group-00454,development,val
Nagpur_Region_Basil_Plant_Healthy/WhatsApp Image 2019-09-11 at 17.30.05.jpg,Healthy,,300,300,cb25085c1d88ab1579f952c9ed498de25119e26dfdbbc12171c9cce34c5ad3c3,c87a88ae1d595505b58d38ecddd51b1d4125f3a118d8de82274dfeab6da247c2,975470986436426554,group-00455,development,train
Nagpur_Region_Basil_Plant_Healthy/WhatsApp Image 2019-09-11 at 17.30.06.jpg,Healthy,,300,300,25bd2a28755ff3d3c809977a24e295b26579cc1c2445ee0698c378a93a9ad619,ec82ed487f63128245ccf5b6cbe01ae361045985a2968c00ec2600b7ee0b8f75,3558692027346926462,group-00456,development,val
Nagpur_Region_Basil_Plant_Healthy/WhatsApp Image 2019-09-11 at 17.30.07.jpg,Healthy,,300,300,b82d563ffe61b31de7fc2f56246384ff3e927ed8519030496bea372796e9c71d,7fe3a69cda586801a6f709596ad9c44e8190bc48684227f160c0bf6f635afb72,4936395469232160363,group-00457,development,val
Nagpur_Region_Basil_Plant_Healthy/WhatsApp Image 2019-09-11 at 17.30.08.jpg,Healthy,,300,300,7e05d727d7c4b1c2e501857af8d966678b5b159132fd40d0ea05c2ecf16bfe10,cc2f5fce10b2afdf4aab10beaaf4416f080f2f3cb8b769ff699254d1d20cd85e,7669298446636991925,group-00458,development,train
Nagpur_Region_Basil_Plant_Healthy/WhatsApp Image 2019-09-11 at 17.30.09.jpg,Healthy,,300,300,9646dda95148cff1fd05c76302204dd5cdb5b7012124cece120893b698f855cf,2615c4bc5add9affe0b49d1d4bf3e126fe5f8481875abfc8181fdfc3512347b2,1966106389810199038,group-00459,development,val
Nagpur_Region_Basil_Plant_Healthy/WhatsApp Image 2019-09-11 at 17.30.10.jpg,Healthy,,300,300,55a0a28d968b941acc5c0fb821cb77aba8d0daf8e8b7e965145397d8a8493b48,bd35cd1e4ff59079f7e345bf879dbc56b47f92e9f4019f7c6177ef2b0a8e172d,7044651990268644975,group-00460,test,test
Nagpur_Region_Basil_Plant_Healthy/WhatsApp Image 2019-09-11 at 17.30.11.jpg,Healthy,,300,300,edd2ea6dd842adc37611382f744c372c82c8ca3a09d71f46f3dcfaf28d8fae38,98bea84e3c75c78a317da8205faa42b64cdec7902e47b6cc15cabee5e0c2383f,6026714651466597242,group-00461,development,train
Nagpur_Region_Basil_Plant_Healthy/WhatsApp Image 2019-09-11 at 17.30.12.jpg,Healthy,,300,300,56571188f8bc643321cb8ea262ff1e4ed097749056f239e6aa2e8b8c7ba4d6da,b1dacea08f9b9bb80a7ed80a38d1b67517bfcb4334bad6e8ba5d2f413e7ae09f,5522365234741325371,group-00462,development,val
Nagpur_Region_Basil_Plant_Healthy/WhatsApp Image 2019-09-11 at 17.30.14.jpg,Healthy,,300,300,76c8d21ab99c505cf4edcb17ffd3ceb669916f602f89a6b26966bdfc3eea3480,b20c19c8bf9753e97a34d0b5fc8e0e6be5b17fa43f5e2a0d4aae2182b1089bdd,3459709107428539195,group-00463,development,train
Nagpur_Region_Basil_Plant_Healthy/WhatsApp Image 2019-09-11 at 17.30.16.jpg,Healthy,,300,300,6c85c5c1e5d8f990a1b1ab2f1770ce9489ce9c1e394dbad455a35f191989182f,7c5d8d59626fdeeca79a0f33e702160412e0a80e7eea7d2e67435b61bf9096f9,7447268492571716011,group-00464,development,val
Nagpur_Region_Basil_Plant_Healthy/WhatsApp Image 2019-09-11 at 17.30.17 (1).jpg,Healthy,,300,300,fc7d3d2233a1f4135597382456dafb31a3b0b743ae1304c6b81432a2c83b2d16,372e7dec6a70fe8f974cac31d704b0234b71d024dc27689095d0982b8d11d555,4366452715404806955,group-00465,development,train
Nagpur_Region_Basil_Plant_Healthy/WhatsApp Image 2019-09-11 at 17.30.17.jpg,Healthy,,300,300,ab94f99080d847bae435291159c26e8c3b758abaeb50d56839370528e076cd6d,ac13d3a8d071a61943f27e81ae59b27de378cb696ac8940f3a152768655483b7,932536558758414783,group-00466,development,train
Nagpur_Region_Basil_Plant_Healthy/WhatsApp Image 2019-09-11 at 17.30.19.jpg,Healthy,,300,300,1767f068c7bfe7c72ad26004dc3cd3583040f598253ed5005ae3beae86a77904,4bcf16018a86109e159f96d77a34d764b5d4b466eddf62c8949960c1411a638c,8955717823119427134,group-00467,test,test
Nagpur_Region_Basil_Plant_Healthy/WhatsApp Image 2019-09-11 at 17.30.21.jpg,Healthy,,300,300,763c61c4e7bae3fa27e195cad1e1f3d3b8d9fea0c32d1898feaa13d004f85de3,28d5708d81e0265b37d696c86d438d8c0d0ac2ed120d314625817c94aea00c2a,2541863677493918907,group-00468,test,test
Nagpur_Region_Basil_Plant_Healthy/WhatsApp Image 2019-09-11 at 17.30.22.jpg,Healthy,,300,300,a2975a708a77f61f7ccd0ca8b046d52af85dff099ccdca4fa7b95118fc878549,95fee0f262a7be8d6827ea103249871f6ed93eec6c62a25f0fd6f3675c2016e9,7251927992576652158,group-00469,development,train
Nagpur_Region_Basil_Plant_Healthy/WhatsApp Image 2019-09-11 at 17.30.23.jpg,Healthy,,300,300,843a8bf91cbb5d9b11b952e57de21c3a838194299d7ccd021dbb6014dbac9858,f2e96d0ee6533f403db7cfbf52ea4692daac0b4f7f02c60f511932a95fadebdb,6493678351875114494,group-00470,development,train
Nagpur_Region_Basil_Plant_Healthy/WhatsApp Image 2019-09-11 at 17.30.24.jpg,Healthy,,300,300,88b01f0c34d50d7b87709526f265f964a6a2929b6176540228f0ba10de8b9e21,8fe682ca4d9dd054db29954b68e4a9a2263d1af3647e07ab48fa9723854b331a,1020919879751316734,group-00471,development,train
Nagpur_Region_Basil_Plant_Healthy/WhatsApp Image 2019-09-11 at 17.30.26.jpg,Healthy,,300,300,1ad95a029d26b794872cb1e01748fb5acaf5d0e8d26d458ae48d8e6c43ecdbb1,61b11e8e301efbc4819f364c3d841cbdf96f014337eab86095fee6fac96e85b8,5081067010701284606,group-00472,development,val
Nagpur_Region_Basil_Plant_Healthy/WhatsApp Image 2019-09-11 at 17.30.27.jpg,Healthy,,300,300,62b9f5aefbc7ba35d04720e9cf690321ce65123e612a5b04dec322377015ca2e,a357d119809f02f84d4c4a9617f9fef0bd972085b007c8089d4c77036792e5ad,1210801768589825515,group-00473,development,train
Nagpur_Region_Basil_Plant_Healthy/WhatsApp Image 2019-09-11 at 17.30.28 (1).jpg,Healthy,,300,300,efc7be6964078ffb117c53cf39b31542e5461e914f3bbcea1d6045e8903bf390,cac61246351821233dcb844adb7ea34324d83e7c30a3d7d40b50a4e9a8cf6241,1662852221074134184,group-00474,test,test
Nagpur_Region_Basil_Plant_Healthy/WhatsApp Image 2019-09-11 at 17.30.28.jpg,Healthy,,300,300,65e7bdc93a3bfaf83fea7803cde79797b4458301d72400e257df7ae7fea025e2,98af80b90fe47da19857019ee23721d3d6862d480f870f6e32ba12db78fceeb5,1397407220502502571,group-00475,test,test
Nagpur_Region_Basil_Plant_Healthy/WhatsApp Image 2019-09-11 at 17.30.29 (1).jpg,Healthy,,300,300,220d6fffc2c87cdcc992e3a121eb308869e469252ea107b0ba1a96e3a895f4e0,a258adcadee68d40cd475dd8a29554349b952b3529b362697710f728d9e4b135,741936597688956080,group-00476,development,val
Nagpur_Region_Basil_Plant_Healthy/WhatsApp Image 2019-09-11 at 17.30.29.jpg,Healthy,,300,300,987337bc29a8a5ee97d9a7f3dd88aa628609e5e3c0779bc20fb8a58116d9bf2c,1e4dfe35470808bb99c0b9ae4658df7be3c35ce2d21b2d9645c3fbbbb632cb5e,4965384700883220658,group-00478,development,train
Nagpur_Region_Basil_Plant_Healthy/WhatsApp Image 2019-09-11 at 17.30.30.jpg,Healthy,,300,300,98a6e200a2db428cc903a1bb28c40d8394262daf564b03f9097a0f6c734c947c,bbeb9a8313db080fe5845a64486c79f21b2739a70f602581722d4b5187168e40,8698923032911652758,group-00479,test,test
Nagpur_Region_Basil_Plant_Healthy/WhatsApp Image 2019-09-11 at 17.40.20.jpg,Healthy,,300,300,3a4f4a16f44e1424c6a3fd679f2f1eab7dba07eaee4684819b4d033d03e8c75d,8ff90c0e09b1569f1df47ee1617222cd241301fccf42a2ebdd6316e7cfa51850,4679840193459403823,group-00480,development,train
Nagpur_Region_Basil_Plant_Healthy/WhatsApp Image 2019-09-11 at 17.40.57.jpg,Healthy,,300,300,ff3ee4e037d5ac5369e02e6c7dce1216d9a697f02aaf06af64c1148333abe628,704983c41640ee9aa1ebf95c72a7944db33a9476984d2cbbf731fbf203c4d57e,658489493480559023,group-00481,development,train
Nagpur_Region_Basil_Plant_Healthy/WhatsApp Image 2019-09-11 at 17.40.59.jpg,Healthy,,300,300,5ae4e4783e8cd9573431afeac16950bb2002383f35dc988b6de69b37dc7be1a3,65a220ad068cad4a8050d56e2234b2ea32e72cccc5e0d30b54bba8320d98de5c,2598124962397768187,group-00482,development,val
Nagpur_Region_Basil_Plant_Healthy/WhatsApp Image 2019-09-11 at 17.41.00.jpg,Healthy,,300,300,55a1a6aa1a9c120d3c4aef746f81ff954d1e366f244197849ad674058ba328a7,a105f869009578d856565a11bddd0719202ea4d70933511d7d7e2d4ebcb77ee6,116266142545371630,group-00483,development,val
Nagpur_Region_Basil_Plant_Healthy/WhatsApp Image 2019-09-11 at 17.41.04.jpg,Healthy,,300,300,e57bfaa5149a5b4e7cb061408907fe4380a8c7ebe468650999615034a8b67507,ae9a6d75dd230ad6a7025ab0ea2e4b9301edea7b6069f7816beecb4d6e113de1,6045435265565376955,group-00486,development,train
Nagpur_Region_Basil_Plant_Healthy/WhatsApp Image 2019-11-04 at 9.55.08 AM.jpg,Healthy,,300,300,f59bf4f7b18837463d76717f47814dbeb4890934d6baa507110b57758572b923,7bc868641eb19fc2d192f03e5e3766f6080628491aa884c38de470aaf1837413,1031130006914549270,group-00490,development,val
Nagpur_Region_Basil_Plant_Healthy/WhatsApp Image 2019-11-04 at 9.55.13 AM.jpg,Healthy,,300,300,07798a74aaa0d59c9d22ee2ece88d64e4c0f1df454b3f1b220b2421e83267ac2,fad627261d0e8cdd701cd0350185b0f6be1b222fdb7c06caadeebb7bad43f2de,5519752440259764675,group-00491,development,train
Nagpur_Region_Basil_Plant_Healthy/WhatsApp Image 2019-11-04 at 9.55.14 AM.jpg,Healthy,,300,300,68d21e22425a2216543c59626741f00b119a09261468de6c54ad1b892dff15f0,2d8a20b954440ddbaf5a608b74e4481aab1a968e91c05b7dc028b96e13cc369c,3226321131554630802,group-00492,development,train
Nagpur_Region_Basil_Plant_Healthy/WhatsApp Image 2019-11-04 at 9.55.15 AM.jpg,Healthy,,300,300,4c2ebd3a7f1c87d70d4c3e594e2d0ab1bf3427511e4c7a146eeb001fc1f6ddca,fe420aa705e5964f1fd14c6b0bebfbe2901310453d40b3f2deac095d37e24749,5606291929199687235,group-00493,development,val
Nagpur_Region_Basil_Plant_Healthy/WhatsApp Image 2019-11-04 at 9.55.16 AM.jpg,Healthy,,300,300,c9f3d677257356f551fa9dcf828def68728062172e3398b290799703c34f9c47,e43a54be38d298b2e52b31a08ab5a260bbf2560218dfd0a92d382163c2fb00b6,2763434171303136462,group-00494,test,test
Nagpur_Region_Basil_Plant_Healthy/WhatsApp Image 2019-11-04 at 9.55.17 AM.jpg,Healthy,,300,300,7b76b890c545e0ca1fcdfaad521d9f8c0a50c933352961fcf29fe0647fc1fb9f,e68f79fa75e6704f5357ecaa0ca86552f83df5cdeae48d37a01d3d69739f0578,5310220711136472275,group-00495,development,train
Nagpur_Region_Basil_Plant_Healthy/WhatsApp Image 2019-11-04 at 9.55.18 AM.jpg,Healthy,,300,300,51cc9d022aa8c58753c19bd9730ff55dcd956fe31922e9931909f6dfcfd5238d,e2868ce6d53fceaa133bf7dfc68f7ff2bc7bb5547425aff5da4de236decfa630,3594414141827663382,group-00496,test,test
Nagpur_Region_Basil_Plant_Healthy/WhatsApp Image 2019-11-04 at 9.55.19 AM.jpg,Healthy,,300,300,fabddbc5115eb568a951fe394c37cc2e893a5cf127ba57369e2151e96ea896c3,a9907aa0adc97184d7c33730ef3c8686449ef37e2ee26a63ee6321838817f6bb,7047600386459001235,group-00497,development,train
Nagpur_Region_Basil_Plant_Healthy/WhatsApp Image 2019-11-04 at 9.55.20 AM (1).jpg,Healthy,,300,300,0bdab125661942b8198d6f2db40e8db7f7369c85753b98f2edb18f52e9fad652,3724feae05e4ff65f8a35a70a533f2e898ad5e386e0768b7050b54a93d88be4d,5535799592885569363,group-00498,development,val
Nagpur_Region_Basil_Plant_Healthy/WhatsApp Image 2019-11-04 at 9.55.20 AM.jpg,Healthy,,300,300,f4f7709a9588a5e1c0036dccd8cc92355ded2990d6012cd6f22f95c23c0be335,471dba3976bb17a1954562e740e9eb8a8fdb476626f9b32cd8d16e7b19387be3,7054354061473309843,group-00499,development,train
Nagpur_Region_Basil_Plant_Healthy/WhatsApp Image 2019-11-04 at 9.55.22 AM.jpg,Healthy,,300,300,da1600d61e136829dffc573e4121dfa18972b4b6bb28920ee811cc79259be3a7,c80c9756b7261269df41aae62d9e95d05709e89db86b8909663a94e220135ece,2734191359423637142,group-00500,development,val
Nagpur_Region_Basil_Plant_Healthy/WhatsApp Image 2019-11-04 at 9.55.23 AM.jpg,Healthy,,300,300,ef498dc9ffbb4c477a241df9f6844b8217ebddde42c0fc8160c002ec99c83de6,167f5cf47697b672d75d8b1c8676a60af0b6e99db0cc4495b45e138b494e8660,6470982507429246535,group-00501,development,val
Nagpur_Region_Basil_Plant_Healthy/WhatsApp Image 2019-11-04 at 9.55.24 AM.jpg,Healthy,,300,300,8e96f3f0401486fbcea5985cb440352785dc07af1daf57932b50fcc1ff6764b3,b18db303fd14fb2d9da91033f07a7afeb9e90a0cd90b84b1f6465c5bf31a3f7f,2165696456202529939,group-00502,development,train
Nagpur_Region_Basil_Plant_Healthy/WhatsApp Image 2019-11-04 at 9.55.25 AM.jpg,Healthy,,300,300,06c423464d3ddea59cfe21b1c4e676e47dfb65c5f48331b63eaa5b364136fd73,c9469f9eb7edc3207e425e048d7a4a07282f73602f87a5c99ec2ea93f9e18c96,3798230044978346459,group-00503,development,train
Pune_Region_Basil_Plant_Healthy/IMG_20190904_205214.jpg,Healthy,,300,300,f0deeba95a20067dba5bc7951cef8b8ac3ffe2455e2022a65d2ff169b4cea127,039886441f5be1a91794c2f341619dad1cd194dd6dfc69eab81d6100ea0d4e2b,7049988141591974074,group-00504,development,train
Pune_Region_Basil_Plant_Healthy/IMG_20190904_205231.jpg,Healthy,,300,300,21b6132b5a9ac6e5fe5ac698fd2ff13c2c9363025132bf1f6deca936269f731f,42b113075760a1eed05a0d7c85500616ec774707653ae62d3871ec0186ff8807,6361476426401824620,group-00505,test,test
Pune_Region_Basil_Plant_Healthy/IMG_20190904_205239.jpg,Healthy,,300,300,d110ca2a24ce991fe81ab3f29b53efac67e087963e00ed93234f1f9076d21ab3,a85f21a625087c7e7ec2f02d67172afb6bdd085baff7728e39a0a6c366adaaff,6444795445149616588,group-00506,development,train
Pune_Region_Basil_Plant_Healthy/IMG_20190904_205248.jpg,Healthy,,300,300,f3ebf9f82aae80465b1e7a7ccd3b70a3269f7741e5c6d948e635a1d738839b49,5f6b04693b6863507dac6c10952bd377f985e5ad4a0e1431371a6ed00b185c1f,699926677147205332,group-00507,development,train
Pune_Region_Basil_Plant_Healthy/IMG_20190904_205302.jpg,Healthy,,300,300,b58e35633ae6f1a07c5c241d7d93f4eef748fb6f8ff11eb2966c317e773971ed,e9fd6b54744a022642d1cc7fb81a9ce8250834f45073ecb018967d2833418b4e,4616922141223792060,group-00508,test,test
Pune_Region_Basil_Plant_Healthy/IMG_20190904_205307.jpg,Healthy,,300,300,b936859ec8acfa1de41840a8fd9cb3dd24aacd34e8ba1659143691532e0012cf,83b493f58f79e4c49b160c7b3917d0b028ad28066c3acdc50a72ab25cd7cca7a,5864994111175498152,group-00509,test,test
Pune_Region_Basil_Plant_Healthy/IMG_20190904_205312.jpg,Healthy,,300,300,f9ec12e2fe7f5767bd9c751767f2a39e8cba1e36b175b1997c86e73ac312086b,c0ceade1f5b336b30e88e2a62b9133a14808d4895d3dc18e03c739fbf8d28c47,46409091339249509,group-00510,test,test
Pune_Region_Basil_Plant_Healthy/IMG_20190904_205321.jpg,Healthy,,300,300,90f3241ad22e6170469ee3b66dcbcc91bf2d8a5f2f8182aa17ed1e74b3eb7eae,bd5271f831b3751ff6f85a9f35ede81dd2761fb454ff81e3a3b362a2218763cd,5117384464148587505,group-00511,development,val
Pune_Region_Basil_Plant_Healthy/IMG_20190905_074517.jpg,Healthy,,300,300,29e6ab594dae43493c914c13981e9d3ab5805693bd93af177b776df7f65fc7da,4e875464efd94328c3160152733ff6ea7c28635a4e731f83d7896c0b209c526b,1012423173908780207,group-00512,development,train
Pune_Region_Basil_Plant_Healthy/IMG_20190905_074538.jpg,Healthy,,300,300,81b37570153d9b31987a3a02792f26468474bcbc50b79e55d21f26f9e1693a0e,fd00015495af743e318a7c512d03b75a71d03a0a2425adb68977e847a9bb8509,2051813816237593003,group-00513,test,test
Pune_Region_Basil_Plant_Healthy/IMG_20190905_074559.jpg,Healthy,,300,300,986c2d06b661ab0a65fe3b376fca7788bf1f2289c26833614e4edac869292155,8b4c12833c5cbd8016047ba2c42ad353dafd72a97e6ba9e47716a93b8d78d6b1,796652472110362859,group-00514,development,val
Pune_Region_Basil_Plant_Healthy/IMG_20190905_074606.jpg,Healthy,,300,300,feac1b273318e0d203af083e6c357f121fa69736158501eed4025abd4c94adba,dd2d0ba0066585975d19fc068406e99a2eb67cc1759650ae44d74f40ff4d86f2,7486697894152398062,group-00515,development,train
Pune_Region_Basil_Plant_Healthy/IMG_20190905_074627.jpg,Healthy,,300,300,394639dfa7efaeac2e95476211daf37c7409b22ca598ad853c53d5b09e82773b,d0dcedc4eaa372bbb589cd115621eb36470f0ed1f7ff9eb55153711e6bba78bd,6670462252979946927,group-00516,development,train
Pune_Region_Basil_Plant_Healthy/IMG_20190905_074636.jpg,Healthy,,300,300,3a266a9c39ce330de3efc4f1bd27b124c5924749cbf1610ad95e66f25a14779e,fbb45f66bf5ac9818df5a460ff83dbd3469b19d15ddb4ba1f3e8469af5af893b,4946825010070803710,group-00517,development,train
Pune_Region_Basil_Plant_Healthy/IMG_20190905_074644.jpg,Healthy,,300,300,ca1ab533775a8a2e747c2292bff65431c7efc7579e9744e8c0217cc2309c5e94,0e336960eeaa3d635f60989ef33ea332612415bbe5fe24d03da26793fa42afcd,3680430126277891262,group-00518,development,val
Pune_Region_Basil_Plant_Healthy/IMG_20190905_074651.jpg,Healthy,,300,300,76035b5fb22158b7f54c3668faee57a1ad44b993a9b603ea9c2df077c8e3a759,281e53fd5f495e57f71978d48aa7c4c5c2834c33acc3aea84b5b4d2430d08239,8258667282628187326,group-00519,development,train
Pune_Region_Basil_Plant_Healthy/IMG_20190905_074840.jpg,Healthy,,300,300,fe7c500190f423a92c57e5fc51b82c35dcf5c8753b45ad34f8bd66e194e3fd11,3feea987ed8d1bb5ec4e03af0318a0b0c1f658f47199ab5660970ccc701867b3,4351499764883030443,group-00520,test,test
Pune_Region_Basil_Plant_Healthy/IMG_20190905_074845.jpg,Healthy,,300,300,2c5cc5262837f0956ac0f8da27833ce1528c6e5ea01f145a6e3c8e688fb298ff,c2ec47c0ec97d3afcfb338c817798fcae352ec59a320851f6c96131f8bbbc77f,5702596932260890027,group-00521,test,test
Pune_Region_Basil_Plant_Healthy/IMG_20190905_074854.jpg,Healthy,,300,300,c04b96480efb9f3a93a19ccb6293e4faf3fef87f787f265b5b89eae5939f1a09,7e8f6677fc01e070fb48e2e310df20cb21fb771440ad19c5cf6506b4c512b0d5,4153704646290027710,group-00522,test,test
Pune_Region_Basil_Plant_Healthy/IMG_20190905_074903.jpg,Healthy,,300,300,24b5f641815d2d4beb3dd23de2ff1e1b555dfa32d253a1edc4927d7a44f3c5a3,cf2df6159287b3af272f8ea24baca81bc940c0964c5d0d7e1efd4c30e4eeeca4,4081664575467271358,group-00523,test,test
Pune_Region_Basil_Plant_Healthy/IMG_20190905_074906.jpg,Healthy,,300,300,adc96ce2974ab416644c210de15744da82692c46b6f5f3fb1e1141fec5206422,176d89b9e156baf984baae8459eaa07019f2f9fab75c0ce2a10451557d2f987f,7885077399112811950,group-00524,development,val
Pune_Region_Basil_Plant_Healthy/IMG_20190905_074911.jpg,Healthy,,300,300,4c4593aedb28c3b4d8b50c730a78d29208ff38b0060e0b2eef179c19620cc2fb,b04716f74417b35cecc83710e54468125d419d4dac3c21defcc60bd4addb3b15,2176988164237926891,group-00525,test,test
Pune_Region_Basil_Plant_Healthy/IMG_20190905_074926.jpg,Healthy,,300,300,bf1a129ea42a3ed4fa00d983d9df3c0a7ff27d034c9ad3ca07a65e4861390ab4,a642a3596e0df6b373aea50df7c457de972d1361756c4694db6f7bc7d0187f22,6404608129530970603,group-00526,test,test
Pune_Region_Basil_Plant_Healthy/IMG_20190905_074935.jpg,Healthy,,300,300,4c0fd087d84047b66c414afd5045e39dcee3c86c66d6ee39fb3a33328d902dc4,f32594588ff9e984ada7ff0b878cc4666afc386a8c85cd81dde2522bcf1f220c,3329961139361153455,group-00527,development,train
Pune_Region_Basil_Plant_Healthy/IMG_20190905_074941.jpg,Healthy,,300,300,535f1197b343709e068e80c5198fcb4e8e3925872864992655113b650068464c,5a548c509248d242c297d65334e2414632d47bb23375b44b578ecb424b3541ec,3726044925529461163,group-00528,development,train
Pune_Region_Basil_Plant_Healthy/IMG_20190905_074951.jpg,Healthy,,300,300,8160e8f96342fc77203e5bb014e40b12757450300deabf059ce7b5cc30012574,cae205b535a89c8c18e279cf7dc2163bcba5ac32139d6c7c5814db372ee46c71,7908829186964636075,group-00529,development,val
Pune_Region_Basil_Plant_Healthy/IMG_20190905_074955.jpg,Healthy,,300,300,623199905cbcbad6a16106beb0600b957cc9e233301396a4a1df7886905c5b62,7f4b35aa744e43686ffc89de1f839e91399841d207b98ff516cd12e51c37dd17,4370380935774975166,group-00530,development,val
Pune_Region_Basil_Plant_Healthy/IMG_20190908_171536.jpg,Healthy,,300,300,cff14b21e409e56fcba6363748a9c7d9c5286df16b419cf227fe9056b391d164,fb237dfdb14a7c1b3d4896da25eaf536675b94c1252cde4ba2eae42c756b88ee,2534650322092239102,group-00531,development,train
Pune_Region_Basil_Plant_Healthy/IMG_20190908_171539.jpg,Healthy,,300,300,1ed1d334902aa0210f235fdc380da29e7dd943c16287e55bc32ee8eaae7853ae,10ec2ab210888a5d175e5a5b46015afb76c5f0cc09d339cd96da3e6d7ff1f7c4,3099014931096997310,group-00532,development,train
Pune_Region_Basil_Plant_Healthy/IMG_20190908_171544.jpg,Healthy,,300,300,643a59b514cd17af1c82d768fe4e0a0551b38c713b5f818012f6cd01dff26969,441b188b020b9de1d070abe2964ed4f05b3ec509edeeb3577485b26762e22847,5831625169162149054,group-00533,test,test
Pune_Region_Basil_Plant_Healthy/IMG_20190908_171547.jpg,Healthy,,300,300,90a4090940a174ef408691505d8272f8bd9b5792dc05bdd2601e529badb1a234,cc511412becbad1795009b3efe70060ac8845013913266cf39c3aaa881edee53,2525725940973265338,group-00534,development,val
Pune_Region_Basil_Plant_Healthy/IMG_20190908_171549.jpg,Healthy,,300,300,647c54824754d63915aa79a0f4e698aa68da20389813d2aa0a1b67e7587994dd,54aaf4c69771e2e4239a0b0d806a4523b8ef0bc197293f7a7a5de32b42095201,5282474050003880378,group-00535,development,train
Pune_Region_Basil_Plant_Healthy/IMG_20190908_171558.jpg,Healthy,,300,300,9008d01a6ce25cafd676558a4b0d238aed34aeccfdc397cc098da831aab11892,93c74e41e03cbcc8734ed8579baf7a56007c6854bcb5edf21e7c534ecb043caa,6338691245556613552,group-00536,development,val
Pune_Region_Basil_Plant_Healthy/IMG_20190908_171602.jpg,Healthy,,300,300,c4d01a38e532893672122b52beab85e047976b7101ff8ea9d3539bde2d135761,a8570be56aa4e8239bb37337dc3ad3ab4a300a49de0ee76e74e62007f4a1c9c7,6444013816639624088,group-00537,development,train
Pune_Region_Basil_Plant_Healthy/IMG_20190908_171606.jpg,Healthy,,300,300,1773de0cb1d33fcc843920a740b77f1a95c33d83a2c29fd01f14a0fef8a00e01,102fb659fd9eb2ea429573056eb27f982c4f92b642e9b8b07d3c22ee8fef941a,1336423452519945048,group-00538,development,train
Pune_Region_Basil_Plant_Healthy/IMG_20190908_171611.jpg,Healthy,,300,300,aaced8c1e6b2008c2bab5aa7f208ce83438a68bc9f4c233b003428f25de42936,75fa3a7a89d7c0eefa0a56128e09621019d712b4a03307b03e75463a576b90d2,3934095981410709644,group-00539,development,train
Pune_Region_Basil_Plant_Healthy/IMG_20190908_171616.jpg,Healthy,,300,300,c99da00da44cf50a989cb5a295bdae5bd0e9c72523862ad45404795362acc9b1,edf60e715dd07bf6108dba97c579d796cb93b9f29ba858017c4b293c21979103,6559830602098615486,group-00540,development,train
Pune_Region_Basil_Plant_Healthy/IMG_20190908_171621.jpg,Healthy,,300,300,4e2cf5ce317a219e2f67dc7d49ccd5120c5e530464c2897c1504307e01760e3b,37d6f43acce3184d0864ebe0f3250a9052fd11a3318bcf9669503a7efe8f8c39,4199915017696650683,group-00541,development,val
Pune_Region_Basil_Plant_Healthy/IMG_20190908_171627.jpg,Healthy,,300,300,d6380d606c7aab4f06896c7f6d35e1a9af08bbca6f2cbede4b1018f9cb0bfedb,2af4e98adc6c32a84a6ba05d1160b1ab445aded4dfae37b711acbd2a4b9dc463,9026771015393859240,group-00542,development,val
Pune_Region_Basil_Plant_Healthy/IMG_20190908_171634.jpg,Healthy,,300,300,9644e98383ffca1eeaf4fd0a40ef4f278459078d5cf57439d9f99c5d93a64380,bd41fa096bafbbc9460e4b90342f809655dd8205c72ad09269be0bf62bcaf017,7352551962567965848,group-00543,development,val
Pune_Region_Basil_Plant_Healthy/IMG_20190908_171639.jpg,Healthy,,300,300,b53ef22db66661617f85b644c90ce73b3cf68a774cc4ae31f122d13952f1684a,6f900f7cf083ee7fcfbfee3e4df4a9bb424f1d95f8c5eee7145dd4481f05358f,3930387957058545304,group-00544,development,train
Pune_Region_Basil_Plant_Healthy/IMG_20190908_171645.jpg,Healthy,,300,300,6ad0d604d4eebbbcbbcc7b6da4688a0055d693e0cff02abcb2ee1064111f370b,94f779b68cf75f58740252c8726350be040d5e57d36f3c0e253e470895e23eca,2683453835353181400,group-00545,development,train
Pune_Region_Basil_Plant_Healthy/IMG_20190908_171648.jpg,Healthy,,300,300,c81a186e42d693d544be25534e9e5718d6bded4c7dfb4188088c68ffbfe9a3ad,15d1e35a9457b835e1cf22b0756ecc1ef1e35f0ab809afbe3fd6ffbafdbad9f7,3685291481622102244,group-00546,development,train
Pune_Region_Basil_Plant_Healthy/IMG_20190908_171651.jpg,Healthy,,300,300,231ba7ffbed2ba9efc9aba44a94c8938f294813a6cdebe27e44ac240e0bd607c,8b8ef30edd5187ccc90ec443f6ce0d3df556fb452302ad6c9cef178f173286a4,3902299858797823580,group-00547,development,val
Pune_Region_Basil_Plant_Healthy/IMG_20190908_171655.jpg,Healthy,,300,300,b468ff910bd40725663c3e3e23af4f5ed6c6ccbe3e849033c73e2de55843785b,164a0098838b29530fe353193080be2f746732bb6e4b95439275ca7cba57dde3,3258576216523249168,group-00548,development,train
Pune_Region_Basil_Plant_Healthy/IMG_20190908_171700.jpg,Healthy,,300,300,b4734017e945189911a4efdf195ed8074dc22b529823cbca8e3f2b67233a6ff6,f27cdbfd58e2b9c7c664008b6fbf59222d304dc1c626edb5c04cb3d1a3c47031,6103167342697906619,group-00549,development,val
Pune_Region_Basil_Plant_Healthy/IMG_20190908_171703.jpg,Healthy,,300,300,8144e86f7816e3635f0997aeaa83110ba90c34cf4a6660d25096a5c3b95baa73,caa9a2e772e75529b5f6e71cb92629226e7fc91dcbbd7720573fe63dd7064fcb,1108333850467173291,group-00550,development,train
Pune_Region_Basil_Plant_Healthy/IMG_20190908_171709.jpg,Healthy,,300,300,189a52aa2385ac8b9f1f94840414b57e29bf73862e881db8fa272fa6e6a3df29,208dbd1c52034a4f1d3705ede27b5f84edef1e97394d91421d979564bb131d68,449334421753128107,group-00551,development,train
Pune_Region_Basil_Plant_Healthy/IMG_20190908_171714.jpg,Healthy,,300,300,f643e2ca5664248e249682a5959a141e808f77275f9ca7f498b3b17f100c5228,15ef94c83aac82acc59b4fe2329aabd1c1b03dcdc55cff7e943e3c3b8edf8f67,3924542022023332331,group-00552,development,train
Pune_Region_Basil_Plant_Healthy/IMG_20190908_171718.jpg,Healthy,,300,300,d67934e66bb611499d90ee8b69d0dd0d7d812b2bcfe4216f779c856e528042d1,69af0c137797d20462c6f903fa5ba6d4f0efbb60bc4ebe5e1d27bd9cf10203ad,8106822828100572411,group-00553,development,train
Pune_Region_Basil_Plant_Healthy/IMG_20190908_171723.jpg,Healthy,,300,300,49cc7c915a872281e731fc2572d4d84bada73e224b034f8b0175fc81c94bc479,e8f8b176e3e078a8f333c7beb87f56e5271b61fb4f16e1de569941ccf0c0e6fd,2813046557258247358,group-00554,test,test
Pune_Region_Basil_Plant_Healthy/IMG_20190908_171726.jpg,Healthy,,300,300,57354aba7ce09c475b65494a74d1ac4d4c0bd5b3b030abf12500938a69a999ee,8c7e3a6112ed670237eaad92b1a76e51702ecbfd63ea01b6fbaa9e78867359ea,4864376345458002350,group-00555,development,val
Pune_Region_Basil_Plant_Healthy/IMG_20190908_171731.jpg,Healthy,,300,300,0fd98f2c51aaf41a9fbd71c87a22b49a0528eab3100fdc9df80b1bcf9e53a94f,5f811c6e92a8cf0964bf5571a13ba5923022c82ed6bbe0b4a87409c7679728a5,1619163447938163115,group-00556,development,train
Pune_Region_Basil_Plant_Healthy/IMG_20190908_171736.jpg,Healthy,,300,300,e3b3651f337c5e12b120984ca88fe5fe3bcf1861c7bbee3562ea05fe46ff6859,177419730376de2d52027b918c69fab0278a8ab79acb802fc2565fc69659928c,3508128949885667835,group-00557,development,val
Pune_Region_Basil_Plant_Healthy/IMG_20190908_171742.jpg,Healthy,,300,300,b26c2ad0b06816a4cf0582e1fc985bb53562df39d79990e87dd37fee09169ad9,1084b11a47eb4971113851b92e78bd402fb745f764849eee83037da6ac5b4aa2,2427624858348472751,group-00558,development,train
Pune_Region_Basil_Plant_Healthy/IMG_20190908_171752.jpg,Healthy,,300,300,5a6457ce57d5d54142b49113f4b72339bda94493409b661296dd6a9983d8e355,3d42422ba8e025ec8f7c218a0486d02a5293a8638f6ffe83f3d43d7c2224d762,3894761157490852282,group-00559,development,train
Pune_Region_Basil_Plant_Healthy/IMG_20190908_171802.jpg,Healthy,,300,300,7b6e4b5700b47f4d1fda05e63da04505d13edde99c9398e9cdd82c48e23bf392,7ab55ac90637e14f32f047634259319f3f3f961fa3fee4b5837d03a55b88e66d,6249230349499613720,group-00560,development,val
Pune_Region_Basil_Plant_Healthy/IMG_20190908_171808.jpg,Healthy,,300,300,430180ebddc1d90a215e96821a5932ce6b4521d3f868ef90dd035e1e653e2875,44fa6dd0c45f593f1295b449efa1ae816a6f298448857ceefa1e2b0fa38be026,2757902136995379710,group-00561,test,test
Pune_Region_Basil_Plant_Healthy/IMG_20190908_171814.jpg,Healthy,,300,300,04c7c704685bba45ca5b36d6565f78329b7f6fed8de7a5154261d8106d293317,331598476acec3cb71b529c87003632c6b792d1e1aa3327b72ff40f6e65cb9f6,6450273309523314235,group-00562,development,train
Pune_Region_Basil_Plant_Healthy/IMG_20190908_171816.jpg,Healthy,,300,300,bd44ac53bd301dbb238d93fb799fc3f3516a281867bd04824ba467504e784989,5ab247e9faca19f7f723657b06b879f174cfc02718d602eb770363dcf26183a9,2754200926017685947,group-00563,development,val
Pune_Region_Basil_Plant_Healthy/IMG_20190908_171822.jpg,Healthy,,300,300,3ba574e67c70e4e78939db1756fc62dd722ad469fa2bb1815931cf1b97747aff,f104f77546c3bb3f0d1e2eb90acc0f14371aa1ddb664ff1ac0f129d5effa4e91,9009114693057086404,group-00564,development,val
Pune_Region_Basil_Plant_Healthy/IMG_20190908_171830.jpg,Healthy,,300,300,499150d72cf6ed2902e1f5fd90025107eceb6a733c67e5c9854e964e529e4750,9783b0ab14fbe2e9926a6bb72b18f1662d3e7feeef95a0884c8eab44fe812d4b,5498212691681123464,group-00565,development,train
Pune_Region_Basil_Plant_Healthy/IMG_20190908_171834.jpg,Healthy,,300,300,2689fe5d33214612a2c10123dcaeb860908fb1cf77fe1efcc8e4a8b99d0cc238,a9009e99f1d429147b24e66dc926fdec1821ce1b664006fcbf6c1320c25f2a62,3899256668325850248,group-00566,development,train
Pune_Region_Basil_Plant_Healthy/IMG_20190908_171836.jpg,Healthy,,300,300,4bf9a4c9d1f50d7e29a4442eaa07a9d45037f0120349bfc6c946ba25be3b022a,4c9809a18dc37a0536ae0bd1301cd675b3e2e7e760804a286c8bdf295c028a0c,4187735512404698292,group-00567,development,val
Pune_Region_Basil_Plant_Healthy/IMG_20190908_171841.jpg,Healthy,,300,300,03e84de3b1d6cf52cbcf4acca4c16fd44e6eba4aa66e6fc038e6c08fdf6038fe,2ce4b6295d4135acb1684ed51d24c19c2d725ab663cb4db6e59ffe811e7124e7,6457483018526501128,group-00568,development,val
Pune_Region_Basil_Plant_Healthy/IMG_20190908_171843.jpg,Healthy,,300,300,58d5c2aac8c30562c7f62e8ab60ade0415cb46f728c1c601d2cff2a65dd6cc63,c3a72b783249b7fcd74faf303f906f7bd57ce43c0452b26cddb237dc13520039,71179937129410113,group-00569,development,train
Pune_Region_Basil_Plant_Healthy/IMG_20190908_171847.jpg,Healthy,,300,300,fa1bbbccbf413354a8f47c4a1146b8bc1fd286b0b94584ff46cb2d27dea26565,5657a41d19112b7912147b0774c41257438bb9a16dcd1a4ef32bd2ca8ecf76b8,695793560875147008,group-00570,development,train
Pune_Region_Basil_Plant_Healthy/IMG_20190908_171852.jpg,Healthy,,300,300,a2a9f48d06082fcc49ef1dd2cea32cbd61d3516de30d2c9ba6a81923c2adcbe6,87eb77891beca6a19ae5b130be947e403d49c1836a9ef4020cbd21a2e8eaef24,7135026252693607851,group-00571,development,train
Pune_Region_Basil_Plant_Healthy/IMG_20190908_171855.jpg,Healthy,,300,300,4dad0976b6723957ac2ab96d41d4d7f4e782d1af62c4e44eb6a47051626eed1d,172b081efa5525437e23d59cb4990fb20e6445cc086fff5403577e4fad0271b3,7371333564568408555,group-00572,development,train
Pune_Region_Basil_Plant_Healthy/IMG_20190908_171857.jpg,Healthy,,300,300,1ef827e7b89a399d55de62497d230b4dcc606d527fd3f5f79a1ac1ab106895d3,cf0f6b4523fc3d845312ad5f164a3f6fa51a4fb98050d342e72776541987e00f,5299773328873206251,group-00573,development,train
Pune_Region_Basil_Plant_Healthy/IMG_20190908_171901.jpg,Healthy,,300,300,14dd078cd218fa121c33886362d8de4f9788c14cc8e7a7613aec836aafd71baa,7bd68a2702267248aae93f5ad7f9822085afe29030f2393753384286ebb8f373,8824890091644322235,group-00574,test,test
Pune_Region_Basil_Plant_Healthy/IMG_20190908_171903.jpg,Healthy,,300,300,18e2a8f0adf005170073e6d05860182a3df99608f46130b8afc2e8d993ae2c09,3599f74c99727f6a4f24369e02f423053a4c24b70763919d19a7ab149b0137a8,5940281831066911147,group-00575,test,test
Pune_Region_Basil_Plant_Healthy/IMG_20190908_171908.jpg,Healthy,,300,300,594ac69a566227517c29ff1d3926b605974e1208b398ac6c2490579a18b0c419,9a35a13c11c677263a4e49f8c9c010eaf32df8886dd16ca27729fe07dee743a2,1819151904225802251,group-00576,development,train
Pune_Region_Basil_Plant_Healthy/IMG_20190908_171912.jpg,Healthy,,300,300,3aea58b5f0e3791242724f3b86a4ce4129a1869f26dd41d6b508b15241346184,6a53ffb22d04a2b154569e8ff4a66113ca710df24070a2a9e1e8b7deba501534,1610561426646082272,group-00577,development,train
Pune_Region_Basil_Plant_Healthy/IMG_20190908_171916.jpg,Healthy,,300,300,21510263cdaad0f6782b487120d94267e8e9d9702ad2ab0f2d4eb7a7f69c654f,9937196e3d3fd8041bf296a91e16e070c88e622695523ad12d6924fde4d18b70,4039965350395093210,group-00578,development,train
Pune_Region_Basil_Plant_Healthy/IMG_20190908_171919.jpg,Healthy,,300,300,7dc54aa4fd5e52d3558a9d778d48939061a477065473f8d9e8eb0b14468cfa33,b5157e704210f22b01f09d534d7ec27c92c0c47b9bfcfada08b083caace82660,4276443831460143352,group-00579,test,test
Pune_Region_Basil_Plant_Healthy/IMG_20190908_171928.jpg,Healthy,,300,300,76732a96b0baa5874ebaf05e17cc1fe175a78d4c29101f2d807ff6a759a1b1e4,4091fccb7f8d1906abd1dd42c44ca02130ef86ac57efc57e1494ef2c853ad03d,4728249727042593259,group-00580,development,train
Pune_Region_Basil_Plant_Healthy/IMG_20190908_171932.jpg,Healthy,,300,300,1887f49a89f67d48ac3fadca93cf764d2a92d83edd0c63e7a9de38bd20d91131,567b3bc191658d1add50866bcc45e598b2a8c8e9fcc9c539890709eed3c6ae7c,1399672866772025838,group-00581,development,val
Pune_Region_Basil_Plant_Healthy/IMG_20190908_171934.jpg,Healthy,,300,300,1d5516751da86e5c032fbd11ea94631256566a0b6d5a919d6c1304da13ca85b8,d7fe48b73e14a13676d882c78562f5753e99b6f5a232b7988ae124c02767e11e,5484455518417388014,group-00582,development,val
Pune_Region_Basil_Plant_Healthy/IMG_20190908_171940.jpg,Healthy,,300,300,15dcb2044c81f692d5e359d53dd47d9d476e05ead479589f21c620db3c55fbdf,314044764dcf42adbb4d24d87a57bff623131ec8471a19b3d9e4f74190682b85,2424557137703636360,group-00583,development,val
Pune_Region_Basil_Plant_Healthy/IMG_20190908_171944.jpg,Healthy,,300,300,8bd4b80834a07c97990290b06f87ca754bb52f8ceff8f8cd9d599c26cf2c543c,47d177a006b96d5c4ba4427d29131ceb13b11a1bcde86a783744854eb31fb4d3,3973223367085296780,group-00584,development,val
Pune_Region_Basil_Plant_Healthy/IMG_20190908_171950.jpg,Healthy,,300,300,df7fa638c7e083f1e1a97e75960cdce7482efb82b05299fa599fc8d25f64c5b2,103e8b579fe0303c11c4ca40f195633fbb65ccc66eac47c2ba31f0dc51bb81ac,3712587024792282504,group-00585,development,train
Pune_Region_Basil_Plant_Healthy/IMG_20190908_171953.jpg,Healthy,,300,300,554132499a7a99109320790fb7417abaf9d32aca589d749f8bff6675cb8d7a07,1a16812b787193ffe9e50c5c696345a6c1763043f81b3766f89900e2db948197,7028797784833065979,group-00586,development,train
Pune_Region_Basil_Plant_Healthy/IMG_20190908_171957.jpg,Healthy,,300,300,429b32d4c47504c5d24ca4caf084e6bf41673647276c1d3e7a32c7b7116ae882,1f6724a1fc69cb1405ebb52fb0a013d17e244dc91b1d05880a76b8f2592198c2,4747323911346258923,group-00587,development,train
Pune_Region_Basil_Plant_Healthy/IMG_20190908_172000.jpg,Healthy,,300,300,0bfb90d5cdd773dc75ff6605c2d75e1339630b216c10c4394abed7249301eefd,8b0e041f89a8988884359c49c2b2c26f47d72ee25fbfdad23a1836c2b83399d5,5652459337946464747,group-00589,development,train
Pune_Region_Basil_Plant_Healthy/IMG_20190908_172002.jpg,Healthy,,300,300,884d946fcc0c592e8eb69102b2f7abb441f55325307ead059566fd0c6f1413f5,a74adaeae2f9533f900a0ab6dff86b4823dc5d2de874a1d4a1b482aef7e260ce,5652459063202775531,group-00589,development,train
Pune_Region_Basil_Plant_Healthy/IMG_20190908_172007.jpg,Healthy,,300,300,a239c4f5be53930e8a26e8058035a40de846aaf3af342a25e1dda8a08aa2006b,d57686dbaf54accb27bb10ff083069fc240833fc91511b19c015ff30fe6fd928,1083632848088792745,group-00590,development,val
Pune_Region_Basil_Plant_Healthy/IMG_20190908_172009.jpg,Healthy,,300,300,e0f6bb7f0a678b8a0650a335d45a555304b02377b8a7a2578040f2625694e500,3635fd36c5c9e90daf275d0055299b7d9195bc782bd549ad3f34f76064209b11,4216919969920105128,group-00591,development,val
Pune_Region_Basil_Plant_Healthy/IMG_20190908_172014.jpg,Healthy,,300,300,7c1653cf23d3a6c25156d61660bedf57bb7c7d889fb27a052678281701a76679,f712fe3f04c5be7e486b95884d46fba05386da477859e552c0b9c5e049175b1f,8439117711794473608,group-00592,development,train
Pune_Region_Basil_Plant_Healthy/IMG_20190908_172017.jpg,Healthy,,300,300,9273cbba8cbc677b3a29642e86c6f78820128214311a4d512bfe01c529d6daa9,4966e8f24b2eaa25015f17c7d739d9f281be0f473ee3592a4e55e11c6e2af41e,1568614749295577286,group-00593,development,val
Pune_Region_Basil_Plant_Healthy/IMG_20190908_172032.jpg,Healthy,,300,300,8981d2c0740230c2f52ea347bdc98044464893dcb1eced3ef90b98a06ee5ec28,c019c3f522d1154c161f4905264cd907e76d0b39925e6f628178c02c5f6c3060,5075922703260883387,group-00594,test,test
Pune_Region_Basil_Plant_Healthy/IMG_20190908_172105.jpg,Healthy,,300,300,60c62b9f0b238e72ceaa9b928ffd69b910035666cb0468b65a7c8b46bc920c90,0888476e197ed0bd9f33c2d41e26b2c90383ab1b5eda7a883572f9f7003fc858,2034673189231423723,group-00595,development,train
Pune_Region_Basil_Plant_Healthy/IMG_20190908_172108.jpg,Healthy,,300,300,421900d2dcbc98cc90b66f2e52675d80944f901d37f802c228357fc6c7d39864,5597a04ea876af1bfd6dc744c49f7d34ddfc2a5f6c2d1a31598dfffa9591d99e,6655860920001106155,group-00596,development,val
Pune_Region_Basil_Plant_Healthy/IMG_20190908_172111.jpg,Healthy,,300,300,65335f5adc6a83d29787cd69552c07ed1ec102f163756ea13f7cd1aa77e83e05,7ffe40f795067b73339b2af701f473dd6dad04678de9bfc160986631ed8ec9ad,1611792010601447851,group-00597,test,test
Pune_Region_Basil_Plant_Healthy/IMG_20190908_172123.jpg,Healthy,,300,300,2adbf0f376b4ab71a31d163a70753d4dd7f3735f5e678aaa5cc7dda969dfcc07,2ca6397134b21dbd9f994bb2b37470c73db5bf97b29f191f6cb438fecf724e34,2643828001222149039,group-00598,development,val
Pune_Region_Basil_Plant_Healthy/IMG_20190908_172131.jpg,Healthy,,300,300,2a1583372d36a7abf92aee8531fbb2e66a72252113c3360536aaaf6a45110ac0,6c30f6f3049478927fac4f8afc5efd060636a1a6bf28925044129a806e3ed798,8110479784669234619,group-00599,development,train
Pune_Region_Basil_Plant_Healthy/IMG_20190908_172149.jpg,Healthy,,300,300,9f1c22f43dfff1a6eddfd8e76e4a748175cf33b52746bc7c7f41458b0b1086ec,0c196c31ecfbedfce7b057817f420c67a7ebc3612023583a6a5c004b5cc6e06b,4878215443695144171,group-00600,development,train
Pune_Region_Basil_Plant_Healthy/IMG_20190908_172155.jpg,Healthy,,300,300,6e11186957c7d852392377d5db18d80cc75cedc2d7b2114a78c60a1802d812ee,6366e7f4cf83371cc414d0b8ad10453fe528aad0acbc76edb48963ec02a23265,6459484770102541867,group-00601,development,train
Pune_Region_Basil_Plant_Healthy/IMG_20190908_172255.jpg,Healthy,,300,300,e885bc67215caa3eaac7da36b43ffab0d898831252ec41afe9da84cfaabcff3b,88146bc8f1fc5648c14b555f0515d12bc27421bf9f544ec5c8602091a4e98c0d,5517712008877462011,group-00602,development,train
Pune_Region_Basil_Plant_Healthy/IMG_20190908_172305.jpg,Healthy,,300,300,c1b19ab01f78f0be587274d4001967291db4399ef8464070fd44776da13056e7,e174ec6313607934483aca204d456d8a3390c3f0144413132a0b2ad71b449674,5964035940762932414,group-00603,test,test
Pune_Region_Basil_Plant_Healthy/IMG_20190908_172319.jpg,Healthy,,300,300,195300da3912fa0e7a85ffe02d52186adba316b0a160a1d2f87da76fd88984ad,c4dca61b7b30ae216cb8ba057f63b9a7f2027b60fe90b6b0eca9857f1e272455,7155746590921217262,group-00604,development,val
Pune_Region_Basil_Plant_Healthy/IMG_20190908_172327.jpg,Healthy,,300,300,7228abdeb41b27309e9b5c173ecf637c8b98046d89c1d0963e9b415e12f8d57b,d6354990e055ea29ae421ed129a2ca18ee4d1ef46826a3ea81a7b0e4d27ab31d,4329679309793817835,group-00605,development,val
Pune_Region_Basil_Plant_Healthy/IMG_20190908_172340.jpg,Healthy,,300,300,3b6f19fcb81b75aff0db59d181c09e17291d85ee770cb13e7388865adb2d7f1a,d5ee4eae3ab9029fd6857cf566429d509d6a69c79a44e601467885f8a7cdf467,7947863034867926206,group-00606,development,val
Pune_Region_Basil_Plant_Healthy/IMG_20190908_172352.jpg,Healthy,,300,300,33f7c24994a0b51e1d11163081b6dfe2604f4e705d7444ec63dfbebe77e04357,f0c2ab98b003d54903dae77a3df26113a6f839cd2c3706aa4fcd59cf69dd8d7a,1861056238067274366,group-00607,development,train
Pune_Region_Basil_Plant_Healthy/IMG_20190908_172400.jpg,Healthy,,300,300,87419b0170420409bd8cbc6929d8c6fbb49edbfb2cc1ed9147bbcf74464b1c44,7a3eeb1f721dab01fc3b4be26b8909252d6711c62b681c6fce92961969dbb82f,8093197377838247900,group-00608,development,train
Pune_Region_Basil_Plant_Healthy/IMG_20190908_172405.jpg,Healthy,,300,300,cb3f2cd54b3188b326922970668de3fcd9cc4bd9e05821c9a6b33df748125d1a,9e3c26e63a55f2d5e51c5fa2fbb2df13cde2d5c961f5019bd9d2b305c28c5e6d,4632130486774005724,group-00609,development,train
Pune_Region_Basil_Plant_Healthy/IMG_20190908_172412.jpg,Healthy,,300,300,a66b158d64e5b15d0d21478afae65a7db24c07ce1977f78ff705e910873cebfb,2e5fcaaafdb85d3fc93ee204c90ccb6edba4bd1d626a6b38fc2b18b8a54eb66c,3788522571549793978,group-00610,development,train
Pune_Region_Basil_Plant_Healthy/IMG_20190908_172418.jpg,Healthy,,300,300,198f7f175d6b884bbdb01b7a464cc4271219672f498c362389856afd0e1de0cd,e8817a4711dd01f04965bd01d4986830245e0ec101a84c7cf4bef793f7c2639a,5068951886672130814,group-00611,test,test
Pune_Region_Basil_Plant_Healthy/IMG_20190908_172424.jpg,Healthy,,300,300,61043ed8d70956fa4ef7589a9866f1b3fc3f605c979b314d47bad58881c1cb9b,8198c5efede3971d90006d1138eb8d5d2fe085d67e2cc7bd9ac50b939c45f70d,6090162405783608060,group-00612,development,train
Pune_Region_Basil_Plant_Healthy/IMG_20190908_172431.jpg,Healthy,,300,300,cc482df4bec2abc5f3565cf02812959146b1e10cd7210ce109c29f229859ed64,a048c636444724da6df5ba36eb3ca57774c253c537cb6dc05e4b0ad6e333fcc7,346267952751199995,group-00613,development,train
Pune_Region_Basil_Plant_Healthy/IMG_20190908_172445.jpg,Healthy,,300,300,a6058e6c2a825bc2b41ceda706cdf1ac1b623af6fbf7d488bd804d273bb097f3,2de6538d5490d4ca6e76b20b3787cf5e1d65ecfd854cf84667f2023096bdeeb1,3803024297716762878,group-00614,development,val
Pune_Region_Basil_Plant_Healthy/IMG_20190908_172452.jpg,Healthy,,300,300,2731f547519b08cab8be086060d48d378748068bf7976ae54dfa5836e8549fcc,12547f71bfbce0c8615679b168ee3db38f2ce231820fd3f97e723e623ab34777,3803648551889884862,group-00615,development,val
Pune_Region_Basil_Plant_Healthy/IMG_20190908_172501.jpg,Healthy,,300,300,bfed44ca4c3e36b848ce6a76170f6ffb4adf063a94905c7b5cf48b2c6f24a00b,ab25b1e0929d0e92a5ac094ad239b11606e3dae5ecf7add895111c5dabd41e8c,6688028079154152702,group-00616,development,train
Pune_Region_Basil_Plant_Healthy/IMG_20190908_172514.jpg,Healthy,,300,300,d4ce16ea84d15f1a6c37c718325c70b86dd89e18ceff499563be5035658a17bf,fbacca63efc5b7125ac3e1906cb1cd12d02e0ae78eef877b3d007ebefc94caca,3735743315673568510,group-00617,development,train
Pune_Region_Basil_Plant_Healthy/IMG_20190908_172520.jpg,Healthy,,300,300,9928cd272aae40200c73816d0f9d30a8c4663e969bc84af94e7448dfc557f3c0,cadd39dacc02f626c29478077cb8e69ff98098f9a7a41b65b52c027d9e150c27,1609085049696048379,group-00618,test,test
Pune_Region_Basil_Plant_Healthy/IMG_20190908_172531.jpg,Healthy,,300,300,b9e77ed6ca51fbb235931cb9f7d62490c8cc17d7cedc49a48824585cabd44f57,10e5157908256c8d61f0c74cec23a95012dcde2ca665cdfdde1b7155885c4efa,5409547091642324222,group-00619,development,val
Pune_Region_Basil_Plant_Healthy/IMG_20190908_172941.jpg,Healthy,,300,300,d437a3074ba803304bad42ab7e2408bc71e8db33375e7fa2d15022f4411f5057,f635bf77edd926b8ae791995055ec3bd0eaad29afba9a1f4bba38a73704e2556,1607950640409396459,group-00620,test,test
Pune_Region_Basil_Plant_Healthy/IMG_20190908_172958.jpg,Healthy,,300,300,b7383926b8dd2290b404b6f4ef8a19026b729b6b31f63f974a184085fa0d3295,786acbaa01a83733fb1bb29af074ec5c2b1393a60e4a1f8a8d2bd81811d129ef,5935995438969370597,group-00621,development,train
Pune_Region_Basil_Plant_Healthy/IMG_20190908_173005.jpg,Healthy,,300,300,d40ee62f4713068f2ef9480969726f939d6db1f7bfcf4f8ae82ca8cee405096c,309b184541242c9c5346e0450a7c1adc2b9c14c25feffced83ea41119fb4c8b2,4958714592707368190,group-00622,development,val
Pune_Region_Basil_Plant_Healthy/IMG_20190908_173011.jpg,Healthy,,300,300,8adeb2ee7e17613352f5c2cfa158650823097609f5879912a62b591bf15236bf,52353f222ed221d56c270f909bfa6de9326f66f2db32fec25f7a36371faf5fa7,3788904108738106622,group-00623,test,test
Pune_Region_Basil_Plant_Healthy/IMG_20190908_173017.jpg,Healthy,,300,300,fb00a6df62b064ce7a4f66ea1494874dd685ad8772ae1a3607485fd782a7c617,9215cc122e404a311ffd9be04ad4ab314c14c0a9c36b73debc78532b9e1f3122,4111347608970740986,group-00624,development,val
Pune_Region_Basil_Plant_Healthy/IMG_20190908_173025.jpg,Healthy,,300,300,2256c6fbbed5c82d6d817c7f8b266368ee54fa7aeda0cfcc9ac03a12ee2240b2,bc9c4f4b01bc938d49b72c7e3b8b2587f8bf63d6103851816987c13d00f2a328,6093986797702239994,group-00625,development,train
Pune_Region_Basil_Plant_Healthy/IMG_20190908_173034.jpg,Healthy,,300,300,28f0ac55008f1f215483c326dca76f51422f50d6380612ef7a5cafa79a32e000,28f0c54d2ca7916741eabf459c9c3d8994fd4dbe841413d15b4972f633e36df6,5427420927209706670,group-00626,development,train
Pune_Region_Basil_Plant_Healthy/IMG_20190908_173040.jpg,Healthy,,300,300,7774447aa039ee31645a9a1f7714a8d7bb9e9807ae5ead2b86b61aeef40f4c82,2649aafe69ae09fe88a2178026564e356b04259c4b5e4f2bcb8b88dbd58a66e1,4160277834616722686,group-00627,development,val
Pune_Region_Basil_Plant_Healthy/IMG_20190908_173050.jpg,Healthy,,300,300,3949925328203a39580351595c4dcc89227e7bee2f50411ee0def8fca97877ba,41afcdfa684a7406aa33518b741c8cde55474044a32cee9250140ea1ec7febe5,5534106003224337595,group-00628,development,train
Pune_Region_Basil_Plant_Healthy/IMG_20190908_173057.jpg,Healthy,,300,300,259f941034442ef002415e2b62933cf19d11fcb0729bbfdc962be5a4e042f328,1431dc6861cae585c125dec93f34cf5a5caf8660c2267a233783f8de79293ab3,5654393121876100347,group-00629,development,train
Pune_Region_Basil_Plant_Healthy/IMG_20190908_173108.jpg,Healthy,,300,300,0f9a00c4b5f5898c42d11ae0bc343705eb70799ac3ba35581ad974b1d22b33db,0c48ad8853691f410d391afb9aef299b2472ab0f4bbc371c04a33d66a34431e9,345493552846231294,group-00630,development,train
Pune_Region_Basil_Plant_Healthy/IMG_20190908_173114.jpg,Healthy,,300,300,330fe7d09b2080ce670e59821e6440455e96ebed5df49ddd12d36eddcff081c5,413d5d062e1878e8eb9a8774f5e83ad84f991de0ca8b82d503c8f1dba7db43e8,7108393735524406526,group-00631,development,train
Pune_Region_Basil_Plant_Healthy/IMG_20190908_173122.jpg,Healthy,,300,300,80158ae161e1469392fceea9fd21a6552b4db71ab735c5a9cbd69add6d189b7f,6b666e1376d1063f59c960d5d2b651b42d5810fce2484542821de70ddcd6574d,2079262264368256254,group-00632,development,val
Pune_Region_Basil_Plant_Healthy/IMG_20190908_173126.jpg,Healthy,,300,300,19f74944d57d8c98a6da938ccbf43ce3bf74ab06f0d4edd8f79dd7a6f93e8f05,3635c5304c50461ae58aa46b7c18bcd6df5464338dafc2d83878610673254caf,1834027282630329598,group-00633,development,train
Pune_Region_Basil_Plant_Healthy/IMG_20190908_173138.jpg,Healthy,,300,300,331e4dc605605183d8c4c7c78104e3d73a300a0299893a904b62e140e99ce6a2,3abdae18451c59b177928275dc39503152414f7b8b1c59b4a6f2aed9b40761f7,5045074211145684222,group-00634,development,train
Pune_Region_Basil_Plant_Healthy/IMG_20190908_173144.jpg,Healthy,,300,300,96f36a797415bbebfdb7292cb8db1018ad0a221e33c5385ec9979ad04949d20a,b7d24fc83cb7c1e77daf17573ef14bd0381c6f3b3757d4c905b266e7448800ce,6959427317113180910,group-00635,development,train
Pune_Region_Basil_Plant_Healthy/IMG_20190908_173152.jpg,Healthy,,300,300,c4b8ef3b3bc7644b8f05302cce32221d807d70c8114d92933e0665f0e0b0a332,0c27b1c5be90bc6e2bae86941c24ab2418537bf327e942635702fad4af10d25e,4847267613013054718,group-00636,development,train
Pune_Region_Basil_Plant_Healthy/IMG_20190908_173159.jpg,Healthy,,300,300,30957b1e7e89dda0c16eb7ed167f78b1b4444e59d856ed4ef8f844eb19dc3097,3d82854cd5578bbbcf4f261799df23df2d33011683579a4787dd27d3ddd5c879,5085489484840251630,group-00637,development,val
Pune_Region_Basil_Plant_Healthy/IMG_20190908_173208.jpg,Healthy,,300,300,3d7e4ce7bb6c0bb044c9fcaa0a1a8289e44d7d1318d864daac1bd1a3092b916d,6b1d35ee0aedc49280d1d49ac412bbb7417b4b55f3ec6075585fcd45a59ed5f2,6489178428199027134,group-00638,development,train
Pune_Region_Basil_Plant_Healthy/IMG_20190908_173214.jpg,Healthy,,300,300,b48c74312e9259cc3f1cf5067dc56ca9fd8f4bc4068cdd0c161b50bbabf58059,710750fea55f43cdcd59796b94b5de4414e0caefa79ceddb2fe8a779146b4dcd,2833412536201876718,group-00639,development,train
Pune_Region_Basil_Plant_Healthy/IMG_20190908_173225.jpg,Healthy,,300,300,14ba3cc8841883ae08725bf6ad69705aab079bb035614498388a9625c0d8a1f5,24621a73028bafaa63e5b5fa2d61199eb01f30c498589f586999cde3aa2ae3cf,1292995801454629310,group-00640,development,val
Pune_Region_Basil_Plant_Healthy/IMG_20190908_173232.jpg,Healthy,,300,300,c436bb0dbbd5051f2b8b926bf1e341d4654356854816d9cc8eaec192f526b0ad,934abe08c1f43fde05a257367a6c161bea8c8912d50845b7188b29d05f0e75da,1971182895504249018,group-00641,development,val
Pune_Region_Basil_Plant_Healthy/IMG_20190908_173238.jpg,Healthy,,300,300,b20ddc906ea45d68cebb41fc6345c909ca3f740e93945ae5b394456f0f8c64d2,b821b3fa5fd2b25c2e4ec20b8669f910c1b15982e19f1c4aaea619b0445eb412,8534481394383655354,group-00642,development,train
Pune_Region_Basil_Plant_Healthy/IMG_20190908_173245.jpg,Healthy,,300,300,0f7bb024075bd34ccc496740129e03858c4e643e5e60f83de45b160a7aa0deb1,f5ac8c1e4f3c071dd57d12d561772e698a90b93fca8c675071a9b797e9dfda37,8654807815276499390,group-00643,development,train
Pune_Region_Basil_Plant_Healthy/IMG_20190908_173251.jpg,Healthy,,300,300,fb6187c2979ccb20bf730319e69c554caa83fce4607cc1e95f7e7f5f8af5ac69,7c35b906fdd0dd9df32bd9307e5963c37bc67a31c3cd8229a69a55a9a9ff6afd,4872041877995635134,group-00644,development,train
Pune_Region_Basil_Plant_Healthy/IMG_20190908_173258.jpg,Healthy,,300,300,17db4673c5df0dca5bdd09ad6ad67828975d23a68a7e1365689ee242c09373db,f8e4aecda2562039078f4d130008f797ceafa0e591594185b501c12f95dfb5c9,1604603947179717498,group-00645,development,val
Pune_Region_Basil_Plant_Healthy/IMG_20190908_173303.jpg,Healthy,,300,300,447dfcc71a46be583e4c4012bedf04b7dc84925cfee5d6152e2ce5ebf24984e2,9b56781ca7085717dcafc9d588b2c08a97cd5a999a02ba61b92e1e9a0a9ba3f6,437118447729669758,group-00646,development,train
Pune_Region_Basil_Plant_Healthy/IMG_20190908_173320.jpg,Healthy,,300,300,6eea5c3ded9b3f5a026e45dd9b362c2d50df275b54364340ad427a2c224abf65,1b1ec975a676717697ecbd3a27366e0c1e2c2e4d32aa32deaf34d6014e460f0b,324808870090117886,group-00647,development,val
Pune_Region_Basil_Plant_Healthy/IMG_20190908_173333.jpg,Healthy,,300,300,6cad67834c8c3a29b4945bc2988379968c301dd021d1108ad7f79fba68126346,815ada38f68d809b4b8bb350a57282022075d8e4d3daf42650b5511f5e832903,7017015392357524734,group-00648,development,train
Pune_Region_Basil_Plant_Healthy/IMG_20190908_173342.jpg,Healthy,,300,300,530fb4c7dd3f1b3231b352166b93db788f02da031eeb9818a10513665b9ec797,22c73f51f04fdd42ca5800851f827a98e899cc1bed7c5ce2a3184a39fccfbc9c,1892587795380901118,group-00649,test,test
Basil_Plant_Unhealthy/IMG_20201217_112345.jpg,Unhealthy,,240,320,caeb4e66649de9d25976f1b9728644c3b046a5d8d8ed737aed7db54a88589474,ace12c600a2974de83fc78874ee7965de80e385ed6b77bf18b5dc42e1fa6b9c2,1958627780345248390,group-00650,development,train
Basil_Plant_Unhealthy/IMG_20201217_112348.jpg,Unhealthy,,240,320,1b51198e2d0678f1f8995b1102be917a3fbe31d1e505955c78f2092b249d8f5b,761b4c89a8645ad76a242e52ef63be4b835758a415566c8e459e2a11c6cd55a9,2110615746554419844,group-00651,development,train
Basil_Plant_Unhealthy/IMG_20201217_112352.jpg,Unhealthy,,240,320,1201f997dca24ec8f1759992fa4c266f031c78d9ff610899d891a5ea5daf12f0,69bc49290c711019dfa6235877ef7123fa188d7798728f984efb26ae36f2c49f,7587312577024836250,group-00652,development,train
Basil_Plant_Unhealthy/IMG_20201217_112357.jpg,Unhealthy,,240,320,545e18a269026ef221f4f199fe673a6a09f48eb02bce2c8e7a0bfcd7eef800db,b1f51408c49df66a241eb1667a4e27dbbb9099d2cb9eea2658fd371ab48652a3,6096891143213219546,group-00653,development,val
Basil_Plant_Unhealthy/IMG_20201217_112408.jpg,Unhealthy,,240,320,46090623bf0ecb57d6cfbacc322cef9c5c874fd148a4156adbdcd6f49225a335,eb74662c8e7e550e7133cf710788103c52473aa17c87b4d8b889159c477bfb31,1974129830337621704,group-00656,development,train
Basil_Plant_Unhealthy/IMG_20201217_112411.jpg,Unhealthy,,240,320,3beb53d8b3f185775dee3e5a6376ca85afee5658371bb84a1c0941d7c78abc8d,2d876f6f13c6d84777e7b9177fc78a98f58360ee9bfd9d7d4c235fffdc092c7a,1974169412689170120,group-00655,development,val
Basil_Plant_Unhealthy/IMG_20201217_112413.jpg,Unhealthy,,240,320,3f84a478bd19c486c5df76be3339700e82224dd92857963e35a0c8fd7b7b3d92,c6ef86d7a601959af48353cba2acb7f5052738d7157f8c6ed4d7cd93b213c221,821210524755070664,group-00656,development,train
Basil_Plant_Unhealthy/IMG_20201217_112415.jpg,Unhealthy,,240,320,02f05f55e6b5bf19d0b30805dd3c7eb466b865fdfc91fbe5daaaffe686d43506,06eab81aacd8b24505a8a129a126a3e756489d8fd6eb09a659098a3d946f037b,7053915057699587784,group-00657,development,val
Basil_Plant_Unhealthy/IMG_20201217_112501.jpg,Unhealthy,,240,320,b403f676389a737d4d41528010219b9b10a179416bcd7ddb21bd10796ca66bcc,1b0e4df688509975176069c276a58a36fb5a47b26cd9db29a2fb84ca4f05630a,8383332535912086258,group-00658,development,train
Basil_Plant_Unhealthy/IMG_20201217_112549.jpg,Unhealthy,,240,320,304b3d95a30b629146d4fd5a1f1fdee7777ab762403432506f7b33f42974ac8f,45ee82cea581bb7fe0c811747ada4793fb9ebdef64bcfaeea5e7d7a852f2960c,2456881218162509284,group-00659,development,val
Basil_Plant_Unhealthy/IMG_20201217_112600.jpg,Unhealthy,,240,320,ee5d698b51ae7a87e6772403c950fb2fbdc2f8d34266df3769814293f1290d50,273e53ceee54758e9be140e9e6d20cb764f56ae9913d911dc5fcc40f31ff76a2,423420468882422423,group-00660,development,train
Basil_Plant_Unhealthy/IMG_20201217_112604.jpg,Unhealthy,,240,320,98f08cc66a7a3c6d5c75d778ebb51a3008f61562adbd38d74248f67f303bcab5,e0e9dd2483a080966a19cb30e96a23652ed1e9d863a5af06987db20af183d84e,2448009728623245973,group-00661,development,train
Basil_Plant_Unhealthy/IMG_20201217_112606.jpg,Unhealthy,,240,320,0cca53d375f4fbea0e65aedec808ef323fb7ed52780deff78ccda32bdd91df9b,0f481c15cad77f27632b87d9ca82ab0b57c8f28211fab4313045d042bd1a6a5f,2447024564040497815,group-00662,development,train
Basil_Plant_Unhealthy/IMG_20201217_112621.jpg,Unhealthy,,240,320,892b6283dd48000e1e142a607f32236c020e0c4cab32a736c9e8eb2fbf7158ad,4b30a20534bd9fd704a421241c908d69811cdf27ef738b0192b87ce51b21f59f,2189758009296931796,group-00663,development,val
Basil_Plant_Unhealthy/IMG_20201217_112623.jpg,Unhealthy,,300,300,e7c1ae1b9f3b4bf778b3ffc406326e9f5c83f217eba0bf4c4c0b7800939c015d,0f4eb1bb8becdf15b6868e789cd0bf856793a258047faaaa91565bec101d5812,1031788432830022590,group-00664,development,train
Basil_Plant_Unhealthy/IMG_20201217_112652.jpg,Unhealthy,,300,300,13b23388368ea0ff54bb3f6c78d239c96f8e95d4e8036a9d939e89d85de4fd37,7fb348a86c86e30ed08fb9c664b9a53e72bbe1983d0b847630d9fed133527199,434168125118315134,group-00665,development,train
Basil_Plant_Unhealthy/IMG_20201217_112654.jpg,Unhealthy,,300,300,941cd0d3d6131e18e75e284414a9cfd99b37efe80b1cb43fcc88bd0af4fb2093,7dce998408091058bec4b6b4ab2a8f8420f748da760499c86af9acc85d3b22ff,362110534832183934,group-00666,development,val
Basil_Plant_Unhealthy/IMG_20201217_112658.jpg,Unhealthy,,300,300,c1e15e1bb5cc9281debac5c0403f8543ae09168e0edb3d1295913406e28f7956,2f48323008793acb263ed077c9188350c559ad0a8a9f95528bbe86a82115376e,7371426889271645374,group-00667,development,train
Basil_Plant_Unhealthy/IMG_20201217_112712.jpg,Unhealthy,,300,300,93a78047bc834060be82fceea0e1b958e0eeacd04baff2ea48175c16764fdb0a,0ba7a98e3e60874c13cffe8e79785be08dd72e5a3ad25bdb6f81638ec90b2fdc,1789704092995107134,group-00668,development,train
Basil_Plant_Unhealthy/IMG_20201217_112714.jpg,Unhealthy,,300,300,383867192d3be13037ec0d03016225d76367b648be63d5d1a65fd2115a10617e,fed25a6aa03636330c20fd12cbaf613794add605f975ab34c7f63d048a246945,596267852647479614,group-00669,development,train
Basil_Plant_Unhealthy/IMG_20201217_112718.jpg,Unhealthy,,300,300,f2309ff2a6bde6510a98e41d1e8b96be656ac8e49885d3ddcc324da48dfa4667,37b5865299159531bbd6af26adf5f0a04f1b7883006ebbc60d306afe63e80b86,8740187136485066558,group-00670,development,val
Basil_Plant_Unhealthy/IMG_20201217_112722.jpg,Unhealthy,,300,300,5e5c5c7630164126c246c4497481481e3a975099ab1e6ea521001fcce0f113c7,109bc95a2d9c9075a733c9919bd5dfbeb7b0f941693a0b8ee971872572667ead,1028622292792605486,group-00671,development,train
Basil_Plant_Unhealthy/IMG_20201217_112725.jpg,Unhealthy,,300,300,bb2fdf2a6dbc9ac6e848ae4fab2548a59821e90025894b710ce4a2609b69fc86,94aa562512ed2908e6fee5dc323ee2317bef09c9e050bb188b61e25cdecbcbeb,5640325894843890222,group-00672,development,val
Basil_Plant_Unhealthy/IMG_20201217_112726.jpg,Unhealthy,,300,300,be54669313cbd8c79abdc331754ac1ffc3256682708d0a7c4f3301ef00c529c3,167ad88bb5de9fec4ace04e386e1826dab44f8d8c8341cd47458aeb7468a090b,5064001469370034734,group-00673,development,val
Basil_Plant_Unhealthy/IMG_20201217_112729.jpg,Unhealthy,,300,300,353678cdced11a7477d7af88b75b18c5e8b81800bc1c09b80ad9527e25778677,2f367b78ef8874d96c1c3c5493082cc346dd850eef0e94e32191f2596e038477,1843769976113811070,group-00674,development,train
Basil_Plant_Unhealthy/IMG_20201217_112731.jpg,Unhealthy,,300,300,3fa91b62947cc5dd0815900456ee69bfd3dddcab2dd2d9bcecb1236755cd2565,7d4e1cc59e4fc6ca51c1a853564c660eb9b57d8e2d71966999309a162a0bc238,1844726689203178622,group-00675,development,val
Basil_Plant_Unhealthy/IMG_20201217_112739.jpg,Unhealthy,,300,300,4e4093a278117ec6699cbd40165b4a612c32065551dd765068c67b1da9687220,724cf8c96f8569cc5cd9bb0d15456479d54aae283bf635553d0e6e16070fd8c9,3320060099669571194,group-00676,test,test
Basil_Plant_Unhealthy/IMG_20201217_112744.jpg,Unhealthy,,300,300,540589e72dccf2b19557a6c3516465fb82d4eb39a289018d49b94a174b75989c,aa871c9d51e1fadfecd584ac2ceed29e85e75f8b08834cbc794ee946b2cae773,5487962858418599550,group-00677,development,train
Basil_Plant_Unhealthy/IMG_20201217_112752.jpg,Unhealthy,,300,300,dc8cf281496dc4db97889b4091d082b2ed4ae4ec150cc43944576d1f9454a120,6c773c16405940222877d8b666816c33a21f0e575b8c06e4607004005d11baab,526905795975741617,group-00678,development,train
Basil_Plant_Unhealthy/IMG_20201217_112754.jpg,Unhealthy,,300,300,00de0407b5c95a86bcb6d2af93ac1d6b56782abdfbe06ea4672b6036ad63601e,a89cefd7a1c61400a5d6e329883d0a889a5e48cf9db0b2b4050eeccbe5150938,2836652071465944305,group-00679,development,train
Basil_Plant_Unhealthy/IMG_20201217_112755.jpg,Unhealthy,,300,300,c1690a28b561a70dedb685f694dfb87f07e695d79c8f86d7be32f280511ea8dd,9e6b5739441c9f3015f444899597ac21b1b0fa1f5019b1a1b79418c495e8e829,5140227921916112049,group-00680,development,train
Basil_Plant_Unhealthy/IMG_20201217_112757.jpg,Unhealthy,,300,300,9e7a028823a8a19ceeb5536e247e907ebac9a6dbc24230e3e326251dc8fe7620,faaa31710d9356ac06bfccd3beca67203c5781b75b9710c1850137557973cf42,7423227872956438949,group-00681,development,train
Basil_Plant_Unhealthy/IMG_20201217_112759.jpg,Unhealthy,,300,300,6e553f7be2ffdba2c1f3269e678da1df1a7c89d9b1b97ab93e48e7afb2d2fdde,1bb61968954aa2d527ca9cfdc609a2560afe727949172e03073e669c17133058,5588312325449880461,group-00682,test,test
Basil_Plant_Unhealthy/IMG_20201217_112801.jpg,Unhealthy,,300,300,ce41962d8298873fb2a450d3f60f1f694b098508690bc0f2c05a35b7cb44917c,e295fcf1672b94222146ff6a210e9e1ceb9652e7cc2f5163f8c1b50d93e77eee,4037915833819129057,group-00683,development,val
Basil_Plant_Unhealthy/IMG_20201217_112805.jpg,Unhealthy,,300,300,64bbe6c6c037647a7a147d9aa461b00cb2abc06bc1b384d2dac539c8093c4057,9c6cd8ee3c459d590023b37ac55a2f40139812693d2b97bfdddff10f5ef42821,2752503620297157638,group-00684,test,test
Basil_Plant_Unhealthy/IMG_20201217_112809.jpg,Unhealthy,,300,300,45787a363d4448b437db3d2c72fa52ff533335e69fb599d65e642251351c6b2e,1d98e63e493e17283a09fd0cfc696b397041e80beec525bfcfb0534a0845978b,5047931897023938798,group-00685,development,val
Basil_Plant_Unhealthy/IMG_20201217_112810.jpg,Unhealthy,,300,300,d239de73a38150e1f1bd04b957dd85c1fa88ba7f5877b831fdc4767493dbc83b,b469a5b43b96067a8009fafac2db12a64e541b79b1eee6fccef7f7e954f57715,449719294081221358,group-00686,development,train
Basil_Plant_Unhealthy/IMG_20201217_112812.jpg,Unhealthy,,300,300,76bee949c373fc563374fc6aea5d7068eaa2c2d48ca19252d2409f2dbfce27af,66af771ad4eb2d124e1888a354d5a280f90d814efb40a64af799e78a4ccc5fd4,900072338499012494,group-00687,development,train
Basil_Plant_Unhealthy/IMG_20201217_112814.jpg,Unhealthy,,300,300,5d67918608748b3b704721e3ef3db1f0ad010096804f95581e26ad6d146de2d7,c79dcf314c72ddf6135cd6725b025a202072d420c1142848cf62948e44af97f7,76559345503160076,group-00688,development,train
Basil_Plant_Unhealthy/IMG_20201217_150537.jpg,Unhealthy,,300,300,e8a437c7987bb35ca89a182b2853acf94c3417e4204bf61c94979d84388b2dea,57fab73105deb94f62402a10a52fa4f7cbbeff82f6df6704f6a036b7cae1f9a2,50874673302571448,group-00689,development,train
Basil_Plant_Unhealthy/IMG_20201217_150541.jpg,Unhealthy,,300,300,c37a130fa792728e64be693d499a9f4e51da276a2e22662d9ce85c7a30da02e9,a0cafce31a540d1d7647dc2fed72c8e8449a63925b0e89517a119756f913fc1e,397389464014142448,group-00691,development,train
Basil_Plant_Unhealthy/IMG_20201217_150544.jpg,Unhealthy,,300,300,9fc1b7a56b7f2f9aeb8f123c9b43d199851fe86caec17a5680b59c9d72881229,4896fff6ff77b607517399df9210eddef0a38fd2cebf280f5a39eabeba285456,396826514060717046,group-00691,development,train
Basil_Plant_Unhealthy/IMG_20201217_150547.jpg,Unhealthy,,300,300,d463771a105175042243371711d7f458f2b1b9f8b7871db22321fe09a387c491,dbbcb31ca853e7bb65eb864d2b1957fa2a14242336b77486667720650b9323b9,4720774841765168126,group-00692,development,train
Basil_Plant_Unhealthy/IMG_20201217_150556.jpg,Unhealthy,,300,300,e7baf802e312ded69ce362f6d6ad26cc6d2fd441c0167f4b66346c2b64402ddc,5ec6edafb3cd51cce1c8ed1e89a6802238f6c3ccd1ac6e43da05cdadd7337a21,7164292497722887355,group-00693,development,val
Basil_Plant_Unhealthy/IMG_20201217_150600.jpg,Unhealthy,,300,300,7919baff2f02b3feeaea3da7dc7b98d5850afafa228fd51087759bbdf003daab,6f79330d6560f8dee025d703a825dd24e7208e51a8105c621b1f5308bd7ea442,2184828253457805755,group-00694,test,test
Basil_Plant_Unhealthy/IMG_20201217_150604.jpg,Unhealthy,,300,300,c99113f4d2aacaa16b60ff198ba27f55e4d053703d0436bd7ce36c7b0cf644d5,ef05316d58eb8e27531be5cd7ac41361f5e7f8a989786be1258e3039bc0d8b98,1031985793411250363,group-00695,development,val
Basil_Plant_Unhealthy/IMG_20201217_150605.jpg,Unhealthy,,300,300,dee88d7ecf12404aba985e6d2365fa58ffb39eea743575fb0b481d220d45bd8b,5ae36701d995cd931ef0410767c92668b533a39c19d1f610c7c8ee383ea060e0,1042144181324542139,group-00697,development,val
Basil_Plant_Unhealthy/IMG_20201217_150606.jpg,Unhealthy,,300,300,72e24deeecb6be385fe483657c7ed1eeccd4983f2a93f5e4df1a0eed69040e2c,e0d06fcca6b0c9da8e6a41a98c24a6f401a4b36f85062f0d8bc5a8284ab07177,1024130882326687931,group-00697,development,val
Basil_Plant_Unhealthy/IMG_20201217_150609.jpg,Unhealthy,,300,300,ebf36c0103d876ed9791e4b7fec4f63ae3f64d65dcd8b8a8cbba3df9123e101f,abd4c9fbec80a5fcd77054bccb5cd88cb8f9dd855ebde6b1dc807ed7dccf7888,3188043020752056507,group-00698,development,val
Basil_Plant_Unhealthy/IMG_20201217_150610.jpg,Unhealthy,,300,300,ff83cb93235675b4414d3dca6f7b98d51d09604aa085f063e08543540c744d4d,61ada71d0325df7a29eb04a0021fc4b35df9ff579222c29f4bb820bb38902438,1003286843801530555,group-00699,test,test
Basil_Plant_Unhealthy/IMG_20201217_150612.jpg,Unhealthy,,300,300,90c1f702e50e7e7634c3a92183edd228cd2d0b23a4230428442b50931c1ce92d,ac662a4a5be78b460371d150c0d199f89f26250c03c633efa603a21ecd9fda00,3223570389197975739,group-00700,development,val
Basil_Plant_Unhealthy/IMG_20201217_150615.jpg,Unhealthy,,300,300,b2c24d4532c489532860663ee139bb38fa57fbde35773e78cbe757c3b3ed7c34,20ddf38fc207bf9e09860b1e1e08eba954081cc1ae566a6db7d8390f613d7fd2,7373328946693358763,group-00701,test,test
Basil_Plant_Unhealthy/IMG_20201217_150617.jpg,Unhealthy,,300,300,f6ae9735560d02b5875fb8dc188e7a20df9f6aebeae6fac4ad63fd4240e6afa1,12b22def733d6195571c9d59bb01cd545f0616d304cf5fff5aaca7771f00a4f0,8679091088776185003,group-00702,test,test
Basil_Plant_Unhealthy/IMG_20201217_150620.jpg,Unhealthy,,300,300,b8c57579528024c90527b685f9ab5b86c48ca070d7521c199a073b025dd59913,11bd1b0aad37f07f77848e796c49dea58ee95cb707f2b5f006dad8bcda1711df,2052076346631418043,group-00703,development,train
Basil_Plant_Unhealthy/IMG_20201217_150623.jpg,Unhealthy,,300,300,28df2ff2803d915de0ec198e1c6a92a03258272d51986b57d9969a7a64136850,4c18a43377e408ba901c106c9c77260d7a54c852f3d1d26cc410cce99e1142cf,8698917738685963499,group-00704,development,val
Basil_Plant_Unhealthy/IMG_20201217_150626.jpg,Unhealthy,,300,300,c64574e80d9275fb3d55836e59901274cfdc81b84fc485fcb37051847281c7ce,10523eaa97035cb0e0cc1a7adfc6d30a1ff1e4b2c7b7eb916b6301dd3c58a859,2169694976946587115,group-00705,development,train
Basil_Plant_Unhealthy/IMG_20201217_150627.jpg,Unhealthy,,300,300,f189c8c2991ef666b163592e8a20c4241aad8a21b66dbbeb0233b5a46abc8afb,df9478a79201d6cc34344a1f270b4d5bc39bfeb368e5507311cef065dbf26e1b,9087257539690743019,group-00706,development,train
Basil_Plant_Unhealthy/IMG_20201217_150629.jpg,Unhealthy,,300,300,32deb99fd87c70eb7cdd000ac22a061e0d08f61a2af13a551a835d84324d4e35,8bf69453b370cf9efa9edf5840a4e497ac22ab1721184f5224cd37b9e8f4159e,8519770588976366827,group-00708,development,val
Basil_Plant_Unhealthy/IMG_20201217_150629_1.jpg,Unhealthy,,300,300,bd94047b9b5a45abc3e68de6617c24d22c09c957ec0aa0a237270a47e14a9411,bab0b22a413eaac9e1adf5b3dc7cc32ba2b33df251df787e60b04a940a3685d9,8511466939724449003,group-00708,development,val
Basil_Plant_Unhealthy/IMG_20201217_150630.jpg,Unhealthy,,300,300,22e71c06461891f2a688fb597f9d7e5c95a0f188e7aa43010cdd25a7474952fb,ecd4f69e229a9324e717ebd8f04f21315798ed47d2a52444def4ee822e093732,2170433780040647915,group-00709,development,val
Basil_Plant_Unhealthy/IMG_20201217_150631.jpg,Unhealthy,,300,300,9ba4485f450045b19fcf93d61a229faf95c4f4f06c79bf822962a37d6d94f9bd,23e9f8673ac289c68b1c5222383bd7a5644b276f88e7fe6a992ac66d2464f1c8,2170423061409195179,group-00710,development,train
Basil_Plant_Unhealthy/IMG_20201217_150735.jpg,Unhealthy,,300,300,bd5b122f06189dc04cec552da1f777de4bdc116ef5c836f8f7bf7140db04cf37,4839b259757e57769fe4eb427156be37f07b10ba8d601fa7c3aa0de19f9ee4b0,5298184115182801086,group-00711,development,train
Basil_Plant_Unhealthy/IMG_20201217_150737.jpg,Unhealthy,,300,300,9474940da77c8f97fdd51562a6e9056d1b15f8ecb6409c86c8dd8f25d566a5a4,0e07da5f98dcd815bceaa0f1f754340c27937fa1db5846b1151571eddc73e645,3897212657110127806,group-00713,development,train
Basil_Plant_Unhealthy/IMG_20201217_150739.jpg,Unhealthy,,300,300,b172c8dfce0ccaa340be14277fb1605ee0ec345ac4379a015aa8d680f5b444a0,cc34d15822ba879cb4036a64d49a591fce46f14c4f01f0cecbae84b6d8ee7e34,3897212657110127806,group-00713,development,train
Basil_Plant_Unhealthy/IMG_20201217_150741.jpg,Unhealthy,,300,300,438f6d7cebc81ab79e7ad2d25ab4ff199f15f0e27b7b4f66257574ffe3eaa9af,89cddca70dfb8d786e771f43a2f80f9d1f4317f73492024c7a5846fa5f8e5290,3329493021610513598,group-00715,development,train
Basil_Plant_Unhealthy/IMG_20201217_150744.jpg,Unhealthy,,300,300,aa3247482a300e9552f81b1438730d89daf203cae0cc8147bfc8f6f22f4a66ac,29720eb21c58a521aab7bb4ba6e64814351e5405937c12273fc08550e770c51d,3347507420119471294,group-00715,development,train
Basil_Plant_Unhealthy/IMG_20201217_150748.jpg,Unhealthy,,300,300,1e04112695c2c06166062c8ef5b83c5fedfbce6379a7f8e33ddac5526493065b,b6c508e840c2e4a88d1e5d995fce8482dd34aa37113dbe67746ad2f871572905,970773745140794606,group-00717,test,test
Basil_Plant_Unhealthy/IMG_20201217_150750.jpg,Unhealthy,,300,300,27fac41d366b3707518395466a36c23b8d370217e1a8ddde59a207b4a5a43d69,4b0e07eb67e4cc56e59bfba8ad0ea2e0bcbeb8ae21e48540c681c203cbaf59ec,970773744603927790,group-00717,test,test
Basil_Plant_Unhealthy/IMG_20201217_150752.jpg,Unhealthy,,300,300,0336e3a70d4d6b6959e4e2d8b6455af6f3d5ed6804ba72f0f36b1c7426d0c147,3dcc88df8242156bac69f6f10c59dc3df67cc345fb063926c0dcfdb894090db9,6981451734120322219,group-00719,development,train
Basil_Plant_Unhealthy/IMG_20201217_150753.jpg,Unhealthy,,300,300,248de6696d5b65e969d6454b0d1b010b16a05843049bdeee43fc6bf2e9c5725c,7e5f91de3136282a8130241c664f9dd371849f9bfd286fe5ac059c0bd347582a,6963419743427941547,group-00719,development,train
Basil_Plant_Unhealthy/IMG_20201217_150757.jpg,Unhealthy,,300,300,f8b3b9789444685a3a95c2ab9f535070371a510ef4668ea032e8768dfcc0f615,b1dc27f7da0d72993deb6a992cc0a8f83a105bd644ce943e1d75628ee87a735a,5261545639853208826,group-00720,development,train
Basil_Plant_Unhealthy/IMG_20201217_150759.jpg,Unhealthy,,300,300,bba2ed618371b3deb0d0f289c22f8a0aa6fb7f7d4d2c0f706d24ceeabca4a04a,619a98f61be9ddb315d9287df57690c061db9792e77016aa2e795f3fefc91077,4325674116309095610,group-00721,development,val
Basil_Plant_Unhealthy/IMG_20201217_150801.jpg,Unhealthy,,300,300,18d0813701785331d39cced83d81746547b76cee6e2766f6836f0d76b1b541ce,36c302f8da3f77288266497cbf6871e1367cd2a21e71517d723048e67e254d57,5797473857818653882,group-00722,development,train
Basil_Plant_Unhealthy/IMG_20201217_150802.jpg,Unhealthy,,300,300,c0ec3bdbb349ffc6db88e8b5ec279c048d6d01e48065aceb9908abf80d9f42b8,540f5415729b4d76ad9efb0dbd84cabead32ef4cc9023b010dcbaba7c6fca63b,1874878164393317626,group-00723,development,val
Basil_Plant_Unhealthy/IMG_20201217_150805.jpg,Unhealthy,,300,300,dea8b7a98cce7f22b33544b21ca289200924692761f6772b02312daabac3e964,45d72f5bfe65a1d219897ab97e1001897b4415bd9e94dd1e14ba2254b0a87d20,2021979420558840043,group-00724,test,test
Basil_Plant_Unhealthy/IMG_20201217_150806.jpg,Unhealthy,,300,300,10002b25c708877173ec2f4ce8cdf411eceaf847652bba53e17f166bb1795d36,0df3fe9814cdfbb883ad5a1f29b4488cceacb246a9f10f9aa67f6f713a742f90,4476023410841567723,group-00725,test,test
Basil_Plant_Unhealthy/IMG_20201217_150807.jpg,Unhealthy,,300,300,674e91b9561807089f498408bfb2a660eb37154a043198f532c36c9ac8ba83f6,4da6cc4dfd309524a165623856fce8fd8f99b6dd8028730eb7eb8b5c7728d0c1,8943602065550033387,group-00726,development,train
Basil_Plant_Unhealthy/IMG_20201217_150808.jpg,Unhealthy,,300,300,b1b2f2b3b898d76feb4e76c56e7464466b896aac3eb967fead9eaadb5678fa04,5dca7bfa95416c37e714a9955b9140f84cf80cba9353a12e5e5fbb0cd17d697b,8943038497664491947,group-00727,development,val
Basil_Plant_Unhealthy/IMG_20201217_150809.jpg,Unhealthy,,300,300,e0289d8746793be736e9ee45733a3a3a358f11698f652cb64c3ac1b15e43b17c,5c9bea24a6ac845c0b741009a4c70bf8dd5945e08a534a45e48287d1cef6298e,8690834720716308971,group-00728,development,train
Basil_Plant_Unhealthy/IMG_20201217_150810.jpg,Unhealthy,,300,300,a53c880257ef4aaccd8be7228200d79909b4ed34564a0b0c93262db31b150dc8,f34904233992b20b1e142d1670006eb3ee831eeb91cda3a6d9a1ca9163490ae8,8194471878795543019,group-00729,development,train
Basil_Plant_Unhealthy/IMG_20201217_150811.jpg,Unhealthy,,300,300,9273ff7d35f0af2e241149f2d94990ef9af6a513c69675f9bf294edc25a40707,55a5b9fb02bd051bbf39822937a18d4fadeff9cc72ff1714c9981fc844ee1539,7057343758944784811,group-00730,development,val
Basil_Plant_Unhealthy/IMG_20201217_150818.jpg,Unhealthy,,300,300,630ee04e29a694f799b48da84f7deb41882f10d378036289745f841886e821d7,a2698663be663651f4d0d7c7936cb4012e547e05756ecc432ca2b5fa98a39a6c,4057528049925386411,group-00731,development,train
Basil_Plant_Unhealthy/IMG_20201217_150819.jpg,Unhealthy,,300,300,7cbdf72456f08cfa81dae3ff55ec4bdafb0979c4920b96aebf1e0ea33abd0f10,489157c20b7d5a00126706b137b0c2d0572cadc8566fef0e775ce33847736778,8956388911194329259,group-00732,test,test
Basil_Plant_Unhealthy/IMG_20201217_150825.jpg,Unhealthy,,300,300,a93a71b32660b9ff3d386425e2e02b3d2d264cc3c297034313d9d91e881286d5,c25e8edbe82ea4affd71c18e3214539517b40df208aea84178b120920bcd19aa,8293777850243617275,group-00733,development,train
Basil_Plant_Unhealthy/IMG_20201217_150831.jpg,Unhealthy,,300,300,5eae915e642e0c8a9cfc86345be65c923d97168a0ad128fd6247d4b5aa55e639,06fa3caba3be417436294d5d4f7f393bb20c86abec561a1adf928ac8ec076830,8751135140144878062,group-00734,test,test
Basil_Plant_Unhealthy/IMG_20201217_150832.jpg,Unhealthy,,300,300,1aeb61be04aaa56d9aed173d1cf3cc35dd7d28d95031a52d9b86695ba14bbd72,465de267eb7ffd80a06968e5a4d35fb70c658e0b6064082534b46636c4ff2181,5904815266961699006,group-00735,development,train
Basil_Plant_Unhealthy/IMG_20201217_150837.jpg,Unhealthy,,300,300,1a0daf5c8af427c28459ffb9a3926c6429ad4db32a8091b5a57d3c26ebecf4a8,6f6cbec5e6e18aa170b95adaac61724b9a714eb822f0f81f04fc9516cc1c1c24,1748348497290384635,group-00736,test,test
Basil_Plant_Unhealthy/IMG_20201217_150839.jpg,Unhealthy,,300,300,4a9bed621fb49c335209e4c736a8867f1d2e1039cab6c0c97253c5853ead12d5,0364aa29ecc16df13073fdd82c1303d41da592170b0a532bfd76f13ff6d1116b,3297131674370098411,group-00738,development,val
Basil_Plant_Unhealthy/IMG_20201217_150840.jpg,Unhealthy,,300,300,7a23beeda31485c5a928ccd5efd1fbfcc83d3a1682367845df512d1086f6513c,fa87a416f04d3578d91c69c3b01690d985f4d113807925a87e2a5d7ba691b446,3297131674370098411,group-00738,development,val
Basil_Plant_Unhealthy/IMG_20201217_150842.jpg,Unhealthy,,300,300,be8543933550f363013ffaa8abce5a903f89960f788b0382bc75e2c927a0745d,49f09946565a8181e9c10efa6a568dc6686c1faa1f0e77b995c4197b90532115,6949178031637566715,group-00739,development,val
Basil_Plant_Unhealthy/IMG_20201217_150843.jpg,Unhealthy,,300,300,eec91ccbd4acfc6da14b143898670f8a7f3898ef1cb6e6be337da9dfb9287105,920cf4c49b07c5b5d1092f430898d81770c591329b4e9becb39c48815abcaed3,460603674368185531,group-00740,test,test
Basil_Plant_Unhealthy/IMG_20201217_150845.jpg,Unhealthy,,300,300,b8f7e07ee934a183b62f03c91884587cb48452ad992fa2b441910502a52ec584,0dd9cbe993e569abbcdfd2763fcc61495f40090ffa7db71879093de66dd0d7ad,5639883948301799675,group-00741,development,train
Basil_Plant_Unhealthy/IMG_20201217_150846.jpg,Unhealthy,,300,300,fc38d6b6989f7098f174b331999bf74cfd63fb497bae84534edf3d72abec753f,0cffb5caea57d1da57b1e8b7252c56fa17836a2b3a7a7c5f217b2928c3242a81,3339450811454689771,group-00742,development,train
Basil_Plant_Unhealthy/IMG_20201217_150848.jpg,Unhealthy,,300,300,f343c99641856e1e2d43b9facf66047aaebd533a579042f4fd6ecfeff181d8aa,16b7232834c2b9bc4517cf826a4e7b53f5bfec5dfcc6d3be487a6be1abfb5cf9,7623598980215509163,group-00743,test,test
Basil_Plant_Unhealthy/IMG_20201217_150849.jpg,Unhealthy,,300,300,f6945c2459a5a4dd04f4c0a21c84dc4372526021f308f10faf4ec86203589b53,ed0d359ea790917c99200b95bcafb03e6764880cd391cedd78b330554826500d,7605814243203928491,group-00744,development,train
Basil_Plant_Unhealthy/IMG_20201217_150851.jpg,Unhealthy,,300,300,0ca8a2c3e056f554236c0db68d89ba8ebc9d28bb08069756df35d8ee09f0daa2,19a71257556978e2181bbba4663276c74b32669c34ca97c08bdd4e66c78e3654,3570514004667781611,group-00746,development,train
Basil_Plant_Unhealthy/IMG_20201217_150853.jpg,Unhealthy,,300,300,c0d34bccc51b055615cf638f2360f95bf3f71e222df074aba494c2d0ed1b8388,d0af7963321405bb2ebfe70809db7ccc3e8f8a869ca71bd361fd409006bf7020,8182208817577578987,group-00746,development,train
Basil_Plant_Unhealthy/IMG_20201217_150856.jpg,Unhealthy,,300,300,2f451d17d72e8b50a421fd2cb555c381be1e6c29bd372865d7f888ad10ccafcc,ec307a6b39259aeadc694dd00cb8ae038f2e71bd610ff16b5452c45076dffe3c,7161799871308722362,group-00748,development,train
Basil_Plant_Unhealthy/IMG_20201217_150857.jpg,Unhealthy,,300,300,9ddb8dd506bd26346a4b29eaf545124796a789500d0337fd260ac27328f8fbeb,9a34b5259244d388fa4120aa93808f67edefb7d631895805ed59e653b0cf0839,7450012655274389690,group-00748,development,train
Basil_Plant_Unhealthy/IMG_20201217_150908.jpg,Unhealthy,,300,300,575a255d823f90ce048d3ae083c41b5634e479cbecc6687427bede554927c671,cce74ad6a855e74b83e0f453ba80ff5d19b8946935909b80c7ad18c7ea426fec,4331096876008228090,group-00749,test,test
Basil_Plant_Unhealthy/IMG_20201217_150909.jpg,Unhealthy,,300,300,8d7f7023f899587de4bb37921359b9190e4fd50b3b355a556f1f12136e080633,6174b321ac693d128fe65f9839f256664ec724fe2a28cb7a95d3864391c59828,4330916625823717114,group-00750,development,val
Basil_Plant_Unhealthy/IMG_20201217_150910.jpg,Unhealthy,,300,300,4e74b49f09926b70fe4278ec0e2bc05b056573dd8b9ccba58c9184b43e7ad89c,9e367b090a3313b393116646d4f36679fe509ad2982d1dcf1ada798d30bdadd2,6672234278195778810,group-00751,development,train
Basil_Plant_Unhealthy/IMG_20201217_150911.jpg,Unhealthy,,300,300,a57a99f27abbefceeefdb053492631de7afc48a3d131c5882207d41b399035ee,f0a9240baeb8179fbfe9fd902f467a76e6bc1541ba13472b35e4cd88c911eff4,7790129671656133882,group-00752,development,train
Basil_Plant_Unhealthy/IMG_20201217_150912.jpg,Unhealthy,,300,300,da649fe73128d37d53990843ec57a751e9be3e6cf8503a71e7551d68dc5d2300,d467bfd26526516f422e276a3532ab8dfb3b4ac9dde4989fedfe0cb1833b45aa,1167813756609278973,group-00753,development,train
Basil_Plant_Unhealthy/IMG_20201217_150913.jpg,Unhealthy,,300,300,4a79e070e2f86ccae501685510abc5e6c5b92f1a1d02aea70d3a544143781d1a,50fc16ea34a6c7b2e1abfdace55677d142fffc4cb1239216a4771e0658e24711,1188086277921223133,group-00754,development,train
Basil_Plant_Unhealthy/IMG_20201217_150915.jpg,Unhealthy,,300,300,f14be04acd6abfdae3f95a1098fd372b215b7ab9dd452e3c05921084a6abfe0c,88aa21c5a8353b7f89f1892cf227cfdb7b9c9caacdbc3d5cfc571313e0336877,6502342497282458053,group-00755,development,val
Basil_Plant_Unhealthy/IMG_20201217_150916.jpg,Unhealthy,,300,300,200a7711b016baa442e5a6c7b9d449819c8c70d4ca92e7ece069d4c2c0639ef9,92aaa93c94d3f62191b859d4c5de59cc13c64f9b53f8c1810935d5abc9f335de,4354028791010595277,group-00756,test,test
Basil_Plant_Unhealthy/IMG_20201217_150917.jpg,Unhealthy,,300,300,a7b3ee05d9182b51f55e44c6a4f76c1e50153d29b4318877ea1c6540cd20f120,bd9cb1183679ff7a642dbe3671f520f6d7e137660d16350089bf0072887013d9,5480241288231187349,group-00757,development,train
Basil_Plant_Unhealthy/IMG_20201217_150919.jpg,Unhealthy,,300,300,661ecba00a1038f0230bb2773806aa55479342b69521683703c12e1392f9a858,75d8dfa1001b1b797448b0dcc2e525615afca391a6d2af0a2cecc5370b8bd4d9,5200446361937560477,group-00758,test,test
Basil_Plant_Unhealthy/IMG_20201217_150922.jpg,Unhealthy,,300,300,57eb12995f4ec9962c7d3c3967b7b6a43b92455c4fc0287bcdea6d1ae188b56d,a27419472fb5a255cd13359751acdb86628bbcb92efc94f50fd762922c595a83,1305108692205479883,group-00759,test,test
Basil_Plant_Unhealthy/IMG_20201217_150923.jpg,Unhealthy,,300,300,ffa20fb5f68a8a345c89e246b26a1570ccd907fe9f4f6025234a198b978d946b,b4460bcea51373d1813e02ceedcd1a6cb5879aec08bf0acc23f0ecf51f16a323,1899579307600028619,group-00761,development,val
Basil_Plant_Unhealthy/IMG_20201217_150924.jpg,Unhealthy,,300,300,6720cf80579f001deb439c326d2024d8108f56cc5d859e44261c1b9cc3ab8dd8,d4840a9cdcd1fe19dd98b61a151679a6f037519479cf6f41d2aecb34798503d5,1895077906995913675,group-00761,development,val
Basil_Plant_Unhealthy/IMG_20201217_150925.jpg,Unhealthy,,300,300,c314445d068f3833755e61fe78a6191f35dc126845c20755b3fe00a855f2ced4,0d780be9233803238f5c546776203f8895a0e3fc7a88adc424d7781b88eb199c,3180618259309197185,group-00762,development,val
Basil_Plant_Unhealthy/IMG_20201217_150926.jpg,Unhealthy,,300,300,94f7af4f45beb9048d052124336da20d2b6e5e515474e6c4215da95cef5f297d,098b3ad76f4b24987395f84ca98a324c1359918eecf29b00ed3fae0a71b2a47d,5201291726584477579,group-00763,development,train
Basil_Plant_Unhealthy/IMG_20201217_150926_1.jpg,Unhealthy,,300,300,c9378f4be76ad6095956b4a843970607825abdad51c497ab1b1893ad553c66e3,c3267d7696de8b31117083dc9a1625713c7ce77e53d1815ab077a91f5a9ed851,1759374755899303903,group-00764,development,val
Basil_Plant_Unhealthy/IMG_20201217_150928.jpg,Unhealthy,,300,300,048681e2d887c6abbfdb63807432fda7246db3385edb85299489733ea262526d,6470e968cd07c22008a1bbcc242b985db883de2682e24b935bf5c48a16bf1c4a,6345188973400221651,group-00765,development,train
Basil_Plant_Unhealthy/IMG_20201217_150929.jpg,Unhealthy,,300,300,4beb028ccb2facd05348cecc4c966c3437f621e3e0f2a65c8f288e4c2270738a,62b7bc8f9945c4a6bd4c110eead475a4c56d8b3980e4da99108d4576311ec526,7864005819256075217,group-00766,development,train
Basil_Plant_Unhealthy/IMG_20201217_150930.jpg,Unhealthy,,300,300,8b1113de5feaaae605e48cde8430b9fd2d99c57989b9c39cbfe1e0787da8584c,9abd84cd159bfd5930f7c25fbdbfb337da4a848c196f465b8cb435f34ea733ed,8003687226693039041,group-00767,test,test
Basil_Plant_Unhealthy/IMG_20201217_150931.jpg,Unhealthy,,300,300,a3961e2772012ead66339b5a0789323bc9050dc9cabb0eef9615babf467fe034,3cf16aa50d37b9ca667e40f581399d878e36e9c259ab427c267496164d1f5c35,3804671115863700417,group-00768,development,train
Basil_Plant_Unhealthy/IMG_20201217_150933.jpg,Unhealthy,,300,300,13915908b1afaad85726f87b02932ebb46982ef568738da0ced9f96d1abd1ec0,2ede87eff8b7af35d9180d546276b0b6deee748d6f82e71f6c580f4021aa511f,1471736002715300801,group-00769,development,train
Basil_Plant_Unhealthy/IMG_20201217_150938.jpg,Unhealthy,,300,300,9e73716be538a7be5f670534d80eaa5150e894c99fe610ea85d65cd1e1a99680,2441572ae4b9801b73ebd7495c2685d9b6e6ae7817ea8d773a3acb0359ea3cd8,5226418853565415926,group-00770,test,test
Basil_Plant_Unhealthy/IMG_20201217_150939.jpg,Unhealthy,,300,300,4696e7d63a726371c77339595211da62aae5a71f9d355bac1af269f6a7f13118,5406edb06a5f0d348f7afbe76cad12b13a6e910e1f273a37390e6b0d9c9e5ed3,5089058789918360054,group-00771,development,train
Basil_Plant_Unhealthy/IMG_20201217_150941.jpg,Unhealthy,,300,300,bf87c5b49cae9a517687238e232442443582246a6f8c827704e3c8aa427d56e2,121b21505f1a32b70590cb8c226e1b756c6df27e42b630ca884a1d0fa9adcae9,881828398516791710,group-00772,test,test
Basil_Plant_Unhealthy/IMG_20201217_150942.jpg,Unhealthy,,300,300,a3bb62f75ac74c7d62668dea17736d3224ac584d4b4ee260f32f8f200f5e0c65,659a66aa75792d21be05addaf3719d106fd0e8c5dc1549ad5d890bff8b689c06,1763373975072793022,group-00773,test,test
Basil_Plant_Unhealthy/IMG_20201217_150944.jpg,Unhealthy,,300,300,4e94fbaaa59af42f63bb0641c66ae6e452cd731dd3dac088e67eb32a7a91e643,695842e403ca05c6402096cc34df0ea1a2bb06edb317eaf1befdc50e22ddb7c0,448372903069204918,group-00774,development,val
Basil_Plant_Unhealthy/IMG_20201217_150947.jpg,Unhealthy,,300,300,2edc4fca9c9203a0b97898d63a5f0ca36ca0efe85886151f805696d0e336be3c,c70b1ddd1521cd2402df62451337c74026937fb6b469394dcbd35706b5afc7c7,826553089074512310,group-00775,development,val
Basil_Plant_Unhealthy/IMG_20201217_150953.jpg,Unhealthy,,300,300,9276339fc9a576bd99dfdd988e1c6cdc348fe4d9d8b9973754d6495bffb4f8bd,c92f7ee8501b655ac3f7caf0ebedd5db2feace26bafc40ff988d4610e1a0c5c4,2193485259801601366,group-00777,development,val
Basil_Plant_Unhealthy/IMG_20201217_150954.jpg,Unhealthy,,300,300,36f61ef1973b12ef91d37298855b7990faf20b706456f9de4bfed8b7534de876,184eb4cac66f2eeb6567e75d1177aae2a0967f3505846afb0dd4443e44419fa0,2193485122362649942,group-00777,development,val
Basil_Plant_Unhealthy/IMG_20201217_150959.jpg,Unhealthy,,300,300,d2da0b8779d9ca7f080a6fbd036a355106ff297bcf745e123870f1d93915fc51,d247722a7765ac5abdd87cd2191238986a81092ce030e1d79ce13e34aa07af5e,3324209285202155844,group-00778,development,train
Basil_Plant_Unhealthy/IMG_20201217_151001.jpg,Unhealthy,,300,300,eda758bd58bbb1f8d0432bf9d0bc61a233f6811d170c09b6d7c655c3d49d55c1,93b5df28d23b9a60fd1608b8d66fd87df4e96ff525084735bb2a1ad372a77ecc,1018367642325454916,group-00779,development,train
Basil_Plant_Unhealthy/IMG_20201217_151003.jpg,Unhealthy,,300,300,e8870ab83cd3ec05b787fab254672862307e668bd5b6b3af16fcce0518f40ec2,a7fc6ad440c28880779dd289accac78607fecc330b30795bf52f41136c7f7fe8,9205518620263827958,group-00780,development,val
Basil_Plant_Unhealthy/IMG_20201217_151006.jpg,Unhealthy,,300,300,5650f824f7d4f89cd4856f4562751b209038319d3fb367c74bd68ff60225dff3,9cee4441ed65d71305856f79eae98356ea9a75a709ffb85f6a2a18736510a856,3182985209863951610,group-00781,development,val
Basil_Plant_Unhealthy/IMG_20201217_151008.jpg,Unhealthy,,300,300,c9fcd589ae965b7a37febf0e53a7c7d56bbd487865ca20072671df26699351c8,3a559e7a28fd4709aa17408bd41cab45d60ee3de1e7ccb5142234dd4991dca96,2069876849077540094,group-00783,development,train
Basil_Plant_Unhealthy/IMG_20201217_151009.jpg,Unhealthy,,300,300,a171c71380e56cab8b27a1e13fb0af3e5ecff7bb3824c84e1700870c05bad4c5,840c7f5ad8ee6e37a37b90a2cad21408cb9e701e7f2e11c65a3994110dba1410,4339691044109178110,group-00783,development,train
Basil_Plant_Unhealthy/IMG_20201217_151012.jpg,Unhealthy,,300,300,2fb6398b4a8e2285de23872205c798bafbb0fd09529bab07b5511f8b147fb4e4,89f74648e0efd2060abab407b269628c6bca518b0695919f53c3a2426228fc31,7053829066096531182,group-00784,test,test
Basil_Plant_Unhealthy/IMG_20201217_151015.jpg,Unhealthy,,300,300,e9604e39abdb003a42687d3150b7fa1b02b3a47853bebbbdedb0cb7f9ba487a9,7485625a4402cf31565a774967a07ead9a7e8a88962b5db6702be4b8771d3e1f,1824629941799719867,group-00785,test,test
Basil_Plant_Unhealthy/IMG_20201217_151021.jpg,Unhealthy,,300,300,6f655e94e1ca15c25fd7e5ed61e12f10134aa86e9e18e77b56d9cd6f4935a600,04fe935d053c6597cc218084bea0cb0d28b38a7a89fd191c73e36d0b03a0b2ad,8949178075686474991,group-00786,development,train
Basil_Plant_Unhealthy/IMG_20201217_151025.jpg,Unhealthy,,300,300,d5927ac0eb28313cb174840df68f66af1228a3ec1f32a274be3c02a3bd9fe593,c12c66ee05a204fa7d69e6e51180a5baf5fbd8d62837552d57c246604448e2a1,1406686981885314238,group-00787,development,train
Basil_Plant_Unhealthy/IMG_20201217_151031.jpg,Unhealthy,,300,300,89a02e812d0c6b04b7ccfc9ba8c4f3883770f319c59c282222b2ad0c850d4235,af67bf3849efcc09c4b97a0cd6ebf6143328a5c020a3879367b04c9096969510,1429407322845983547,group-00788,development,val
Basil_Plant_Unhealthy/IMG_20201217_151032.jpg,Unhealthy,,300,300,269a42066fa92fd88fbd2c26012a263f97c2be53f2940a05139dfdc39f9c2750,c31f3d50909382520c33f9896fe16e22ac40d27a91107059087e6e983a824c9e,1429407202721133099,group-00789,development,val
Basil_Plant_Unhealthy/IMG_20201217_151033.jpg,Unhealthy,,300,300,5a99cf2c153b424f360a2a23c637ed62870754646bc7aff68a2c1d070bcab1ff,3c4406920d0a8b039e7e406f3a5a3e9f9511aafe5980b7d968c8705073a32b77,7392109613032927851,group-00790,test,test
Basil_Plant_Unhealthy/IMG_20201217_151034.jpg,Unhealthy,,300,300,5f1fcf3bbd0ee554eb3a4c6bc5a5e4a9442b4e6a1278430e51a45ce0ac2f70d9,4a5bf36d24bcfe3d3a31e969fe50a579c5c2a6be51e12fde98aea44807f76031,8216269995182912123,group-00791,test,test
Basil_Plant_Unhealthy/IMG_20201217_151035.jpg,Unhealthy,,300,300,e2d09a2103fcde13e946d6f76a6af23764512206325218486d9184ef5d8719c4,21d70a3b6902c62a062e34c7dc36e9f89c3be392813f0e7c5b473d5dcb16c15c,78265502888351482,group-00792,development,val
Basil_Plant_Unhealthy/IMG_20201217_151036.jpg,Unhealthy,,300,300,519af46bf338a1cdc877379e5810b91055c37baffdda47307de8c57364e0d52a,8797bd54f212dbcaf96489c9a400466a23707053e78b578e5cc38fff3e93e1d0,2348080771912423162,group-00793,development,train
Basil_Plant_Unhealthy/IMG_20201217_151037.jpg,Unhealthy,,300,300,f028e05dcee00a0d72733b24b8c795879d6238148031c8b690b7197bd38ed22d,7db251ef7554dbe5698325785b707fb853bd488ab1ea5b89afb230e214d45419,269701601235785466,group-00798,development,train
Basil_Plant_Unhealthy/IMG_20201217_151038.jpg,Unhealthy,,300,300,db4b671c623c8ec5f77076cc8be7f4247d0d2b8084360a710bf9c64b72ca499c,54a2d3a0676a13851e73f970ed5aa702ad482a1670cadef250659655b7817484,269701599633561342,group-00798,development,train
Basil_Plant_Unhealthy/IMG_20201217_151039.jpg,Unhealthy,,300,300,0786878a9493d298ff641ca34be147fe54c0b837778d6f9f0e401c5e9c351a38,22b0489beff50df39b786dcbafebd7e3fe0da9aa6c24cce20403a72ead01dbdf,125586411561899774,group-00798,development,train
Basil_Plant_Unhealthy/IMG_20201217_151040.jpg,Unhealthy,,300,300,fe8cd258a5185a0d0461a5ae5d5f31b168554a38f19b3199221fa2ad3af7dcb2,ae0534fbe7484cf5d41413d4059ee9cd0070dc0c3b8cdd694f658731216144d7,125586411561899774,group-00798,development,train
Basil_Plant_Unhealthy/IMG_20201217_151041.jpg,Unhealthy,,300,300,e312848548ffd5d1630fe44347cd2e92160ba4e59f62cb50facab5afb36b560c,e7d55c13b9dbc133e0b9826fd2f440d14147c99617a96c556f66cc67cf9200cb,125025523461215998,group-00798,development,train
Basil_Plant_Unhealthy/IMG_20201217_151045.jpg,Unhealthy,,300,300,e3beae0ab3aae96e72e32fec0ed3c03c420d4460d9103c71cccb57834e630ff8,28b3f9b7ae16dbc320c87d3d933974f85ad66c34c34051a8571d1705daa4f2b5,1079951892007819003,group-00799,development,train
Basil_Plant_Unhealthy/IMG_20201217_151046.jpg,Unhealthy,,300,300,fc559909bf4b47d5b3bff7998cf4a2418feef2289c27ea3ae87c1e61dfaa50a8,fdb3fa62af7c7594a22666681fa74e48f114340b2d24be3ec654bdf0845d0a3d,1003415161939367675,group-00800,development,train
Basil_Plant_Unhealthy/IMG_20201217_151048.jpg,Unhealthy,,300,300,9176bb008a5cc12de137e98545ef66409273e9b4b8613557825f87e32a618ff1,601f6380a376c03f2b059b2c35c6a788ed6ec8da834cf69f4233334b465b43e7,694923125162481339,group-00801,development,train
Basil_Plant_Unhealthy/IMG_20201217_151049.jpg,Unhealthy,,300,300,6cec1f3295d3744030533a05977995c76c855352373e6c4daefa10b3c1d8fc1c,11719c8f8151fd1634b103f291e12dc2c5fc72c639f0a9eaddf0bc7fe5c589fd,983470152073056443,group-00802,test,test
Basil_Plant_Unhealthy/IMG_20201217_151055.jpg,Unhealthy,,300,300,1c75afa5fefcd9ab131a322c19b94895da72dde2676ff4b3e40589beffedae1f,217b2482e4e0338e5c9ed7d84f84289a66a10e4a7b08836e2e57e10440b98179,5674762128440332669,group-00803,development,val
Basil_Plant_Unhealthy/IMG_20201217_151122.jpg,Unhealthy,,300,300,098ccf6bd0bbfee70bebd4f43e901537ea4b36310bc35f18d5efe6103da5ed4b,2d53d73934f481f4454aa868d77b7a3206c294ceaca08628e87955433521e28d,5661738181252128567,group-00804,development,train
Basil_Plant_Unhealthy/IMG_20201217_151123.jpg,Unhealthy,,300,300,3f717322d8b7982a7580425e555fc9f0ae0a39712eafe428efec4a85d3db61ae,313ac1fa80e133708fa0713ba844d6944acacb6fe1d4132dca69343e94918f41,7390658651998686007,group-00805,development,val
Basil_Plant_Unhealthy/IMG_20201217_151123_1.jpg,Unhealthy,,300,300,f74930b22fce6050aa79c7eaaadcbc5f9f2b423c97803958f5f1e597af2a9c2c,2dd9204e472c0e2716c61fe1b41449872f5786978930f2f254979bf18630adaf,4024112197136712465,group-00806,development,train
Basil_Plant_Unhealthy/IMG_20201217_151126.jpg,Unhealthy,,300,300,042e339ac06dba11b35468d477a9d10609926e40016932d8cd548079b908d0ee,d7f51ffe905ea6b5b3b0212c2197ce1ff713170aed644780f162a28744231d89,1054625993485762415,group-00807,development,train
Basil_Plant_Unhealthy/IMG_20201217_151128.jpg,Unhealthy,,300,300,dbbe699072f6016373128602413d1be1283fa1c7dc9787748a5ab9e0a408c0b8,04663270805b86dd9e1a58d4e4b54a7ee272d9f9260f4f9f9ea9810df97d6e2c,5666241789470482211,group-00808,development,train
Basil_Plant_Unhealthy/IMG_20201217_151132.jpg,Unhealthy,,300,300,149046504adadac68c599b8174255adc04caa1645a729f334ab2226a93df2432,6b34321e896e9507ec2ab7199efcac757a44bc7274ee30a90440c0529d5a1ec7,5258146190111581011,group-00809,test,test
Basil_Plant_Unhealthy/IMG_20201217_151133.jpg,Unhealthy,,300,300,cfb61c0eabffa78daa379bfce4dbbb49eaa9b5657d2536f3be27c235ef5ecb81,1db7e2d80015ba6958494c6d60dd37c1621dcc0e12ac03b58c2b43db5fb6b948,3078474608448692723,group-00810,development,train
Basil_Plant_Unhealthy/IMG_20201217_151135.jpg,Unhealthy,,300,300,0e5bb69f60a63e0c4f043e5faadc62baf26c3cad364ba6a4f5c72f5cb1c8e170,6adc876260cd47af39b8ced1928b359fa8cc0f7efd19613f0b2000b39f9cb37c,1306291129765328715,group-00811,development,train
Basil_Plant_Unhealthy/IMG_20201217_151135_1.jpg,Unhealthy,,300,300,801e904786c6d5f43bd4f337048fb69e709a469456895ce01bb09d5e8f545cad,4f2114fb318ec410287fd5e9271f95d4f766e4486553622a2915f1eae7d07a83,3918273069774733139,group-00812,test,test
Basil_Plant_Unhealthy/IMG_20201217_151136.jpg,Unhealthy,,300,300,ae356659f02f9f78d093219d7052633e6183150ba914212a3af53b2787e01514,d389cf4da5c4eb85a5f5be014b84c7d2d95501e574ac430aa794fd6f99028deb,5878007650190817115,group-00813,development,train
Basil_Plant_Unhealthy/IMG_20201217_151137.jpg,Unhealthy,,300,300,bbf8f85fc484be5351b894e2d743e52dca59f9bbde48914558fc5d787c5ab885,ae449bd878fb8449af10f6148c250c891de3fdce6db0452c653d410628f46bb4,1580942169077043706,group-00814,development,train
Basil_Plant_Unhealthy/IMG_20201217_151549.jpg,Unhealthy,,300,300,661093fcdaa952629d80cef6971af6b15077e727ec7d55381093e9ec3cf725ff,6c116e8197c340fd28a36220a4c5a63021cb6849c6512141ebed71eb328d9c7e,6467601913259773099,group-00815,development,val
Basil_Plant_Unhealthy/IMG_20201217_151552.jpg,Unhealthy,,300,300,393d9dc481f1014d6cb36be206af0db1fbc2ded82d109397e5b5831b8b015270,8776fcd91626fc5cd136b0aed32211492f9d851b6a624c617b1a06fe1bc3f75b,250584788597759147,group-00818,test,test
Basil_Plant_Unhealthy/IMG_20201217_151553.jpg,Unhealthy,,300,300,2d5b6a330bb55e5e174948afa87814375a53ef985113172f314c66ce963e46ff,509be3a2d6ef4caebba32205d99b09d2044851314b2ab00cb4f323fc1697fcf4,250584805710519467,group-00818,test,test
Basil_Plant_Unhealthy/IMG_20201217_151555.jpg,Unhealthy,,300,300,98b2b2d4335084918b662abe7eb99645d416a4ce22edfd2bbed7f6f3b6623213,135b1fd2637932f8497b4806e4177b73ad473aca6a24c6bc8a8d8d8a16dee934,824793741622271147,group-00818,test,test
Basil_Plant_Unhealthy/IMG_20201217_151557.jpg,Unhealthy,,300,300,c054c492a64f9f407c2a38025c7f2ee59933257e940966a0267a53fddc15a646,5fc2c3e86061999525090ceb0ea8c758f0b64a029eec43bf8fc8dc20c5ec6afe,4265546027183798443,group-00819,development,val
Basil_Plant_Unhealthy/IMG_20201217_151600.jpg,Unhealthy,,300,300,95bc257a9a7b2e9591f21cd1794085e952cd64ba7ebb91536f24da684790baf4,56c15ddde89884bb0b7d2cbf703dff689fd31e11fc463c8e0d210c2700f2c80f,3707029442080438507,group-00820,development,val
Basil_Plant_Unhealthy/IMG_20201217_151601.jpg,Unhealthy,,300,300,591102e285c2d686309463dccd3c709c1ad6d17fa60a21d04ecf63d4397ef21c,8868c96fcac974608d8c0419e5ae689638dca6d9bf3a82844866ca115f82593f,230373262742141051,group-00823,development,val
Basil_Plant_Unhealthy/IMG_20201217_151602.jpg,Unhealthy,,300,300,09ff6228ff2c7f9965c9db504d607b75e80d3e4a7aa29a7cc53c0e8f33b08395,ef802ce11de2efb702890df4d177fc7909c57e6678b7da282ecac590a5852c91,230373262742141051,group-00823,development,val
Basil_Plant_Unhealthy/IMG_20201217_151604.jpg,Unhealthy,,300,300,73953b3936fbae476a859645ffe7e758059a4a7f94c1b24fca7888ef90b642e1,2610e84a22e5abb2171c0cc5fdb27c4688a83256b92c7747f075d7f9f21f03bd,806834015041370235,group-00823,development,val
Basil_Plant_Unhealthy/IMG_20201217_151605.jpg,Unhealthy,,300,300,d42758ba30a8fee3f0802c16c696f33644a495e3587bb5d6c21c54bb49229212,fc3df9c388123fef1b3067d000624803595c9407ae4386720305f82530371bd6,248353026630908027,group-00824,development,val
Basil_Plant_Unhealthy/IMG_20201217_151607.jpg,Unhealthy,,300,300,1e674e827fcbc818b396b42dee5d04982d43650141206d81bfac9eb48e3d571d,08bf4450a90e0c8b04cab543f1a42c48639f956325982da0006d789f1548fb52,7351637123427138107,group-00825,development,train
Basil_Plant_Unhealthy/IMG_20201217_151608.jpg,Unhealthy,,300,300,57aa30cd7042b28eaddbef3b8f60549a8e51f7008fae2af0b10c3dd85c7e0c3d,9895f4d22a95a274c3444d96c1245282ab289540f6a6f1166ed2bc787f38d547,1614051610467678779,group-00826,development,train
Basil_Plant_Unhealthy/IMG_20201217_151609.jpg,Unhealthy,,300,300,93672a9d1623c958597c2cabff0e6074f7b1a9baf4f1f0d957fa35a69b3d76f5,0a3bbb6ddb05041198861efc5ae0c7cd9a6bc3bace05348f68eb3b896c6237bb,794396478829378107,group-00827,development,val
Basil_Plant_Unhealthy/IMG_20201217_151609_1.jpg,Unhealthy,,300,300,5a341d76f9886741ba0802f1d437f7e68e10ce7e05470dc7692f16d1feefedc2,6f667e1a79a476dc759d12a20c694a4b7f3f684e8544e6c71d7752b8d144a369,8963925790008965675,group-00828,development,val
Basil_Plant_Unhealthy/IMG_20201217_151610.jpg,Unhealthy,,300,300,81a492badcf461599d198a949798e42e0c21feeb397952d34d88520cece36092,98b79ceac37191a1e9ebc6c8e27830abe449899ae4f052a39de8ba94bd39e22b,5259767872803199019,group-00829,test,test
Basil_Plant_Unhealthy/IMG_20201217_151611.jpg,Unhealthy,,300,300,5de3358272f50f922b48b027acbaf5fbfec31dd195e122b07f64fce3efcf6d05,8251e01468136e0b50ce181c4ff04f4bc2f68c673398e0db5c517adf22db68c9,7378676312170191403,group-00830,development,train
Basil_Plant_Unhealthy/IMG_20201217_151612.jpg,Unhealthy,,300,300,3b5b1e12a5a9cb88c07d596a74414231ae3ef3976384aad242119f8b44acbbe8,ac3dc44ef4cc18c60ec4e476a1fd475c2260d13054006eb36c89013277b6a02f,2766979299833969195,group-00831,development,train
Basil_Plant_Unhealthy/IMG_20201217_151613.jpg,Unhealthy,,300,300,6f1f4adc87696f265a62334e38427889ce29a9e3c19223e842f16d5f8039ff6f,d4b181a6282371d2603fc59a1066f532ac782dfefae0d2640d8bbdb1fde78c72,5532217783195163435,group-00832,development,train
Basil_Plant_Unhealthy/IMG_20201217_151614.jpg,Unhealthy,,300,300,1e460df8dcc079ff7acfa0b772136f8db7b44d9fa5e68e1ea76a2c50b0102dca,c4630767ab0a789beaf556e112768462fb10e77d48301c33f6056d78c4fb6a12,8408839542957308203,group-00833,development,train
Basil_Plant_Unhealthy/IMG_20201217_151615.jpg,Unhealthy,,300,300,afa698b7b5ee1f502ba61ab5b113a5e42b0d29a82731129600a0dc3338e7736e,3e113305c622e2313c4a45a3d1c922fd2ec55d97205ce84aa24bbdc8956fa010,3691574019986582571,group-00834,development,train
Basil_Plant_Unhealthy/IMG_20201217_151616.jpg,Unhealthy,,300,300,21ccb4386ca2804691cfe2ce5039ccc0b71e26b78629d3cbedd4675941bd4ab6,065416bc83fe97faafcc5b30498ba27ef20bdfbce9d1aaa823c037f04fd5da40,3682549228816321707,group-00835,development,val
Basil_Plant_Unhealthy/IMG_20201217_151617.jpg,Unhealthy,,300,300,d825f83773f89aea9a0bf77f9bf6604d4b4ea251b038e910f011f0a1603ccebc,368e8b68c3e96536ca00607d81b33f91d5fb2b76282217c3b4061005bf0f1b41,3680288651213556907,group-00836,development,train
Basil_Plant_Unhealthy/IMG_20201217_151620.jpg,Unhealthy,,300,300,b360e2aeb953ba48c911fd6ba409f497d7ae8648bd2a030e513bd9f552a3fb0c,9659d60817a869c53de3b745a8a6ff6b7e8afac4d8b05b3ef93e9f8d7b9dba24,4346478354964102715,group-00837,development,train
Basil_Plant_Unhealthy/IMG_20201217_151621.jpg,Unhealthy,,300,300,b9839f9c03d672ca539a26fef8ffd8d2ba7ab91dad78f6865e96731f99924102,edf796ae9c3d47f4de35ee8849b1ca811053007d9b3b5b52035b3ba73fcf50ef,2051610395940961851,group-00838,development,val
Basil_Plant_Unhealthy/IMG_20201217_151622.jpg,Unhealthy,,300,300,601e3836a1baababf07b6631a1ac63613dbe81839fc6d7648e8025d44922fa7c,c7e645f6b398f74304987c0d1e496e5f280322a14b64af441a915deb2e184d60,449511534923038270,group-00839,test,test
Basil_Plant_Unhealthy/IMG_20201217_151623.jpg,Unhealthy,,300,300,46b59973c926afb6a312b148716c15445500f8d7bddaeb938120052d9323e798,6dedf86cc7f37425af2868bf852798b28cda41d7fccf3906198e1bf99b30f30f,5537309096889760826,group-00840,development,train
Basil_Plant_Unhealthy/IMG_20201217_151624.jpg,Unhealthy,,300,300,b3a217e8657280992d08f1a1d1ce717c5d15c3abc35020b0ef4b12f8e01e530c,7d32323ede78da837e92b9bc39ab4ea095943455287325416379523141fe840a,350428963520331323,group-00841,development,train
Basil_Plant_Unhealthy/IMG_20201217_151627.jpg,Unhealthy,,300,300,d8c9865db410c6a918e65b6444246175df1b6ce45d3a130bc796ea6bff9af14d,f56182d7516f8c9459f8064d28c103a0316e58f2127d46072ec61c3f9b82763f,807013894978743870,group-00842,test,test
Basil_Plant_Unhealthy/IMG_20201217_151629.jpg,Unhealthy,,300,300,9c91579b0e4da11861e4f37290794e7e6a8d809b08bbf7b6d9d4517c206504f5,bd5add53270078eb64ca0e68ce8f81042f2a9ffcc3262e0a18dbed6d46e138b2,2334162964776954923,group-00843,development,train
Basil_Plant_Unhealthy/IMG_20201217_151630.jpg,Unhealthy,,300,300,bcc92b8db675ac71ffeb60bae1f27a36613c0259e7a039a26b615a1168d0c8d4,0d4415f0904fa5349d03bc0a15ef7a0750249fb563d8fa40e75fe02711c1d691,3526561266143538219,group-00844,development,train
Basil_Plant_Unhealthy/IMG_20201217_151631.jpg,Unhealthy,,300,300,d83be454f6b443d06b0d26aeeb371cace93dfc31c76b14fe043fa5d6a1cbc7cd,776331ff99623e944e02c8107358a1792cf4745472b649ec69a935d4733800ce,2140596346003078715,group-00845,development,train
Basil_Plant_Unhealthy/IMG_20201217_151632.jpg,Unhealthy,,300,300,7246a9bb1d2b87ec1a45738d11e54cc50428362137751ad501aca6def3fe8a6d,115d3d136d2cb0666590c269e6b0ccd7267b1bd35c6c8b6a90778b61e7ee753f,1655646229971221562,group-00846,development,train
Basil_Plant_Unhealthy/IMG_20201217_151635.jpg,Unhealthy,,300,300,df4f6b3b1a6d1ee916ed74865597814dfa382c5b7345d9e8b20a8641cfe7ea35,04ce73afbf01a7cb3f3dd478f81c7c3d2e849e1fa64fb4c5b6770acf7d598662,2636462149610208366,group-00847,test,test
Basil_Plant_Unhealthy/IMG_20201217_151636.jpg,Unhealthy,,300,300,c65f0d2f598e646b8f25c05caa4c18486a956e1ef045ad8950ce1aeaa131759f,fe25eb7a38d40a9d6047a3fc5141ae6756d511a294315376f05457cad8a42bfc,7027331048808606846,group-00848,test,test
Basil_Plant_Unhealthy/IMG_20201217_151636_1.jpg,Unhealthy,,300,300,9de0d00abba33b4f336e84d7859e898a3fdc030163bacd8b6a4b2bc05edd2ae8,1667d098886cf2a5a47b835d090d3b6f3404980de4e03b311823c680638a083a,712024322315611258,group-00849,development,val
Basil_Plant_Unhealthy/IMG_20201217_151637.jpg,Unhealthy,,300,300,969dc98a22d688016be28b07f78b6a9ed55c144fbd0daa71bb062d1954f0d170,68fac7152a46807c976b67cf74d178a27f4e5c75a36b55110c5fe7495ea1d77e,2819696027858073979,group-00850,development,train
Basil_Plant_Unhealthy/IMG_20201217_151638.jpg,Unhealthy,,300,300,8aaefba7385b1aa320ca4fb40729cdcd9ffa5fffa506b77cae2f4c226d31b7fe,a37b2f1cbb91033514a47e6d3433d2ecde7ec9beec46691c8cc1557412201c3b,2748310919397468539,group-00851,test,test
Basil_Plant_Unhealthy/IMG_20201217_151639.jpg,Unhealthy,,300,300,a35fec7d5e853480cb5595b9e1045a12601e0a4dc0b681504a3ec59734e58255,e4d3872a0a1c97150c840ecfc427138e91d5474d279fc550e652e691af31cafc,3184524980004285563,group-00852,development,train
Basil_Plant_Unhealthy/IMG_20201217_151644.jpg,Unhealthy,,300,300,cd7e7a8a629db21f51a870c4432370b4274e4023cd7e73b90a61039934645c75,ad19cb1f6a45025a243185a977141c26f4701a89694ec2d4300f12e35d6941eb,3508817052395010859,group-00853,development,train
Basil_Plant_Unhealthy/IMG_20201217_151645.jpg,Unhealthy,,300,300,805cb889450fcb645467bc1dbb7eb1d2a7fd3ba286d4f3a4203ebf371393cb0b,1a605bb7eabaf61f6a242917f8e79539cb604a82e625eed2ce86cccb7ef6daa0,3185758578278818667,group-00854,development,train
Basil_Plant_Unhealthy/IMG_20201217_151647.jpg,Unhealthy,,300,300,c3c905da2e0d838718f90f08c9db35a023af59459e5528cdd58375ef48d78969,e7d8cd77ba9650d279901ec1c108ee6a89e5978ea0d1fe42d2e89ac7eb4a7110,1391127013807766315,group-00855,test,test
Basil_Plant_Unhealthy/IMG_20201217_151648.jpg,Unhealthy,,300,300,bed87bd0611e8602303a5f01d341076ac33af7f0ad68d94424114152b5c47f80,82679e7d75e3c8b4b555fc44ae78cb887598ce70fe9f05c3bf2d5f4a94539fb0,8013200108773313323,group-00856,development,train
Basil_Plant_Unhealthy/IMG_20201217_151650.jpg,Unhealthy,,300,300,99e5b432012b57c0d4654d40fcb6baf4f34434155f51ba733adb16bdf52e108e,902237e12b96fa32393ae0f35078ab61fafdad31fca03a5c5f41b1425e84e56c,2621961195166251819,group-00857,development,train
Basil_Plant_Unhealthy/IMG_20201217_151651.jpg,Unhealthy,,300,300,10005845a5179bd6ebf178cbf05e7deb48d303d106364da262b648f72c3993c0,7017f0218f1cc09cbe96c24caa0e005f3f7eff794e4f11f19a3c5ba4a2e1c69f,928200585556945390,group-00858,development,val
Basil_Plant_Unhealthy/IMG_20201217_151653.jpg,Unhealthy,,300,300,7f5d47c049983310a4e711671f694648d5f3f57e9b185f9a5b4aa989a46ddad1,857b3f1ac0d2748faea1d5c100eb48979338fbb6ed73ab9e449a93b209c6c36e,2781119982107245630,group-00859,development,train
Basil_Plant_Unhealthy/IMG_20201217_151655.jpg,Unhealthy,,300,300,08bc08061dc514512a3b0878bd8272b681dc488f1e280705047fd1729199f9e0,0604d7ca6d60f61677a9a52c6ae181aa216f258775d76398e4f3a1b65fa2d45d,8652002604215660158,group-00860,development,val
Basil_Plant_Unhealthy/IMG_20201217_151657.jpg,Unhealthy,,300,300,40f61794714d15290ee5abcc42b1a56f604db89940771b815c36c7053300d461,cd131ea417da5a408db12e01e38a0dfda7fc96081d2180f5eb72fab00092588e,8653161489203416702,group-00861,development,train
Basil_Plant_Unhealthy/IMG_20201217_151658.jpg,Unhealthy,,300,300,8fb1a895910ac60173fcc19b644dd0264894ae5643b4499755f7896893be524d,6ae85780e840c27ed27a5e583e025260c665e1dfef1dd589c76f4db7d4cdcbc5,7521628127430119038,group-00862,development,train
Basil_Plant_Unhealthy/IMG_20201217_151700.jpg,Unhealthy,,300,300,5ee3c802384172ffa0a964640dcd909bf08aaac592b36c0aa8f374295d7a3bed,e06f7bd4606da68947adc0ccd3433bc917f1b78737d27a990dfb1d1d3c9c1f8d,2435152605289844286,group-00863,development,train
Basil_Plant_Unhealthy/IMG_20201217_151701.jpg,Unhealthy,,300,300,f0f31232bac65aca77c96b26b0d0964512ee2bb71e4ad72413fce5894a17d19a,ea0d638d4497717cbc687a3bc9391e005c496b87c49146d26d7770e452a4d3a2,469371648030219838,group-00864,development,val
Basil_Plant_Unhealthy/IMG_20201217_151703.jpg,Unhealthy,,300,300,e28fbcc141757021e2709b4f6f3d4a17a21a0d2421e74bca670830a6ec5f78ee,8cfffb489be7d744900b608bc342c9c01af2594775ccbcc19d0008e862cfea2c,253260700697955966,group-00865,development,train
Basil_Plant_Unhealthy/IMG_20201217_151705.jpg,Unhealthy,,300,300,6709a599ced4ede4e6fd92a8865572847ace84823fa0a6b460fe8035c7eefe52,4d0a494a982bd800ce0a0e0e864b3172dfa5beac8e980a5182b0abf04d855515,5927208824954625598,group-00866,development,train
Basil_Plant_Unhealthy/IMG_20201217_151705_1.jpg,Unhealthy,,300,300,8d16e6f8544085d7042ce262816962b9a685a15627dc73770b0e1d3dd17fd419,06f072e078237db1d2ae36ea08c6b68fce0d8a53fd7e2f469da1c9cda477f64e,5931676149221105214,group-00867,development,train
Basil_Plant_Unhealthy/IMG_20201217_151707.jpg,Unhealthy,,300,300,efe2111ddec6ae5ee5756f9d6c16894fa8abc7518da8c68b58709f6ce1e75ca9,65ae86d8adde485ec5ae56331a7c58b784ba14c08fcbe6cf9b29f12a5ceca7ed,2739811091924377150,group-00868,test,test
Basil_Plant_Unhealthy/IMG_20201217_151708.jpg,Unhealthy,,300,300,a4498b8be2de9ef8711485a868502d550de318f88081d9a8125fe67a1e5eec2e,181b3873f11ba382001d041efda46e3b72495e83ad8064222f4409cd12475762,2440431834401789486,group-00869,development,val
Basil_Plant_Unhealthy/IMG_20201217_151709.jpg,Unhealthy,,300,300,69cc93784c6a6a52785556680d5d477df41094de4f334f43c2d31d44e0655bb6,fca15498f7289967be02237d8dfe7dd6815cc54760fcc5337439c82ca3ad2e71,7417617719140406846,group-00870,test,test
Basil_Plant_Unhealthy/IMG_20201217_151710.jpg,Unhealthy,,300,300,cf3d41b7dd2f1a57dd1898a3a94793f4a1ae5795911f55bfa6544c7019ff499c,8244214b1b66c33ac45b9acf1a5fb53e8e3adf8ff814b7c8def2710b3694d064,2955989766016128747,group-00871,test,test
Basil_Plant_Unhealthy/IMG_20201217_151716.jpg,Unhealthy,,300,300,c7ccc4eae2ebd2c3ce6e71ef0984e997e0ff547179202ac98168d4914c4c92b0,58e4d6b72aa7aca04b2d4d3a86dc077714558f865984de3f77ff102dffa522f9,2970575036856452779,group-00872,test,test
Basil_Plant_Unhealthy/IMG_20201217_151718.jpg,Unhealthy,,300,300,132b76612a4008fcd317e1e2b0bd377f4fc1a4722956d12ed2b4fdb771e060ae,aeb895ee0962a598078e19f2503e6a5496c2ab0c0801748604dfd84080a3e1e0,1741086359929275627,group-00873,development,train
Basil_Plant_Unhealthy/IMG_20201217_151720.jpg,Unhealthy,,300,300,e3731e4d8e9d4b348515a755c1c72947881db5ea0c41271f03a768c047c0ae32,a18333484aff6c96f57da14a83f08a7ac2ea3b99549020db256b7857189409ab,6357178529152287982,group-00874,development,train
Basil_Plant_Unhealthy/IMG_20201217_151723.jpg,Unhealthy,,300,300,6a0425e8f9c037bade3b6fbf5425a27821e8ef8d66fb46886d81cbc05378f9a6,24ec14033c39db979b4a2ab36c6b04e7f1986e13ce36958a636de0167a7ae08f,4813006810906412270,group-00875,development,train
Basil_Plant_Unhealthy/IMG_20201217_151724.jpg,Unhealthy,,300,300,62a308e3ec3d4b7a672087c5a00f2324f9ffaa1746c2607b00eb9ba3e7dc5392,4a4fd7b305fc4dcddbb56b4ac174dae162e5d3e3d4a42acb7b425df2de1dbeac,453026521428319471,group-00876,development,val
Basil_Plant_Unhealthy/IMG_20201217_151725.jpg,Unhealthy,,300,300,636f3c30e79ea90ea197623ca00e4a9ccee5f91c0a37c90063af9811a14bc2d8,d45ac77480cc68b66735ef559e540ca78d33e9c1059b138b4a466c5bd9262150,6645395710354447599,group-00877,development,val
Basil_Plant_Unhealthy/IMG_20201217_151727.jpg,Unhealthy,,300,300,d2d9cc994e6455c18199c5ba568f26d6550426749baf6005aedec32adaef72b1,911a13830a85bc2a8edbf0a99bfdf91751957f206ba18afefc8330fca3397d3d,8950957948834923758,group-00878,development,val
Basil_Plant_Unhealthy/IMG_20201217_151728.jpg,Unhealthy,,300,300,1d44c5cb8d93dee2074c6394119d61b552b9df5f623ac54c56c539a57bb3dd62,9603e4b3042fba5147d7e66689d4d3ffa831e03d9d06c79479c32aa1d9494320,8680728502175515886,group-00879,development,train
Basil_Plant_Unhealthy/IMG_20201217_151730.jpg,Unhealthy,,300,300,d77c5f60cba4b615d9fd2bc1ebdeda84123a6fb26a15a5ae4db6ff05966a3ac8,3ab55de026b9c1387e27f196f6ed35aac0aae84d277e5894ee868135eaa5f2af,4338290899613435119,group-00880,development,train
Basil_Plant_Unhealthy/IMG_20201217_151735.jpg,Unhealthy,,300,300,732169c1dd4f27e0a79375a6c01c69bb783360a85493a16cac0c802a52242299,e25bf8808710de308ebd5048d17e841d2297991ecd315811e57ae3824f3062b3,1278525348790783659,group-00881,development,val
Basil_Plant_Unhealthy/IMG_20201217_151736.jpg,Unhealthy,,300,300,291dc84264df4fc94fc0308fd6720bb70907f8501355ca2085766a3eb385aded,1349c76be501439e1a4fd82c270cde77f224f7c0914a8729521cb76920d2de90,5813650264015621547,group-00882,development,train
Basil_Plant_Unhealthy/IMG_20201217_151737.jpg,Unhealthy,,300,300,03790f2697ae89dec426557571fc270e74a228e111fcc23b6a48b60c2a03d3e3,922b2c6bebf9640f63029f87a96aafffa80a086c869d06ee8ca1f4cb1cac2d09,8191553072716154283,group-00883,development,val
Basil_Plant_Unhealthy/IMG_20201217_151738.jpg,Unhealthy,,300,300,e1fc9ff744ae54fd57fccad11010b5c7fef0fd8a7f270f511c9e7d07b3bbf62e,c36215b03d324fc168e9c05a32d78051c00cffa3a7cd6f4f8fa5e426cdf3521c,7047636696938173627,group-00884,development,train
Basil_Plant_Unhealthy/IMG_20201217_151740.jpg,Unhealthy,,300,300,7fd2282393ea5734304adcfaa240b405de3d89f9cc2b19005b705c77ee1eaeff,4dc2fc25f79e9d72d369eb1b83261ed4a766a63255665a190e8ea7c7d8d70d59,7053195699197939899,group-00885,development,train
Basil_Plant_Unhealthy/IMG_20201217_151741.jpg,Unhealthy,,300,300,dcdb28f11ba35045e5880c5946e49968fc122490918bdb97e24a2c2d1c7d4ca2,e2ff2984ff849b6f238153d9318ca2755d88d6b3231d5ca6ba7c64ed41a769a7,7184644513254707390,group-00886,development,val
Basil_Plant_Unhealthy/IMG_20201217_151742.jpg,Unhealthy,,300,300,6363a395826803117a463c8bb4c0f155ce2586dff3bb0612b6d568f2e72149b2,da635b7dc0c4c54bda2981429874e146e913a9884455b971b18d486c81b2b528,7204664322088358590,group-00887,development,val
Basil_Plant_Unhealthy/IMG_20201217_151744.jpg,Unhealthy,,300,300,fe7559b65308e36dc57c9a21c944eccab6a896f341df0e07b6f059dd9f1e2863,6e4686bb74eef3253ea401b35f91ce6b2f5855be99653633241340e1f771c1b7,7034196060025230266,group-00888,development,train
Basil_Plant_Unhealthy/IMG_20201217_151745.jpg,Unhealthy,,300,300,f6913f6610ab9533fc8ec1873c716272a2eff2ef6528dd74f5b2c7db05be6b3a,440c31ba296ad86117653fa76431fd48421b9eca601f17ce10176e55efbb5ca8,7044681004518330814,group-00889,development,train
Basil_Plant_Unhealthy/IMG_20201217_151748.jpg,Unhealthy,,300,300,0297f59924cfa41cb8506b71fb22a92d5d920eb61acc72ff3f03656bc42a08de,ced76db589e64e3d37d0192429fbd096cf68aa4775562783881cd38b2cc7f0a7,3342742177634890387,group-00890,development,train
Basil_Plant_Unhealthy/IMG_20201217_151749.jpg,Unhealthy,,300,300,6c158279d9fd5cc13add1c44bcf19bcea57a2e75bc603b7203a9199a61fc334d,ba06f24fac2a814b649517bc6488f17f43a649a9850f634c3f7eae2fdc9ff0e5,2767125850320319379,group-00891,development,train
Basil_Plant_Unhealthy/IMG_20201217_151752.jpg,Unhealthy,,300,300,d25337ca69fb408d141c998d556ed06098f7c734176f52dafe3d2a0c031ce97b,2f60c79f87858d64096e36dff41c20b24c49f812b0087f881b70a00efa8390b4,3414175094933987679,group-00892,development,train
Basil_Plant_Unhealthy/IMG_20201217_151753.jpg,Unhealthy,,300,300,2a6df3c9ae38a894d665d90590af14acda9a80f4d11b6adc04e2a851f608e47d,effbd922b91b49a9cf861ddb0d21a4165dfd268c99b510d1b502082f5cd7b87d,1036283287255294431,group-00893,development,train
Basil_Plant_Unhealthy/IMG_20201217_151754.jpg,Unhealthy,,300,300,6c0ba6e58346a414edd5b4fe9999b958713c391d8354ba6dfe5d0c9fef2b73bc,a58930bb4b880c9710cbfc553a1b755403fee0272fe8e23e40fbd4a54ff79100,3404103567807000851,group-00894,development,train
Basil_Plant_Unhealthy/IMG_20201217_151755.jpg,Unhealthy,,300,300,f0d823e5e26c305d905af81465ed07657da197c7c811043236b5329a887cdb30,62f1ac825dedacfcecccd13d8288d354c5ddeb2681ce3c57e46384e306b3148d,1087775633511463195,group-00895,test,test
Basil_Plant_Unhealthy/IMG_20201217_151755_1.jpg,Unhealthy,,300,300,13c7516975fa850a1361bf6d4e638a567bad6173708337afa7e99e79cbae6688,2703e5836c14767d1727597a95ece62b6d3b3e83f3ec0f25af5554d84950f9c6,1540458090682825163,group-00896,development,train
Basil_Plant_Unhealthy/IMG_20201217_151759.jpg,Unhealthy,,300,300,ab50c47dc1a80102034bf6c2511ff52b6ddfe642d26b188a2c0077f07f2c51f0,869ce34841951e4b5d2110835c751428d1be1bbb0358b2f4942505496cddefeb,6323802182703576605,group-00897,test,test
Basil_Plant_Unhealthy/IMG_20201217_151801.jpg,Unhealthy,,300,300,b9304134f41508dbb9ecb359c3ef0166822751110488110a3e1f237130da198f,241372564f71d66a9afeb08840c3d9cc565454ef79249ef648f760fbeea3babd,4351547004054553003,group-00899,development,train
Basil_Plant_Unhealthy/IMG_20201217_151802.jpg,Unhealthy,,300,300,2edf98da167133240fd565d9d2698846389049dd3a5f457c4c0dd9cafe6ca1fe,eb859825f9c28729c645667f1e098ea4447a4692212f2ba814bcf31dd1264047,2189810386832081323,group-00899,development,train
Basil_Plant_Unhealthy/IMG_20201217_151803.jpg,Unhealthy,,300,300,0dd018902eeb540d06b5b83d312938ec9bdcaa5091a8797698a80b33ccf6f9eb,d4b9b190fb08ba01028d22bc1de3258e3f426ecd4102cb628f665fee15efa50f,2145434006686237099,group-00900,development,train
Basil_Plant_Unhealthy/IMG_20201217_151806.jpg,Unhealthy,,300,300,513046f3cdfcec4fe7d6aeb69c384f68cef28fde5f0ed298e6f3a080d2c26617,2bb0556aa03ba260b2bdabea900178a624c58603c83cffcb8eb058c34bf8e4c7,3611014812077883819,group-00902,development,val
Basil_Plant_Unhealthy/IMG_20201217_151806_1.jpg,Unhealthy,,300,300,c8aef7cb7d6d34040b911d9d3156e7f1fcd978c7f87592931a28df81a22cc359,0d0675f5334c699db9846111d8b051581cac13949c4599e7455852addbd62b7a,8294723240171045291,group-00902,development,val
Basil_Plant_Unhealthy/IMG_20201217_151808.jpg,Unhealthy,,300,300,97b4e099f213da1da00adba1373d886fa6230ec04b77aeda6d8fd33bd107370e,79163d6d7486577bbe7ccd273b61711d3679ace27d1efe3053c4a3cbc9b5792f,8184807261832642987,group-00904,test,test
Basil_Plant_Unhealthy/IMG_20201217_151808_1.jpg,Unhealthy,,300,300,748c05057cf23ddcdc6f4fd26ee1d8cc845032099fc30ead76d14bb4e9a34b92,67360b0320869667eb09e0fa32e4172b4445fdfe80167ebe597dc06a174085a3,8184877630576820651,group-00904,test,test
Basil_Plant_Unhealthy/IMG_20201217_151809.jpg,Unhealthy,,300,300,050cd2c94229bbc4f3d5721a2ab7b72257bc7f4fbbbd35501c99abd446952901,97df07a5127e96f18336300c6c0c9f3159632d9516979721624b94f8002ce96a,1136704107269820843,group-00905,development,train
Basil_Plant_Unhealthy/IMG_20201217_151810.jpg,Unhealthy,,300,300,13aca1c744c6d25ae4a84e8d2e9d4b0987bd5209b4409163523d7dd0f0189389,58e8a73c98265031df080a76db5428cd7e3ae804d18e2d501871bd30a0eab4ec,5640299438217298347,group-00906,development,train
Basil_Plant_Unhealthy/IMG_20201217_151811.jpg,Unhealthy,,300,300,27823bf5a18e1f13059c1342333c5e0331bc594e378ab692b27e405cd1689e22,161fb3e539e0248591de07e3fb9635b29f0da2e7bcf685282ef84b3e19ec616c,2050260091861615019,group-00907,development,val
Basil_Plant_Unhealthy/IMG_20201217_151823.jpg,Unhealthy,,300,300,f731c1051d0ebf6fe059a72ada1facf8cbf888ec9c85a2245c6dcf8fc7bdc7f3,6baf81ef20a0631cd60dc56765252882aa5921b442ef699ed86fa8b8865d30a1,3593357947995820971,group-00908,development,train
Basil_Plant_Unhealthy/IMG_20201217_151828.jpg,Unhealthy,,300,300,c1a83883b4822c207d59325e128cbfa0fc9c7d799d1b8d17f87c38b725d30811,66e16e4d3ac2e6c4301bb08e21d20531a27ba8470ff5e1510648c502474a2fa1,2585530109712767518,group-00910,test,test
Basil_Plant_Unhealthy/IMG_20201217_151833.jpg,Unhealthy,,300,300,b51b78cdccef067f7c3b106eac63cd39ec7e5c1b9a4b93d4d95f81e8d9aa81e5,665726f1721c6044435c8150b9d00018fc6455de9c3861442efd33077814aec7,7179197331651271198,group-00910,test,test
Basil_Plant_Unhealthy/IMG_20201217_151834.jpg,Unhealthy,,300,300,00aba180cb1155ebd405cb79692a1a185108b2016f8eef0df48343afdd061999,e4790b397e6ee441147f05cec53035538ba26c05cc1f5f486793cba9f0ab521c,2243287128071051806,group-00911,test,test
Basil_Plant_Unhealthy/IMG_20201217_151835.jpg,Unhealthy,,300,300,279b4d54cce2f8e6e8d7967b123fd214a7b30de4797943c271e7d779695192f0,d3ada5adc75cfcdd40d277caf77bc1da1979660c526ac698ce2d81a5cd8de342,1085237233769893982,group-00912,development,val
Basil_Plant_Unhealthy/IMG_20201217_151836.jpg,Unhealthy,,300,300,668ecbc28070b4bf5bcfb00b7c539ebf323fda61fbbad19342d330081d2b6b2f,82e9aea750e901b8d69eebcd5d1e7a3963ede3c22d0c1b752915cc71f5170058,954388752984297566,group-00913,development,val
Basil_Plant_Unhealthy/IMG_20201217_151837.jpg,Unhealthy,,300,300,0e87e75f980f90d31e03fdd3e65b868af41ca12bf498dbe135d985c6ea3e862b,6ee43b10dbafa0b12c1dffc51a97331d477bc8c0dfcfca4863454649b883a82a,5291425613884805234,group-00914,development,train
Basil_Plant_Unhealthy/IMG_20201217_151838.jpg,Unhealthy,,300,300,89d633a8104b9e0daf7ba7ef0ed98e68ee0d2e83a1e4426bf0456ae1d4785b4c,52fe14227aaac43201a81395e96ea4ab0c0a2d9a01d4e6567e4c454efcfce629,4781393067888726258,group-00915,development,val
Basil_Plant_Unhealthy/IMG_20201217_151839.jpg,Unhealthy,,300,300,062c843e462ef51051477ccaee3cc2509201da7e3fdc96505b3d715134f081ea,5fc3bfa3c52fc3de6543c9edbbccbca2f36b88bdadf18d586467f3178a3ac9e9,466379493608493138,group-00916,test,test
Basil_Plant_Unhealthy/IMG_20201217_151841.jpg,Unhealthy,,300,300,f6a28565b7756791b6462dbf2be34fb90f27ead8a732994fbf78559a44cdfb9d,ee3dfb7725bf96a813ee6388d7be64ff8d5982514b17af5fdf7797777e999f0a,7548570901865529874,group-00917,development,train
Basil_Plant_Unhealthy/IMG_20201217_151841_1.jpg,Unhealthy,,300,300,7d9ab1fd92a86c79c2bc5dc1f302f7f61aa3a5efeda50341f04efb8e0f5ac4b7,7043063bbfc182f21f12858cb28ab3ae5c19a8e2cf0a3f44ad28c98d8be6b141,4705639191140995762,group-00918,development,val
Basil_Plant_Unhealthy/IMG_20201217_151842.jpg,Unhealthy,,300,300,d85e2d284092e1e9c06888327124c7ba1aff3429b1300aa268de11bdcc769a2a,5b292fca304f937c66293ccd028a743d3db7e4fb220a9c4e8b94160ab5237091,8737486620109673106,group-00919,development,val
Basil_Plant_Unhealthy/IMG_20201217_151843.jpg,Unhealthy,,300,300,d9c4bdf7aa102270c50bf56cbd8bb851187173cfe34c7523bfffe84932c7557f,ecd08e9cdb6dfa7e59fdb4e900437d574e0256d11b7a1844d3a0eda396e06aae,8212188188110864986,group-00920,development,train
Basil_Plant_Unhealthy/IMG_20201217_151844.jpg,Unhealthy,,300,300,e258452a6fa6ffb47feee7915a2bd5b17a38f40f0bd5de5f60cc8131361576cf,4491375dc4abf2680057ab0eca8e30fe82c84150bda6b1a4e8df331d57bb0603,4432814879439452890,group-00921,test,test
Basil_Plant_Unhealthy/IMG_20201217_151845.jpg,Unhealthy,,300,300,03ecc2a973ac20be49bc4d444dbfd12d3ae22ce9cb114d25c65f6fc29383c251,cf17bd00584b7b7b012b19a656cdcecb6c5dda6fb604b22270cd3fb747b9ea76,1132573562436436050,group-00922,development,train
Basil_Plant_Unhealthy/IMG_20201217_151846.jpg,Unhealthy,,300,300,5b3e27edc6f4323ef4074acbeb34a50de4ae22dcf6556550e041a26fdc9213ae,b1f3b6e4920103560c032234c96996f7bee7cebadef6c36f749a6adb8fc8eeae,987956997830509130,group-00923,test,test
Basil_Plant_Unhealthy/IMG_20201217_151847.jpg,Unhealthy,,300,300,b7835268fa09584462f2412bd8682b3836ac950509a0209fffa0dbec682f9245,c5a92b0ce2057e071a11fd8ad7b663d335f187439ebf4e584f742b063087b674,9062620832313739978,group-00924,development,val
Basil_Plant_Unhealthy/IMG_20201217_151849.jpg,Unhealthy,,300,300,dbf6fe945e9fd3d2933ebd36b78b124ea05f735f5b8a418e3ccc237a8f545013,b72c91706f781b9ee6bd7d1346f9b0df6ea5e3424b87eeca1c0a40987af52518,7947874235600177882,group-00925,test,test
Basil_Plant_Unhealthy/IMG_20201217_151850.jpg,Unhealthy,,300,300,88910b2f6ccff4ab395776dc9db6e69e2c24b9cb2206909c164fb395dd681cf5,3855034784f307074365c2da8b7222e87f4519670361ff381f0930103b92af71,7477243744273533642,group-00926,development,val
Basil_Plant_Unhealthy/IMG_20201217_151852.jpg,Unhealthy,,300,300,0a4dcf8d1c9c434aec76ccfa9a650f0f32a4a5630b36ff79e67a02e058c5e998,0f809de57b3a5bed47d9602a4523298701a0da69236122ff57c6d7fb9eea786c,7313990594695498924,group-00929,development,val
Basil_Plant_Unhealthy/IMG_20201217_151853.jpg,Unhealthy,,300,300,cf6640cb114ed8ac28b2c6639c3672c211d6cf8a53e1522bb0ec1b23ce0411fc,7dae2c65bd05d015cc0a099ca0c32287c28e940f7ad38be49a04021592fd9a9a,8466909933565086892,group-00929,development,val
Basil_Plant_Unhealthy/IMG_20201217_151854.jpg,Unhealthy,,300,300,4a5bef58880c55323e11b75b63965aab0cefe4f55e15cb5ce0a5b08468b1270b,e14695cf6dddc9594524e53e515fd5c48934b7c33d0464a870bcc91e083ff58b,7890451345925180588,group-00929,development,val
Basil_Plant_Unhealthy/IMG_20201217_151855.jpg,Unhealthy,,300,300,e2f96d128e61c424bba3a1455127075c67b4cd7a653af02d3043a3f69c1f2a44,ff9f75280181482b2702689a917bd971c8daa4b556f6f6895378f62f03c4f63b,7602256429018762444,group-00930,development,val
Basil_Plant_Unhealthy/IMG_20201217_151857.jpg,Unhealthy,,300,300,4444cb54b03a746eee0b6c51808a60a0c4331dac3b58a33b6d4d4ae127eb7747,c79dfc5bb3a94b72cb1da9c1e9116628fc8bee2951683a7ee1a6080744377656,4685339912612333772,group-00931,development,train
Basil_Plant_Unhealthy/IMG_20201217_151858.jpg,Unhealthy,,300,300,ff4abf9a60e7f3e9e9f56c1c5af29d7ef2fbc77e815d4cdc8fa87df61c2d0524,fbd3e66f6d74747ab37db7dedfd1f745b9bc55d9d871ad2db661646112a24af1,3763805943928056878,group-00932,development,train
Basil_Plant_Unhealthy/IMG_20201217_151906.jpg,Unhealthy,,300,300,3597c5836cb2014e0ad670b5c460f7ecc16616919aac6a5628b1ddd1b85b3f33,2338d8ae2b5e766a86e5de6fbd60d249534d29f0fe71e8225564674fa202ee83,361329842608794796,group-00933,development,train
Basil_Plant_Unhealthy/IMG_20201217_151907.jpg,Unhealthy,,300,300,280ead5c82a4e551d464f725438f0dfa2dcd8c827e1ea2d57e42ca9b3da93cbf,d5dbc80fb493c047efeda5c11dc31014fa5bf1770c0fc46f491dee5569711a43,5006748430689993940,group-00934,development,train
Basil_Plant_Unhealthy/IMG_20201217_151908.jpg,Unhealthy,,300,300,1e635466025f5d17c2905b0a992e93a5f7136deb2115b6948f6e0d5bfac7c46b,cfa2f671af181b42f02f7cbd5aaa02ce097d6975e57311ad8e6b23fbec791743,4696121552440509460,group-00935,development,train
Basil_Plant_Unhealthy/IMG_20201217_151909.jpg,Unhealthy,,300,300,9589b0c0ab38f9be806fbb4a4a5d16d65481df2a4a3fea58725c642fa1827773,0f06ef8a9c9f9b1ef9b084e0a2a98028bafbc2bb590a2dfbdd9f3fc7a1e122c6,7137002043632632900,group-00936,test,test
Basil_Plant_Unhealthy/IMG_20201217_151910.jpg,Unhealthy,,300,300,0add17608309c94c170a29942177200c012021189ce456e2b6d49bc785ea9009,d040460a34af980abf4cba4be8bace0727fd50a03e255d9153136fb841aad65d,4084408317513942214,group-00937,development,train
Basil_Plant_Unhealthy/IMG_20201217_151911.jpg,Unhealthy,,300,300,f41331044e517fb4e02c9bed0db742bf2af6e47c4e656839384c83f570a40f09,bd54c094b5779fe91497e98df47345bcc643dbd76babb3448bbf1f4d293bfaa9,2570635893032731844,group-00940,development,train
Basil_Plant_Unhealthy/IMG_20201217_151913.jpg,Unhealthy,,300,300,b7bc75abe6196d52320e1bb2b8e03d7067addf9bd7be5404ed3e5073c0f2b2da,239a120e2bcc958149d6119804ba567d04e9332d35967a951938b1bf9595b48a,264775291637187750,group-00940,development,train
Basil_Plant_Unhealthy/IMG_20201217_151913_1.jpg,Unhealthy,,300,300,9b8b68b9e258ad4aab5553cad723c51f8e029f8429fdf5dcd75136af5dbc70f5,1ba9bb84f1741dd0acdaec8ca98586ff7a77c2fc602718ae95f9eacaa5bc0de6,265338241590609092,group-00940,development,train
Basil_Plant_Unhealthy/IMG_20201217_151915.jpg,Unhealthy,,300,300,8a1a537da72bec9c78b4d7b4487cedf4f0a1dd902a1d3a5aa560fcd00127afbb,90516036aa00e6964669e6241af81a1693399ada857242ddd87872bdfec32b87,1407246900261151974,group-00941,test,test
Basil_Plant_Unhealthy/IMG_20201217_151916.jpg,Unhealthy,,300,300,7fb856f4af2b0a84a8ef6b960d72d3622087c4fa5120ac50d230751f3f34847b,5eb1407c5f9de9782909e9a2cd0c7dfc9433777d515c93f89dd658ffe70b57aa,695669295265461990,group-00942,development,val
Basil_Plant_Unhealthy/IMG_20201217_151917.jpg,Unhealthy,,300,300,bbb46fc022d0d51676b0a04f42c993c991349d73fd7bbff2455ad19c3696dc40,48799b105bb117ec250a0d9e0c63d56a78520845fd4de86a0d44685f1fd11e3c,1839581677004371638,group-00943,development,train
Basil_Plant_Unhealthy/IMG_20201217_151918.jpg,Unhealthy,,300,300,881b8f4886ee88f2550f94d19a85aad74c0b9bec451af24f805899e9f3107cc0,da0ab5dae580a735d49b45dbc3cd56630a07e775b3d40caa1938d2f366f195e6,834225627959236278,group-00944,test,test
Basil_Plant_Unhealthy/IMG_20201217_151920.jpg,Unhealthy,,300,300,06313043e9d660ce882724e7e0364a7e5370001ed22edcecf82ec2bfaaad7d96,20c1896492925dac03df98cf0b771a0820aaac918cd5877331dab3d68fe299ef,6994024172981162642,group-00945,development,train
Basil_Plant_Unhealthy/IMG_20201217_151920_1.jpg,Unhealthy,,300,300,6f64d5d9ad65bcc6e48b6346f8e6ec854ebed1fb6bc3da9ad40ff88eafebb90c,ae1d3d912621ce12cfa1407ac03402e5cc548b0305e0ee9923b1d7856c7bb63c,3427104822699086354,group-00946,development,train
Basil_Plant_Unhealthy/IMG_20201217_151922.jpg,Unhealthy,,300,300,4ecb4dc2252d2c19ec255236b9ffb14c81810c73fb966aacd198ebb6018e634f,003a690345a15549a84f873de6ce3752f8823dec7974d73982f80620067c3f55,2865843619424172650,group-00947,development,train
Basil_Plant_Unhealthy/IMG_20201217_151924.jpg,Unhealthy,,300,300,096b36111d94c581a6ab013d1f7a75560c972edbfd38b0d3db738f9af6f61110,829c1430bfa368ec71555c3f8a3c832dd8f4fed52b1d4bc7580bce00a5276283,7188193428013103658,group-00948,development,train
Basil_Plant_Unhealthy/IMG_20201217_151926.jpg,Unhealthy,,300,300,95e1ca6d65706d9e21ce4e2354df42c445d80ed8fefdc8cabe7a8c950e52498d,24094534ad57b83f4631cb541a8a296a14851abaa946222f340441a7c36baa34,7650394258942587972,group-00949,test,test
Basil_Plant_Unhealthy/IMG_20201217_151927.jpg,Unhealthy,,300,300,9baeeadc4cdc6aac1ae4f1578035f913cac17b316e796783da6bd8945a772c82,ead7d71317e335dcbd3ab21f168ae0a8eb52ad4c5185e5fbdfd5cc82e3db093f,1126965538349761556,group-00950,development,train
Basil_Plant_Unhealthy/IMG_20201217_151928.jpg,Unhealthy,,300,300,c8b671dc525a54f88ff5542fb1b03899cd149c6ece6699574be2d8fd2f71a60f,b27e979886d0d3571f90e52d25b5160c03497a6f2f159be425d54128d48d5da5,3315656305843743908,group-00951,development,val
Basil_Plant_Unhealthy/IMG_20201217_151929.jpg,Unhealthy,,300,300,bfc34b8ed7566288c3a0275aa672c0d9ad651e2d966c2b9acd1877ff02147265,03b734793f90f62cded38d0c57b0d1d18af822680a6e60b504398c90146b0b0a,5838784116346423544,group-00952,development,train
Basil_Plant_Unhealthy/IMG_20201217_151930.jpg,Unhealthy,,300,300,9c7f99a1c30d8009599a64e6d5feab99536785e4c88cc8061ea0c2280b9c88aa,1c153d95d58038078cd50b3f608405ac8e4f48d3f082e3d03c95501be2565e84,195791512560056464,group-00953,development,val
Basil_Plant_Unhealthy/IMG_20201217_151931.jpg,Unhealthy,,300,300,881b2fbdb60055a700e5d855c1c380eff062803b363409d93ccf59d0e21a0174,d5d45a668aa537b77ca5fafa6d1dbcab9da706ea88a253f7c94f43383cd5c108,49433311771079056,group-00954,development,val
Basil_Plant_Unhealthy/IMG_20201217_151932.jpg,Unhealthy,,300,300,add36537967e646ad0cb81dbe9d468f1ab6251000103896792ff6afe457d230e,e4cf9b88f9b2bf47b69b4c70e07a263b254bec31376bccf7f2895eefbc99972b,130603931983905488,group-00955,development,train
Basil_Plant_Unhealthy/IMG_20201217_151933.jpg,Unhealthy,,300,300,dfcaedec15be0cac763d0f8935bd1db136a70a97bd4819ff8cf6acbd64cc4190,b96d838a9e3879b4be3b03398310be9404588b7041a4a2414f541b6447617bd5,3826822791406277332,group-00956,development,val
Basil_Plant_Unhealthy/IMG_20201217_151936.jpg,Unhealthy,,300,300,c3e0724a57dcc40742e4f0374b9f53e6e2c77fcd674f8c3bf440ab9dace3d2c6,7f1d0905d29d168cf2ce0d63f5944518dcebe163b250dd3cd665823980769ead,2054140393873412587,group-00957,development,train
Basil_Plant_Unhealthy/IMG_20201217_151937.jpg,Unhealthy,,300,300,21506b8ac0990b97494a4db75862920505fc12002aa0a145088b5b28ee76a027,d76ac89a378db37a0d9fa818da5bfe42c7db505d4fa51c456def53c6ab0beb63,1768122341265461499,group-00964,test,test
Basil_Plant_Unhealthy/IMG_20201217_151938.jpg,Unhealthy,,300,300,4f38c7f096137342b27272e4dac989e698fc6c3968907d6b6cb8d5dc90fcf34d,4896d437236a6c7c62d32248f750ac22dd3caecb98892b2529371792981eb431,1769213056800215291,group-00964,test,test
Basil_Plant_Unhealthy/IMG_20201217_151939.jpg,Unhealthy,,300,300,d0781b1b1c2093c456f39e87c6b4e422a07e42200672a996878f8d173cfde0d3,8af900aa8a4637e54e3cd3603007068b4af7afda79c7434c22ec0539ff1906c5,1841305834136490171,group-00964,test,test
Basil_Plant_Unhealthy/IMG_20201217_151940.jpg,Unhealthy,,300,300,a44022f2211d6a454c197a828433b94a20e542147e5c2a7d7beb31b565a47fc8,6138038b80161bacee9cae35b9dea779b89a4c7886d3748493c8bbc3320fc865,976614703533871355,group-00964,test,test
Basil_Plant_Unhealthy/IMG_20201217_151941.jpg,Unhealthy,,300,300,5756ca36872e92e0d85d479dc7554814cc93ffca2c85b72f0621982ba9e7eeb3,46271b759e12250490c8823e39b1ab08505272f435ae75dfa932ffeb5a3573e0,1841305831989006587,group-00964,test,test
Basil_Plant_Unhealthy/IMG_20201217_151942.jpg,Unhealthy,,300,300,4e7f1c45ef9fb00ba5bd185fb12090c91c8b4661926bfbce51659b19fa1bca75,203d273d27aca057faef14f5c3ef5fcd85cf5d42684372070a8458e0df0561ec,1841305831989006587,group-00964,test,test
Basil_Plant_Unhealthy/IMG_20201217_151943.jpg,Unhealthy,,300,300,c7ee14875231ca54e3925164a0e07f263fc7c01d429e6387f446bcc33890ddfa,2d8ac6c9c501296d21c0b065c675bb8689976246c66da3c11f370336c594028f,1786101555939660027,group-00964,test,test
Basil_Plant_Unhealthy/IMG_20201217_151950.jpg,Unhealthy,,300,300,52cc6ef4674f12133318d3c128efdb6057541ce300d93645076bf8b4e8f88d04,5c0e06c4043daf034256eaf5d51c92a9b037c07cbfbd0c26d9cff8e7a657dae9,3905495018772025594,group-00967,development,train
Basil_Plant_Unhealthy/IMG_20201217_151952.jpg,Unhealthy,,300,300,5132e187f238b1adfaeb5719d229af787ac0aafbe1d29dab3098ca9c3d773773,1da9cd5bb5744c5339178a3ea74be26a188e33240bcb9f923e5fc06e9db72a34,3905495018837037306,group-00967,development,train
Basil_Plant_Unhealthy/IMG_20201217_151952_1.jpg,Unhealthy,,300,300,da4be87126339938cbfbb127324b2821595c0b5209d28c8c30f24ea719534374,e9e2472ade4b5c26351c03a8c3ec64209b3f5601040e6e31f22bdb4b42c614cf,3905495018838872314,group-00967,development,train
Basil_Plant_Unhealthy/IMG_20201217_151953.jpg,Unhealthy,,300,300,abaaa7f579219598a4ddc7b5dfdce9e2ee1b0ae956ae2837b6ee3cb683b1ec27,4b8532f12a0c79afeeaaa2459f2b7f37dcdbf4afedca392c72a4b5e649b72992,1369968837909445882,group-00968,development,val
Basil_Plant_Unhealthy/IMG_20201217_151956.jpg,Unhealthy,,300,300,019229cb119654ebfb10440831d6fb1909bfc34cfad95adfa35952ffbe1d9395,9202d8faf6bd5743f32e517455fa9ff7fd407a61173af7e5b9ccc881bb870e64,8946162093759824378,group-00970,development,train
Basil_Plant_Unhealthy/IMG_20201217_151957.jpg,Unhealthy,,300,300,84a467ddfe018d925e417d7c2f44315356a25c5c1b9df27ace0e45e0663c792b,5e27fa9557b4987d48bb1d171f8ebb705596eaa91d21ce3c811bcf5c9724ff35,8504809330277532154,group-00970,development,train
Basil_Plant_Unhealthy/IMG_20201217_152000.jpg,Unhealthy,,300,300,87fde5ab489dd6c994a26d77e30d84a70c1afe939f86f0b2bd0d1cf5a4538e76,aea5d1be75ff5eefa055dd0708635d2cadcf8a98d5b5ac8ebab8c9fce766321d,1119664138073162234,group-00971,development,val
Basil_Plant_Unhealthy/IMG_20201217_152001.jpg,Unhealthy,,300,300,c61c49d6ee5928de9c9bf511ebed99ae76de99cf3a11a2e952a05c934acb0c47,f006f4414f317c046c4ee48ecb676255bf445d88f8acdd1636c0aa5b75da94f0,5015277814691807738,group-00972,test,test
Basil_Plant_Unhealthy/IMG_20201217_152004.jpg,Unhealthy,,300,300,0480b9e6d2b8ca9a3d842f92ce40230bc63ec9de5375f5b45e432c2f482a811d,541dff34d525bd90007660e79f03072df43fb17eb61604d82816c12a026776f8,4140614649871991995,group-00977,development,train
Basil_Plant_Unhealthy/IMG_20201217_152005.jpg,Unhealthy,,300,300,343c2f47215c469c3caebec85a9f06e8ee1b012564bda3a7fa230b5e2419e90a,dcdbd570536ccdb30d3c75895246f6f82ad1892c91f6dd5b6080ce5ab591d29a,4140544281128862907,group-00977,development,train
Basil_Plant_Unhealthy/IMG_20201217_152007.jpg,Unhealthy,,300,300,676f6829010bdb4531bb439472f50556eb8124ad586a6de704675266b745c90e,f99079230c7ee70d9d550962b1c9de28d23fdba8d259312ca45b9c4859e457a1,8788256897483818171,group-00977,development,train
Basil_Plant_Unhealthy/IMG_20201217_152008.jpg,Unhealthy,,300,300,66f0805fecd812760a6a5e3b39ee8e5700c8bfbbc2c2b580bc496e4dd7f6b130,6be497bc4232805dc776fa93b6a517b2f3ea36e49235ce3dd4ba2405404fc17d,4176643446823847099,group-00977,development,train
Basil_Plant_Unhealthy/IMG_20201217_152009.jpg,Unhealthy,,300,300,1bb336d311423a53102d6f9291cde7ad8beebe0a8cd18fa31d84a4e5c25d5c19,f9e1838e90ab950e5629855900994d0098e0774619100322e654a7348c6c6317,4176571430959711419,group-00977,development,train
Basil_Plant_Unhealthy/IMG_20201217_152012.jpg,Unhealthy,,300,300,c92260af3d14b8087e48d475a8487e9f684e7803b4ad951826e22d98fb42c90c,0b40f9284c1b1ef2a1066c253601ce6e5ff28b361639d922d8f03af93d90a937,8725409346090844651,group-00979,development,train
Basil_Plant_Unhealthy/IMG_20201217_152013.jpg,Unhealthy,,300,300,3a9714a438bc8c670cad5abe6e8887d0a58c9fd09eadee3ffbb162587a61b533,be9bf8cfe018b8840678cc73871b11a4e38d2ab1ec2a3a63206ad4df06e79426,8725416630355378667,group-00979,development,train
Basil_Plant_Unhealthy/IMG_20201217_152014.jpg,Unhealthy,,300,300,6b0c5f753c7458bdb118d07a63e661898a80e693d630bf192f6a22a8b97b8e7e,43cd49dc7f0d40f77f388578e8adb09669030f667ed26e53a207c0b5ca6bdae4,7149052857335808427,group-00980,development,val
Basil_Plant_Unhealthy/IMG_20201217_152015.jpg,Unhealthy,,300,300,fc6602d2cf4ea4ca0d799e2516e4c3f1e36dccee8f727c3d04bbb4999ce9721c,44403c86237fb303cd31c27c7318c60c79bf1d6b7ac3bc9e4bf18a8773f364e5,3536603298305806763,group-00981,development,train
Basil_Plant_Unhealthy/IMG_20201217_152015_1.jpg,Unhealthy,,300,300,8c4b820fcfec885f954ba80b462b17e66cfa016a49cec93534a3925e715b6407,b82cd40646bc93a5c8857e516e78a63ce58f32e867621dbbd4cb352482e29e79,3519042447399080363,group-00983,test,test
Basil_Plant_Unhealthy/IMG_20201217_152017.jpg,Unhealthy,,300,300,926500278f13c69c5fc15d3a77716066888759d8837e2a5ee3f369fe34a0074e,29c35824081bca997274deb9a04bd89ba5434dff2961bb32daa35be576440318,4100006799329870251,group-00983,test,test
Basil_Plant_Unhealthy/IMG_20201217_152018.jpg,Unhealthy,,300,300,ef474436ed7fc8c9d8eb18ce1e6453fa7169c9633a350a3b6ae9098cb681ece3,3471bf9dfef66ebc292ebbe1d4892b7231f2d9e62609b6055f496a75e830f1b6,4050466929641406891,group-00984,development,train
Basil_Plant_Unhealthy/IMG_20201217_152019.jpg,Unhealthy,,300,300,b4e13d72bef0e36f1ff652c3096514e7989816e6ca4d6909aab99a47bd08091a,1d48c49b01615ea9cdaab3748be9ac4562892e29cb7251026e4a06b15dd8a0f3,4131600442133987755,group-00985,development,train
Basil_Plant_Unhealthy/IMG_20201217_152021.jpg,Unhealthy,,300,300,eab51441138d551a91ae691a41cf6ac9d091850b2c92f0d0334dcab8970a0dc8,52f321450debb36491689284ef2e15f04c1fd4b66461b07695ca9c8febd705de,7140168270701806763,group-00986,development,val
Basil_Plant_Unhealthy/IMG_20201217_152021_1.jpg,Unhealthy,,300,300,416582e827aeeab5b137fccfebfa2392f4c468ccf56a1d1800aba6c688d69b44,10fa8086c2e33525eb978683109712a12b4c945198d9ea878ae66318b88966f8,2438315960182182379,group-00987,development,train
Basil_Plant_Unhealthy/IMG_20201217_152022.jpg,Unhealthy,,300,300,4f6493f1172d9408bbd7292829af4db228103ead021b8889e75bafadbe1fd647,b16eaa57c9c1d165ac573c22ae02ddb1a0ce933aeab516cd61d37acf39f76bd0,2577998076087304619,group-00988,development,train
Basil_Plant_Unhealthy/IMG_20201217_152024.jpg,Unhealthy,,300,300,f665f71c3bf4e2b8f9071ff420c815268776bcf11714804cf22c0f844bbded71,a7eceadc1b96128d810133063b8447f1334ea64939ed251ee3b1ea3393e5af96,7572771738559578539,group-00989,development,train
Basil_Plant_Unhealthy/IMG_20201217_152025.jpg,Unhealthy,,300,300,7b47f9c73b1993ac5891a2940c49e0ec75881c348258cbf41df9a3a871dcdb50,d7d7d913eae76a6c4fb322d32f2f6e08e6e9ecffc191ef52edc2a99ade19b056,7715725568618399147,group-00990,development,val
Basil_Plant_Unhealthy/IMG_20201217_152027.jpg,Unhealthy,,300,300,b5bc6f4c6a952a5003d26a7b792aa881c003ba7829e0c681d0f15b3e59a23119,85a02eea19b582c0bb648d4ab9e0a6e415f97bad696cefd87016e054cb93072b,7140113914133874091,group-00993,test,test
Basil_Plant_Unhealthy/IMG_20201217_152028.jpg,Unhealthy,,300,300,ada69985446c21608c5200bf5fb9389ce73d99f3ef389d23c3067e6a1b85a2b8,ef87ce843c5cec673ed72aa3412bca69b222dc862aa47c17a118c6c43cd11f3c,7140113982316479915,group-00993,test,test
Basil_Plant_Unhealthy/IMG_20201217_152029.jpg,Unhealthy,,300,300,bc05259421b36019e5ec62be6778b1415a592a3b7be54dde3f75e8e20d324f50,a62ffcbe7b97dc854d07ef39b1b8b189935cee312bb1a55d58b0aa09f81441cf,7014013192750106027,group-00993,test,test
Basil_Plant_Unhealthy/IMG_20201217_152030.jpg,Unhealthy,,300,300,9eb638f82bb99f883d49c257b48001d4ffe98b8d92d2f32eb61f2d471a0c851e,53a84128b19ce3d781647bd52c1f4026a0985201c1dd08dc7d71dc4f566e1943,8672393318600410539,group-00994,development,val
Basil_Plant_Unhealthy/IMG_20201217_152031.jpg,Unhealthy,,300,300,bd1fdb0ab2e78176085c94964603c75dde8344d091155f2ba6ffeabb668e9eb4,4afb057ac7e481555a4966d3a862a5a6411bafb49a21d6a30800d492c5896024,3807808492763809195,group-00995,test,test
Basil_Plant_Unhealthy/IMG_20201217_152032.jpg,Unhealthy,,300,300,77118a96d4af86159b3883f690ee76a57165781dc9e2abf94b764051cdddc747,93cfc75e63f4a2f68eacf0c086385cbc76a6ad633d3c10c3e09db114cfde198b,2043585186736047531,group-00996,development,val
Basil_Plant_Unhealthy/IMG_20201217_152034.jpg,Unhealthy,,300,300,156a56b761a12ec1391d0f9fe08d40889fc60be655253d06bbeb441987d5547d,4b2cad6b49f968314ad6aea8d0f2b29f8b25af7979325a7c1931e56d8a77526e,2051497139265537451,group-00997,development,train
Basil_Plant_Unhealthy/IMG_20201217_152035.jpg,Unhealthy,,300,300,e3f74216271a7de943015c650645c3df2f4b972b88e8f83c14482cca1a9fbd2f,68f57bdf3de2febf7c38c15e36abb939efae072bf27ffe953bbedf82452dfc66,4357342343176013227,group-00999,development,train
Basil_Plant_Unhealthy/IMG_20201217_152036.jpg,Unhealthy,,300,300,cd48076aef1579b5081f0b1b26c54265298b95a6627881f69298389fde5d3530,54d5243de4fdfcc35e77c8a18b4d443af311b38583b58a129a57b78d324c7118,4348335148216239531,group-00999,development,train
Basil_Plant_Unhealthy/IMG_20201217_152037.jpg,Unhealthy,,300,300,08bc2d58d903fc71be5c391c262628cd83f172bfc38d6f367357c86169e68aff,3335601146d1642e138a544ab9f4fc4235cb62f9d826a16b497bdbafc6755297,3772153792127517099,group-01000,development,val
Basil_Plant_Unhealthy/IMG_20201217_152037_1.jpg,Unhealthy,,300,300,fcd27fa050edc9a0e7768eaa3e9e16078638cd28b37748df4cc334fbf65e7b78,c203aec2040c65f981fa7e8977b3ff831789a0602bde7a65d5f06dc9cc372a21,8144163867886567851,group-01001,development,train
Basil_Plant_Unhealthy/IMG_20201217_152039.jpg,Unhealthy,,300,300,116382d4f7c5377740ed1720733b8261e7be3d14a686b4c6becc673c9c7ffb66,8c58e069965d7145848f5a44426b302e0a5bddf0905919a0b453b74e49268c6b,8086362632371977454,group-01002,development,train
Basil_Plant_Unhealthy/IMG_20201217_152041.jpg,Unhealthy,,300,300,d27ab784a53bf346f150a857c37e98015e27e96d4c90737592100597e8bbbde1,c5f7983abcdd4b85acd193323f7ab9e13ca20069cec97a8f74e6462817b27cb7,8663808544946404542,group-01003,development,train
Basil_Plant_Unhealthy/IMG_20201217_152042.jpg,Unhealthy,,300,300,92f5adcbecfa34b8e5e6c8a17af38138e3d0b2dd92aefdceb03ad620a9f4a2f6,0e37e528a4ffc37b6e55f0c1193c674dbc5d88576bb52d06359815c1600b9fb8,4214321933166451898,group-01004,development,val
Basil_Plant_Unhealthy/IMG_20201217_152046.jpg,Unhealthy,,300,300,cdd1e8a3a658f40343b421213cc30ee906962457ca8d75dd8f55ad22a081b65c,a75a76eac6fa5173d5cdd5eadbeeda3a9017d7a45da65a12a7290304e04a88d8,2070733943951057323,group-01007,development,train
Basil_Plant_Unhealthy/IMG_20201217_152048.jpg,Unhealthy,,300,300,62aac41897b4aafee8fb2d8bc9bb250a3d495c465aa24c4ec1a56456d7112c5a,086a16c34ec48183fc7f1187dfba097b4966636b0742dd86e93fda713e444f75,2070725150005518763,group-01007,development,train
Basil_Plant_Unhealthy/IMG_20201217_152049.jpg,Unhealthy,,300,300,76f59688c6445d01849e22bd5665e4fe942e7d63feef2bb45da30665dafde1bf,659f262589513eeb80eec3856e59c85c2886d1e19432ce3ba3fcc619970db7fb,2071015418927735211,group-01007,development,train
Basil_Plant_Unhealthy/IMG_20201217_152050.jpg,Unhealthy,,300,300,51b21abebb6f8a3dfcbbc106eda0ef8c725d0973802bbfa20707470948d479ab,e8d7cfb40c681bc8364b66ab65e9907598b150bb010b7f8faae0716227de76c8,1871801512750170539,group-01008,development,train
Basil_Plant_Unhealthy/IMG_20201217_152051.jpg,Unhealthy,,300,300,4e0724f49ceef0eeaf6542572f06f9805d897797038abcf7786a701ef8eff9d0,012f2b1f6bea1ca8b6b917f0bfe6d152fbf69a0273666dc85d6089f9f0caeb22,2141911938349883819,group-01009,development,val
Basil_Plant_Unhealthy/IMG_20201217_152052.jpg,Unhealthy,,300,300,bdf545fe0a1fc4a912171340706fec5c4e8351f0fc5bbb9408e0ec634a8f82bd,d3cde316a8b9dd880a3dcb7ee956cfcdd20e8c07dff390ae53226c824990e51d,1851526520783454635,group-01010,development,val
Basil_Plant_Unhealthy/IMG_20201217_152052_1.jpg,Unhealthy,,300,300,89ede63c7617e4e4626b1a86778dc3dbb3b7dc871654a6ce363dd6a2bd69719a,7c70091a139d7969fdf89334201e5a16a90d61d41e24713c79e952270f46e239,6213960578349337007,group-01011,development,val
Basil_Plant_Unhealthy/IMG_20201217_152054.jpg,Unhealthy,,300,300,ebe76a2b7da1a9f8580e1f8b1e9f43999d250be66d3f4cbfb6c06ef2e0268ce6,9f3ad110035b53d64b06386040f2d33b70e5da7b7a66b0e98cdf7a6cc1b11376,6659105189959797163,group-01012,development,val
Basil_Plant_Unhealthy/IMG_20201217_152054_1.jpg,Unhealthy,,300,300,00d1242fd57df67140659df39788a1a88505766e3fb7aeb9d34e4ab032467167,d44149753f053079ab7632ab557bb9c74b5bceec26f8022ac5a78f33a744d80c,8122510799585378731,group-01015,development,train
Basil_Plant_Unhealthy/IMG_20201217_152056.jpg,Unhealthy,,300,300,b9cc31b5ed38a0ca931cfd71b87b981547fdce783a83ba27c2b42d46a846d8a6,050f85000a8464bcfc3bf397d406685711c1ed92a241ec4ad6187c07238b9857,8122510874730529195,group-01015,development,train
Basil_Plant_Unhealthy/IMG_20201217_152056_1.jpg,Unhealthy,,300,300,6a5aaca4a7a4d24cc8e50dc3b7147c5c258a3e0dfc85f6cb319b3ec3e1657efe,1d38f4b214abe8800a9d20696ead174932c4a0bc8bcdd53ea001bc04e8d43eb9,8123636705917895083,group-01015,development,train
Basil_Plant_Unhealthy/IMG_20201217_152058.jpg,Unhealthy,,300,300,e74568ed32c38c0974463d822cba8ebb0d2d6242f592fc05210140f9bb519326,523ff4f431b31d2978f23f508dbffd422d20dd0325261ea21c6cec40b4295f67,8700053478829425067,group-01016,development,train
Basil_Plant_Unhealthy/IMG_20201217_152059.jpg,Unhealthy,,300,300,e42d4c80895cb5201c9b451f3ff9e4a0948180673cb0caa7e47e1f7b4eb63c67,5650cd5e3534e9422e18dd6d4da9f61848908907c552fbc89b0cd4e797c1a431,495858729268885935,group-01017,development,train
Basil_Plant_Unhealthy/IMG_20201217_152101.jpg,Unhealthy,,300,300,5a9c0ca59ceefa21d330069845f82661a4a98d9b57c103c986da6fd52d709668,eb8b6fddc0f02047e0fd2dadcfd6d2159b0d82d4d1853239e8222bc9ffb35e8a,5449573335316693499,group-01018,development,train
Basil_Plant_Unhealthy/IMG_20201217_152102.jpg,Unhealthy,,300,300,b17183e722ba5794aad90d6c29f9aaeab58068d16fc9864427aaf00b7351f2d3,e81218ac6d879e494f3e7f6040cd44846db0e6191e80efb87ca95e1913c3938c,124382060238210027,group-01019,development,train
Basil_Plant_Unhealthy/IMG_20201217_152106.jpg,Unhealthy,,300,300,165568726d921e9ee252424e9d8f487e0fcf2779fc2a3018ad0041b436d8e01b,9ec6f3d98c41fd47556e21095f958e8be98b951c97dadda1deb4a17a2f566436,2038162210974220715,group-01022,development,train
Basil_Plant_Unhealthy/IMG_20201217_152107.jpg,Unhealthy,,300,300,69245218185f8e89e03dc850d084359bbc7765c01528bc9ae3b94faefc706f56,9cffb4038ed6ca87023a46378f3686a01aed8b8579c2350d3409d135c00f0d86,2020218112489443755,group-01022,development,train
Basil_Plant_Unhealthy/IMG_20201217_152107_1.jpg,Unhealthy,,300,300,16e9a199e3e894001e5718abeaeb324e62894c09e067ba5444469e1a14369801,3c716515318f9f1305a3a18047cf6d762e9b97d5ccff690ecf212b2121759f0b,2020235567236534699,group-01022,development,train
Basil_Plant_Unhealthy/IMG_20201217_152108.jpg,Unhealthy,,300,300,ad1856b5db936c7f6d8e4d6e5b2d6bc8200f559becce2de08184e0c8c7e37186,ebd1e9f918547fce1bcde28a3c11b999ab7a85b4f9d1e9795b8cf4ba8351468c,892083877760090539,group-01024,development,train
Basil_Plant_Unhealthy/IMG_20201217_152109.jpg,Unhealthy,,300,300,d8a5826b2cf0578e963a9995b56a4c9d44f50ede67b60f9a6e3977e4943a085e,12bdf117afda3b9ba4ddc193fc425b63df92f4590c4229671853cfade548858d,892083877726540203,group-01024,development,train
Basil_Plant_Unhealthy/IMG_20201217_152111.jpg,Unhealthy,,300,300,b06f0638d593c479f1dedbbb0e62b1d915e09d2fbe008a74dcf55d94b5618c96,e6c86027e13cec6c2f1660a2caed76ae414f3366b69715ab03692797b151e568,2201222886304142251,group-01026,development,val
Basil_Plant_Unhealthy/IMG_20201217_152112.jpg,Unhealthy,,300,300,1fa6cdd20bd210524a94de356f0ab4536127219ee19cd82f4a1100e2b4bb40e6,6fc578ef7ebe856a20004461796d66fc169ea7477f9d7d89fdaeaf0475d9ebca,2201785836257039275,group-01026,development,val
Basil_Plant_Unhealthy/IMG_20201217_152116.jpg,Unhealthy,,300,300,e2abe7c4a8780e21c5862ae0cc79cd25685c4d7ceba356c585f78888b9fe8dd6,99f72a16a7a911db5af65c24651528cd728d0a653602d4357be9687720545412,4388313917902176683,group-01027,test,test
Basil_Plant_Unhealthy/IMG_20201217_152118.jpg,Unhealthy,,300,300,1aa84576892f8d4e3dc9974e57dda1d8e430ac603d75bd477703cf57e5d434bb,288243aa144d9e126f229f30306188934f974198ea545459f98aa0302edadf4b,1773473654709830123,group-01034,development,val
Basil_Plant_Unhealthy/IMG_20201217_152118_1.jpg,Unhealthy,,300,300,3445cfcd63a3b0df46752bc0ca7fd24902002178e548f54915eb17bc7e57d87a,9944fffaf6db80b4d9b8f2ed272fb9648b7097f8a5c8f31cb3ba8212aff3d3ad,1780229054150885867,group-01034,development,val
Basil_Plant_Unhealthy/IMG_20201217_152119.jpg,Unhealthy,,300,300,bcbc9ea852ef476907722a1bb23c1a0e74fa7b81df6f8fa48915d8b02eba1de0,e7e95e56dbd103280c299c31b374a67e1a90eed0124cf50651b83f3266bd84e8,2068459428155113963,group-01034,development,val
Basil_Plant_Unhealthy/IMG_20201217_152121.jpg,Unhealthy,,300,300,e2903d281c06ab10ed87f413ad0dbb67aa34b418f4aa1f624a51e475d182aa9d,cd73c4e5a9ed36fd21259fb03e63c74ef6d78b60c0613f78e94032bcafe9b165,4086072095572640235,group-01034,development,val
Basil_Plant_Unhealthy/IMG_20201217_152122.jpg,Unhealthy,,300,300,25cf86d61c9ba5b70956786295d70a9542f3f8c8f6ee81d4d36c24dffbf81944,8d877b34309ea6a4f8d32a2aea8b06e61d2e4ca88709a5d0c5553e26a4da1d0a,4374302437498307051,group-01034,development,val
Basil_Plant_Unhealthy/IMG_20201217_152123.jpg,Unhealthy,,300,300,610796c37e78224a37545f129d546689dadbd4cfe34229922ddb151bb7f9fb4c,64d640795ae6bad6fded84cb684889f9f65b03e6dd1a865337e892c51a30f81c,4374302437368283627,group-01034,development,val
Basil_Plant_Unhealthy/IMG_20201217_152124.jpg,Unhealthy,,300,300,a3b51399d6514c214127cbff9f7e48f92b92e650cec0576d3541c72e06261322,8fca186ba1bfaca7cdc39066cdba1672d2696983e3c6ccc34e0d5482187fa394,4082131420132557291,group-01034,development,val
Basil_Plant_Unhealthy/IMG_20201217_152138.jpg,Unhealthy,,300,300,b8f359b9237ca8c75fc2a5ee8d1d8c5be2c5ebc1d2c017bc9f07107b66ce05d5,b9f279decd831fd5818a8c39339fb8c2a8165c717da4525067eb4be633c71417,3172395283375870398,group-01035,test,test
Basil_Plant_Unhealthy/IMG_20201217_152142.jpg,Unhealthy,,300,300,7863d2329dc97575232aa920a49943c2ea0967aea54bdc54401d9abdec6e9368,02a6b74780bcaa7b8b0fa0c4f6be68ba88e73e8303776f17696324b089e685b8,3171937954991600058,group-01037,development,train
Basil_Plant_Unhealthy/IMG_20201217_152143.jpg,Unhealthy,,300,300,4b3d521cbf4335654a867935f9e8f21c95e35e0613063d5cab0018f69f93d808,2bf6368c10c2bf6f76c9825f7690885897103af26c03eb2604db3f81751a8fa5,3171937946401927610,group-01037,development,train
Basil_Plant_Unhealthy/IMG_20201217_152144.jpg,Unhealthy,,300,300,20bce771d3ee19e35ece14918717c41756ff8486d52bc8b570df39b4f22fc013,7ee13d11cf481a66e83800108e701f503e1281996eaf320012c832eccf832e41,4861718746568031406,group-01039,development,train
Basil_Plant_Unhealthy/IMG_20201217_152145.jpg,Unhealthy,,300,300,b40ca448fbcfbf8cf5ccff5bf1619e487fae80f59779107082b7e9ea1f526431,55c6a53a2332e2b5163cea0a67163c8a511329c09050b453147705f00e634326,5149946923696487598,group-01039,development,train
Basil_Plant_Unhealthy/IMG_20201217_152146.jpg,Unhealthy,,300,300,9c27f00ab26331e0d7ff147e955f8567c4ba73e3b5c1c003163cd0bfdd95bec0,b59c1195554cdfea5d09a1bccd4569af1f9ca4e0b9817e28f7402f56de82ea8f,250066297545784494,group-01041,test,test
Basil_Plant_Unhealthy/IMG_20201217_152146_1.jpg,Unhealthy,,300,300,128929ea05ae829bff9a3277daae67caa9a80380c7737613ed46e274b01a50a1,8ee684e121dd5d1c0bb36aeda6566b6bff96210c0346f45861bb437f1901cb2e,250057501453024430,group-01041,test,test
Basil_Plant_Unhealthy/IMG_20201217_152149.jpg,Unhealthy,,300,300,5be8ef8c76520d476ee177056ae27b746dc54ce9f8027d5cc63c37a097349701,f0f60f418f6e306344baef8e2e38ab7317144751875da01cdafd0ea4b0b90988,4082298218015308990,group-01045,development,train
Basil_Plant_Unhealthy/IMG_20201217_152151.jpg,Unhealthy,,300,300,87fff350e5680305df7ae23a3a743ce7a61ae61afe96711ac77ddba4dd4a420b,d07da80ba7101df29cad80f84e758d93e1094682dc4978179b45972cb6b7798a,1776420024463097022,group-01045,development,train
Basil_Plant_Unhealthy/IMG_20201217_152153.jpg,Unhealthy,,300,300,40d44d8ce0b146fce91a995bf08334579f0c0abf79c59bd076b4a49bd946b4ac,68e506aa749ca32b38dd22d592363db25caa816c321b5b556616512c237444a0,1776419475781024958,group-01045,development,train
Basil_Plant_Unhealthy/IMG_20201217_152154.jpg,Unhealthy,,300,300,2375b939a85e495a6bc627973fd695620935acbec624755096acc6a9659dbcdd,0b841a963c7b31055f292213731b9a1e88f50ffa05830aa2e100dea222ee9ab5,1776454659616242878,group-01045,development,train
Basil_Plant_Unhealthy/IMG_20201217_152203.jpg,Unhealthy,,300,300,b73b3b56e366910936fe3b66c9af2ba21fdca480ee5c410c585b4b5fcf476b65,a37c9cbde38eaf6e41849dfe8f2a00d851827c4447381fdbc08f4f7c07f0dd97,3900607907138261230,group-01046,development,train
Basil_Plant_Unhealthy/IMG_20201217_152204.jpg,Unhealthy,,300,300,bf58350c5214fb4869bae7a358cf5a90c643964e9f52f469fe6fe077ac0bd18c,63db1bd461d1b6801a05677d03c3383aa904c973bff962b588a279700be3099d,5044588184530211306,group-01047,development,train
Basil_Plant_Unhealthy/IMG_20201217_152207.jpg,Unhealthy,,300,300,f703e9c80dcbc1fc06a6db5d9a85fe5254a7b4c1e06ca4e6f7cdf4f71a6f79bc,a8d408a701f3660bca65cb5d07421f80f6e6d01c84f869590c5774cad66610f4,5046150781419278842,group-01048,development,val
Basil_Plant_Unhealthy/IMG_20201217_152210.jpg,Unhealthy,,300,300,a7100dc451a2b7df448f5364beee91497f42a24e3a12e3bd47ee4c4f169c8f75,e417d61fc7fd311c6da57e91a4a1ea372ae428185d5ebc791bbe1c2dcafafc1d,5682490619575120363,group-01049,development,train
Basil_Plant_Unhealthy/IMG_20201217_152212.jpg,Unhealthy,,300,300,55c977c6b6f586f29e24d1697374f23bb61690ab5a76cd22d7afc8763170b86e,faa08fcf23f0cda2a691b7cfb517dfa26cbc2ab0a9c25ba11904464383c0dddf,7039590381780185515,group-01050,test,test
Basil_Plant_Unhealthy/IMG_20201217_152216.jpg,Unhealthy,,300,300,3cf19321c1c88aa736195300e851b0bb0a60aea0d5fabfdef76c5026bb4a4b60,3e8e0c2643b8266f8a4e04db8914f93cc54e5889ab72e14643eddb8d71cec9d2,5606494188177920443,group-01051,development,train
Basil_Plant_Unhealthy/IMG_20201217_152217.jpg,Unhealthy,,300,300,158b3699e312f62551265c668881d291a4e4c5b771a4380d691b5929aa62545e,725df52288a0eeb8d1d3c5fc11501fd8c9d8dba903445fe2777f2a4ec12a589b,976802571620684219,group-01052,test,test
Basil_Plant_Unhealthy/IMG_20201217_152218.jpg,Unhealthy,,300,300,bcc0162da6a5f73f3440ab41b6032fac6c856b1d2e824caed84f6d304ee90551,a1fb9a2d98342b81b357386fe63f224e5cb90976149c2faa5709fe388fa51946,1809352775912616430,group-01053,development,val
Basil_Plant_Unhealthy/IMG_20201217_152219.jpg,Unhealthy,,300,300,58e85ecf5e5bd6ec6e353d92c24a5139082ecd32bfb3cb7470474037b1742db3,23dfc4bb04f0219b68bd53746e3bca5290f4d85d46cd2d39590457a4d4b5d766,5541149441484702974,group-01054,development,train
Basil_Plant_Unhealthy/IMG_20201217_152221.jpg,Unhealthy,,300,300,a1e01bdb7aaad769feb8b03a2eba1073014b4c46ca17b0636e36061dac237947,6bf0d92265bb779a4b1c3f2ad40875ec37837b58b825a89e312f9a4f331d8e5c,6693367254354935998,group-01055,development,train
Basil_Plant_Unhealthy/IMG_20201217_152345.jpg,Unhealthy,,300,300,8f3d5266fd6d91b3e7fa59ff13913eb47cb834d7b90e574dbb6b98ccfbfe0eed,f850c8cbb175d886d43062e1e47b063c7964da4aa2be06ae446e62fbd634af81,6101736370565072651,group-01056,development,train
Basil_Plant_Unhealthy/IMG_20201217_152347.jpg,Unhealthy,,300,300,8251966960500f7455cfb0ede053d73823454b2d78215f45ae62edd431271978,c2ce1a71f3e45e5b515972e9189f1bbc0205d13852cfa79096bb30d8ccca8e6d,3261381284619126539,group-01057,development,train
Basil_Plant_Unhealthy/IMG_20201217_152348.jpg,Unhealthy,,300,300,27896fd7bd341cd617e1859eea09c5a370b9f28e36382b66cafcf11c242dc97b,ed05bbb5f296774673fa5f63c170e0a5c8b224d1568fa4bddef8c1b9b0b16268,2690505932062627091,group-01058,development,train
Basil_Plant_Unhealthy/IMG_20201217_152349.jpg,Unhealthy,,300,300,705628f3c7c3b48237cbf343f6d1723badc057aeb903b8a2818c6c5693915397,5f3da3c7fd8b83131815c17b5b7b4fa355d3f5eac8fc82ded35e22a389b0ca3e,1283400492608959787,group-01059,development,train
Basil_Plant_Unhealthy/IMG_20201217_152350.jpg,Unhealthy,,300,300,9c4659c5940839f64975038e7d6fc43aefe75bd734be8f6a7ebf325956d2f451,c2b6f10b18b26a60c8a806ad94e2eba0d358124c20ffa4fa692be05b897b1b54,2440262647023970059,group-01060,development,train
Basil_Plant_Unhealthy/IMG_20201217_152351.jpg,Unhealthy,,300,300,8e452fea4db581c8cc3d7c107c1435263d3c01d7b557038bcb899d3bab45c74f,f02edf1fb4f2b5661e11a8a12392e9e09378ecc127a27f779dc2af952de3023f,2436321997618972419,group-01061,test,test
Basil_Plant_Unhealthy/IMG_20201217_152352.jpg,Unhealthy,,300,300,731c829c1e2108df1b1cb267a26f173f4a60d2265689b6f2ab8fc06f87d2db11,c045ea3b39f39bf0b229e6c29d24fbc429a9ef13d88e5300d073fa7b348fbd05,56169595090020139,group-01062,test,test
Basil_Plant_Unhealthy/IMG_20201217_152353.jpg,Unhealthy,,300,300,58412b64979a7c5b0af1df981f4c96d38877cb3b80d3b9082d929516f1cb1575,08ccad84571736cce78b7905020d0d4b375e8b4752f2d430e0356795bd2f7f02,4105248703160554763,group-01063,development,train
Basil_Plant_Unhealthy/IMG_20201217_152354.jpg,Unhealthy,,300,300,1a8d5ccc51d9d588e099c3f598d0762daa68673e5ba0f5ab2a8b8497442e56a8,d679394ab59a4969d1251610b767149f3142b422234147628a0e8c617e33380e,7550502452459771147,group-01065,development,val
Basil_Plant_Unhealthy/IMG_20201217_152354_1.jpg,Unhealthy,,300,300,3bd40500fdc5aadc2a8601287d59914783060fa4eb21b00546664976d3dfc8af,97013f9a532b4c6bcd9eff45e9bdff4165974f86742227f846a3661717ce681f,8703423957066618121,group-01065,development,val
Basil_Plant_Unhealthy/IMG_20201217_152357.jpg,Unhealthy,,300,300,ef9158787d0a42e86161fc3b80c2ccb84fc8f9ad6a82097e0b9be92ef49ca2a4,de73bdf9898f2b5bcfb7e1c91d629cd0e279a0d087fde756a09d402be91d585c,1778575205645587725,group-01066,test,test
Basil_Plant_Unhealthy/IMG_20201217_152359.jpg,Unhealthy,,300,300,dd7537911c7c86ab30ccc613eaa41e7e0a4931203b5e42c7c08f24d2e50033fb,7a4d25f700348099cf59269fcc52637e66131150c63edf45df74b97492475260,2930933760298227019,group-01067,development,train
Basil_Plant_Unhealthy/IMG_20201217_152400.jpg,Unhealthy,,300,300,fb8a6af0538d408558fa91017a085f06e30a6dc6ee31c8736d5ee34815394c23,8da7781dfb9cbc539496b18125d8bdbaab73f4bd3f679cd6829346bda05655c1,4091737672417317195,group-01068,development,train
Basil_Plant_Unhealthy/IMG_20201217_152403.jpg,Unhealthy,,300,300,5e53a9cf6849f300d5ab69fc3ef71079f1f3eacb167c49556955417aa8f5d8ba,0feac4efe621d9ced600f46d3c8151f15253aaae31900c292e91519a5977bd68,1054647987112031515,group-01069,development,val
Basil_Plant_Unhealthy/IMG_20201217_152411.jpg,Unhealthy,,300,300,c37e54cadd100e7cb0ee5ecdfff741995a6ee885f09716a84a7c2c1c7d339737,53998ac2782bd4d23555405698a81b1353abf7c576abde21e51a40b4a75ec019,1771271900612324223,group-01070,development,train
Basil_Plant_Unhealthy/IMG_20201217_152413.jpg,Unhealthy,,300,300,4cf79de7c0ff33415eed20a9d8d0fbedb8ebc11de49c46a4260bf7cc8712fc66,e3b42eaefcca473cec6a01f816c49d747575f7a730d97df0828904747bcdd452,859290605246278527,group-01071,development,train
Basil_Plant_Unhealthy/IMG_20201217_152420.jpg,Unhealthy,,300,300,720c42bf0decefff7d6659244b46a33c953b876a53dab3da1214e99b472d2406,943b7575c2f3f4405e73b600061499f802388b03b9da9ec3430cd399bd82db55,256393763109590266,group-01072,test,test
Basil_Plant_Unhealthy/IMG_20201217_152421.jpg,Unhealthy,,300,300,6335d71cad91e07ab302218e5968b9d58b069f49f04b37665f9f61de6e4d0426,8364fa185598d960637a85226ef201125475cd0baef7755404066f461cd91665,1409257543358076154,group-01075,development,val
Basil_Plant_Unhealthy/IMG_20201217_152423.jpg,Unhealthy,,300,300,e5ea43087d3755d221ac57a5752343065944b0fbe99ca091e50174c9b9643077,f9d90fc96ef2fd19362819dc85ec1586841bac3bb09276834552deb466ab7d07,1408696795649135866,group-01075,development,val
Basil_Plant_Unhealthy/IMG_20201217_152424.jpg,Unhealthy,,300,300,c38f571bc9f1da4705189e76a1c75f444be2645c8cc1585dc0957a0aad94ab00,2fa7f96b224eb63148abc58e5e2e6973863934ec3ac21361a26cc8d5e941935e,1408978270625584378,group-01075,development,val
Basil_Plant_Unhealthy/IMG_20201217_152424_1.jpg,Unhealthy,,300,300,396e500e2ada4c266175e7348194920126e80f9b32aaf15e6dfde88b6078d14c,7c14495a15481716ddd83e3b6be1068cd3415dbe59a8903e6d13143e87e101d2,1371832353695061246,group-01077,test,test
Basil_Plant_Unhealthy/IMG_20201217_152425.jpg,Unhealthy,,300,300,6cce5e63739513279cc38b4dd600def62d5557e5420333acd14c99f398a291a0,0f2a913af624336f2824c349e07dc8c34c75126eb1dbbbb41a8b5682f7c01e63,1372958253585388794,group-01077,test,test
Basil_Plant_Unhealthy/IMG_20201217_152426.jpg,Unhealthy,,300,300,8d43cc52fc43e154586cce3eb0870556f94532cec9221ea75bc736ed95277a21,b13c1e1ef7319bb5384bc09f5f2b6044fa216fff7f5f7247cf52cc7aa451c023,3700921627094414586,group-01078,development,train
Basil_Plant_Unhealthy/IMG_20201217_152429.jpg,Unhealthy,,300,300,d21f3437a8f592fbb086d42dc5cc11dfb68564a01065a89f8a2518f37d325a4b,ca154ddb2bb88b43f9b63861e4da0f764051200b96db2369200a7dce69fcfb7f,2998351548171736303,group-01079,test,test
Basil_Plant_Unhealthy/IMG_20201217_152430.jpg,Unhealthy,,300,300,62f7fcf77a1b1d3195706cf3e1e3979f29ff2e60b606a35ce7b2f864f4089e56,c867f8222c550b0d906edcdec08fee1e23664793b4e16daebd9feb11b79e09f0,8761991362863531243,group-01080,development,train
Basil_Plant_Unhealthy/IMG_20201217_152431.jpg,Unhealthy,,300,300,473a0d982e5f946757e4318f76eb113247bf233aa00c0243ab0cb52a8e4412e7,2fddc794eb7449cc57da116db221bf9c7311eba1668cbe919d32bc705064d797,8761975011444884719,group-01081,test,test
Basil_Plant_Unhealthy/IMG_20201217_152439.jpg,Unhealthy,,300,300,6ab53344cc0fb720753b32994e818b66fa1e75a15a90e5b7b0498589163c327b,1837535ba51ac3510ae18fd4161653a19537c03660c543e056eb85edfcbfe67b,8399944157489126638,group-01082,development,train
Basil_Plant_Unhealthy/IMG_20201217_152441.jpg,Unhealthy,,300,300,f635342795a4177a288050e69644e22fc572f9c5dff816b3fa32713a4ecc1927,794e8be9052edfb7223c7be245827b449441b9d0932dfb24aaac89162b0437b8,3789244400488537322,group-01083,development,val
Basil_Plant_Unhealthy/IMG_20201217_152444.jpg,Unhealthy,,300,300,e6147fa6f5579cc6102fc7e87edb51765073865746ac9eb7322d6c697fb1f75c,d2c2a62f876e6f9abe05ad46c2942874f204269399412785e849668fa80b9073,8950423779701544174,group-01088,development,val
Basil_Plant_Unhealthy/IMG_20201217_152445.jpg,Unhealthy,,300,300,42e879e77eff7ccd8aaf22e7b1ec3b7d939c4c0302cd443c038407ad4af69498,3106256e0d094f3f11cbd5c58c630b0c1f7038fd5326a6c262a06d1905d4aecc,8680225394245342446,group-01088,development,val
Basil_Plant_Unhealthy/IMG_20201217_152446.jpg,Unhealthy,,300,300,00c4b3f954c4e01053f0547e5dabcf614c37dd2a9253db9477dc97dc0033eba3,72559027b34de6bc691a2cf9c81da0b78d54fc6e38439072a602dc944306acbc,8680208076937204974,group-01088,development,val
Basil_Plant_Unhealthy/IMG_20201217_152447.jpg,Unhealthy,,300,300,4405bc4342290ab9ff931600160404e9fcc5999b1b2b0710a09ca4d80cce01a0,81ce3b7d830ad143a1296d69f4261f04049b6642d34817a6d5d4fb9c03918ab3,8680155300379071726,group-01088,development,val
Basil_Plant_Unhealthy/IMG_20201217_152448.jpg,Unhealthy,,300,300,d3e15475abe27433a8cc77f0c3d0098ec44156b1f6be9599abd1b22b500713d2,cb6b103c0bc61badc80ec403d704d865bf295af13378865cc3a5146f3e02d809,8680208076937204974,group-01088,development,val
Basil_Plant_Unhealthy/IMG_20201217_152452.jpg,Unhealthy,,300,300,e2a3696f3f54dd377e0a1a8c1a08769d11c41fef26099d02e6bbb1624507cae5,36b02aa14b1e693a04c5d570981d439e2ccfd767b13f9589308a270f0e631a41,1622353144434497263,group-01089,test,test
Basil_Plant_Unhealthy/IMG_20201217_152457.jpg,Unhealthy,,300,300,3d44808a76381dc12ba9de7b09d427c84b94f2543da1a4ba5954db0119418d4b,d6f438962a481f738a66b068f95646953bd75d55680962e328db23ab2e5bcd38,4355485954153553451,group-01092,development,val
Basil_Plant_Unhealthy/IMG_20201217_152458.jpg,Unhealthy,,300,300,c29908ce8a9cbf278d3ab5a9eff24e3c30078bc24b97570b22900684a3875d8f,803d38d2a60b6df838360993e7b4921b64e39b1a9451806b677e3730add3fb1b,4355204565076188715,group-01092,development,val
Basil_Plant_Unhealthy/IMG_20201217_152500.jpg,Unhealthy,,300,300,98d7df8408ee27ee4ffb2579fdbb1d10045c53a3907006a466c27af8f1525264,435a3d34904230e7c10f204255f1cc5ac693a1d0b7fd02067242bd9fd8125225,4357454715622428203,group-01092,development,val
Basil_Plant_Unhealthy/IMG_20201217_152502.jpg,Unhealthy,,300,300,e22b5dd802ebf11e9611c5582487f4f64727518f3e4819a39fe7d797a9c56d2d,1b1ab5f5127ff9a43cf98ef5dbf691f2e4748f109812ab64c11c97ffa04da505,4358455820959518315,group-01093,development,val
Basil_Plant_Unhealthy/IMG_20201217_152509.jpg,Unhealthy,,300,300,39b05a1340831cfe43486e32905b5f3e8da840c1caa7f1bea25f33fd324ca9ab,f8f0f469d7bbefce65c47dcc1dc8d2e0043d9ddea10f466149b932a6b2a04a23,5649256156757523691,group-01094,development,train
Basil_Plant_Unhealthy/IMG_20201217_152510.jpg,Unhealthy,,300,300,e7369cd17e49a729a1b1e7ec99192ed67abe1d0bc5342164fc9b48ad6ee75ca9,e56794ea92d614e76c7b89e1fa965ba04fa7711658515b3c1e75ec15d529c3d9,893454950413663471,group-01095,development,train
Basil_Plant_Unhealthy/IMG_20201217_152515.jpg,Unhealthy,,300,300,44291be3447a209a9468edd991d69c0ed31293a7c98fca381d1a4369a3acd356,5687a4616909aab69e88cf8e81945886f55220f1055d2fcce7a2179b55a9455a,654766094811987067,group-01098,development,train
Basil_Plant_Unhealthy/IMG_20201217_152516.jpg,Unhealthy,,300,300,18af18c47903c1c225b047b91fd904e1a652b5102e1e518f3d5543fde36fe6c6,e9871b019e00659a16a2e9f01aafd07ddc13a287112e916db80c81c891d8cdbb,654766103804574843,group-01098,development,train
Basil_Plant_Unhealthy/IMG_20201217_152517.jpg,Unhealthy,,300,300,a9c293572cad5f13427f6cee9dba9a04f62fe92376ada743ca6f5cab0ba4c698,7fc1436f844b82c8e97be85f6daa126a96f4aadc40b48a698eaed5e20656fef0,657018951590280315,group-01098,development,train
Basil_Plant_Unhealthy/IMG_20201217_152520.jpg,Unhealthy,,300,300,2a6533bb462cde71d557790ec981797e8d48df1b2f4aa2daca82cd58492ca412,87be6dfceb11eae7f85c402cf9ea67e8d3c8b8e2dd5831f52d10101967031547,5591892435552468155,group-01099,development,train
Basil_Plant_Unhealthy/IMG_20201217_152521.jpg,Unhealthy,,300,300,79ac8b8036a311676ffa3eea4e2563d818efc7d71ead75c1f9b32f2142f6f56c,0873bd912fe30afcb74de282f7f0d7c85315ef69ada10fb3970c870e94b38d16,976337785599065275,group-01100,development,train
Basil_Plant_Unhealthy/IMG_20201217_152523.jpg,Unhealthy,,300,300,89039d8d8ce4a4efd417ec253d0a2f097814efafd4c3e40259749b7e25536f6a,c957dfee450884c5049fe620af5fce5c7f1ac2725a776f045495b012754d158e,332323605820767418,group-01101,development,train
Basil_Plant_Unhealthy/IMG_20201217_152527.jpg,Unhealthy,,300,300,384db765b087ca842f246078b1b7502159ead4ef7ead6862105880351508a6d8,f4068804f748374fd554f373f1804c903c990c070a94650c83223464def53c62,2640064355595222202,group-01102,development,train
Basil_Plant_Unhealthy/IMG_20201217_152530.jpg,Unhealthy,,300,300,2e15a753797f1d6067f6b42bcc96f042a6a79e2d4e889aee8dbb05cc3f465e4b,4a9f8a8c9ae5f9ac3f3bcfffa1ae2717d115c1a2fd316c00f1ff58663eb5084b,8674581710197546155,group-01106,development,train
Basil_Plant_Unhealthy/IMG_20201217_152531.jpg,Unhealthy,,300,300,0db60d00dc521adfb27c662d8ff4ce1d8676e0d7d2361691ab6eefd2c3f3beaa,a70f5f8a9dabe9abed934d6cdd4b1a4f1e9c8bc8bfd665447f9c6e04fdee7100,8242236146020310187,group-01106,development,train
Basil_Plant_Unhealthy/IMG_20201217_152532.jpg,Unhealthy,,300,300,3c5a7013ed6ede44116b213ddc2fe7d66cca7ed36359a1488473e6c62e2f05ca,c811c0b301307ad82d63c28307ce4e8e2def69b54ab8fd393d8907caa333ea7a,8242236146020310187,group-01106,development,train
Basil_Plant_Unhealthy/IMG_20201217_152532_1.jpg,Unhealthy,,300,300,9ddc2e5260e8f6c08cc5df584f4544b1d410a94d05b17878cdc9b68befc67448,a4d29290f66eaadb9a67bfe6415c0f0a299ee0764ae49e97da20e027b6889739,8818696898290179243,group-01106,development,train
Basil_Plant_Unhealthy/IMG_20201217_152534.jpg,Unhealthy,,300,300,22af4479df1a9e662e12b7bcf983870d8798c169a533bc3c01c3eab94272e60c,438d5ea2eacacf32ec837abc04396e4a33a1511801c6510882640e24015bc5f8,4207010811194432683,group-01107,development,train
Basil_Plant_Unhealthy/IMG_20201217_152535.jpg,Unhealthy,,300,300,fc9e05704e8a27f8b253e36ef38cf3629fa67fe73b57d7d4cfb2c7f9cb1ac229,8bb9d6a3cf6a913ff1d7261952a23ff5598b39198ff1157f5359a0576ce43be8,8809267418371775659,group-01108,test,test
Basil_Plant_Unhealthy/IMG_20201217_152537.jpg,Unhealthy,,300,300,fd7afbe6c3ae385b6e6030bcb03c6c881013346d0dfbfcca9f8b493250bb9f0a,41785ef47e17275bf48177d793f3563a96b4116a63a3d059dbdcf8fb23f88df7,6513983581717034155,group-01112,test,test
Basil_Plant_Unhealthy/IMG_20201217_152538.jpg,Unhealthy,,300,300,8833cfe5213e7d03b18f6e6af6b5e4ef157c226a20276efb32d44dbe58634508,2e95d3a581b595e0e8b394ead84af50e6a42ae5ddaf8d2763dcb05c36e3966a9,6658098907231835307,group-01112,test,test
Basil_Plant_Unhealthy/IMG_20201217_152538_1.jpg,Unhealthy,,300,300,5365528762daea657ce0c6a9a448fca5229b566402607b42fbf605941b23f2ed,176190f22d201aea17678e82fdddc2af91839d4f7616847de25be0e92bf34954,6658081315045799083,group-01112,test,test
Basil_Plant_Unhealthy/IMG_20201217_152539.jpg,Unhealthy,,300,300,bec31fce8a4c428e991e19268b74551d7e1ef457486cc69e0f36840ec0698d3b,75506c15df99dda32893c883e414bb674b24aade93b2a9c91d01724adfeb7736,1758200104838790315,group-01112,test,test
Basil_Plant_Unhealthy/IMG_20201217_152540.jpg,Unhealthy,,300,300,a1b44e42b9f752122fb0e2d5f8c7ec6059fe8887a8cdfcdd838f20ca76e50755,5e0c22fe14fe0ceb88baaf21824c71f481152eb28265393d4f95b6bf9d33af0c,956490720472585899,group-01114,test,test
Basil_Plant_Unhealthy/IMG_20201217_152542.jpg,Unhealthy,,300,300,794745766b798b0955b2617709761fb6bf3460e38c8e43b80c2e67e7d8d54e32,2524ff14ee97bb0b874b8f1f94b620b9a0cb5452bce6605cff8b36a80427fa03,3262333695324452523,group-01114,test,test
Basil_Plant_Unhealthy/IMG_20201217_152548.jpg,Unhealthy,,300,300,6a9075b25b33958aa29f6f9996654bd0720abe84e6201c76aa6c428fae4795e9,5d55aafe24e3923a66e48c29b56bca1460c5b89ad2d1a32fd9b9829e6d1e4c62,3764462157352010222,group-01115,development,train
Basil_Plant_Unhealthy/IMG_20201217_152549.jpg,Unhealthy,,300,300,4b076fdf9a1cc20f79888b4fdcfd4c7bcc8435cd52d427aea153e31d7031eeae,4a7cec32e85f0f3d7594d6e5fbad54c61da4f750108d7ef43d04e4aec6e4e69c,8519154918695502254,group-01116,development,train
Basil_Plant_Unhealthy/IMG_20201217_152550.jpg,Unhealthy,,300,300,6f62ff6a4477674b0b169f6eca133cf37a2da0fad354d42685e42ae6813a1f00,286f0c16763dac31e8da101cd787cd6a4f040d83f8b996c5780646cf5349cf33,8546449779307970990,group-01122,development,train
Basil_Plant_Unhealthy/IMG_20201217_152551.jpg,Unhealthy,,300,300,ad77b6829a42961305f6cbca763fb3565f96e1285bd27d10686ebcbac2f1044f,4e19be25e707c8bcfbc59c2462af98ed90b36328fc8fc2b13861d2eaf3348a2f,8546168304868131246,group-01122,development,train
Basil_Plant_Unhealthy/IMG_20201217_152554.jpg,Unhealthy,,300,300,cb59329d4668e348301e5ec4f755700f6d087124f16a4c5741274619788f4fec,5884f6b20077c1cd0aef125cafd33eae1536abba0c043fb5b6abbd01c9f7a819,8564182669017874862,group-01122,development,train
Basil_Plant_Unhealthy/IMG_20201217_152555.jpg,Unhealthy,,300,300,ee1d5843921c3ed73f30ecdf8fe9521194db861e9ca2748daa77622f17b1dfb0,864e8ba689179db9444db288aa589ebe1ebfcd2e591dba02246b293eae020b03,6258339659804180926,group-01122,development,train
Basil_Plant_Unhealthy/IMG_20201217_152556.jpg,Unhealthy,,300,300,29ea713f8026e8c7d7664348f3af40f36d40abdba8e0fbc49f18d3cba5fcddb1,5a89776d891a0fd9741e51506618d767be79682b7de218ae3ac1c70ece2748c6,1655660840631534014,group-01122,development,train
Basil_Plant_Unhealthy/IMG_20201217_152557.jpg,Unhealthy,,300,300,467c10c88805e96ad4414f365aba5653b514e355e3d51f55d2294e46791e99f9,5a82693ecce5d983fa23fa4f0afd176d3ae5f349ca08a3fd57bc06f8f774a538,6258339659804180926,group-01122,development,train
Basil_Plant_Unhealthy/IMG_20201217_152602.jpg,Unhealthy,,300,300,9461187366cbc8b05677e1af7b11f1212ec0803d04300ea771a3b424255982cf,0f0a9d5c31110463987b697fff9ae61563778b9635780eeec31c4eb0174f762f,2978183115650763582,group-01123,development,train
Basil_Plant_Unhealthy/IMG_20201217_152608.jpg,Unhealthy,,300,300,28ca486f36cf6b10eee7e21c45f7b5fc192859aa922cc2850cfe709ed4064ea0,41d393429f2cc9746402634969ef95250e0bb82895e589e3328e2ac2337cd3df,3585371311707849982,group-01129,development,train
Basil_Plant_Unhealthy/IMG_20201217_152609.jpg,Unhealthy,,300,300,218c426becca7cdca7dce2dac47a49e2c3b553c649e9bc3e5ca624b581352dd8,45d39b976a62d97803193c837169d0a14b1cec08131e01322e84a682f23ee056,3585371311707849982,group-01129,development,train
Basil_Plant_Unhealthy/IMG_20201217_152610.jpg,Unhealthy,,300,300,d8df801f62156cfdd20c13de7a8685c5dc4d5c94ba9bf010d9cbd7e5ba4aa9e5,9a0cb18cc0f5f0d026d9687d1bb7f2090a1e5dbfbdd3889cc8e4c4ed96f75d75,3567286819336291582,group-01129,development,train
Basil_Plant_Unhealthy/IMG_20201217_152611.jpg,Unhealthy,,300,300,db04f55e4a3f8b88549b7844fd33a3c60d68135f9c544cadc405e3890ef9a452,076908e7e440b80bcdb5c6e0612130a313bc983b892fb5bfd5fa4073e963fd6a,3567286819269313790,group-01129,development,train
Basil_Plant_Unhealthy/IMG_20201217_152612.jpg,Unhealthy,,300,300,120488f9c8a18d5d243c5ed6a6a038b8d034100ff7bd8200293c66b53abc96a9,f8cf369fe79d81a13d69a893e693f852d4cb6295965cabe27d0b3f4f2b7049e6,3567304411454833918,group-01129,development,train
Basil_Plant_Unhealthy/IMG_20201217_152614.jpg,Unhealthy,,300,300,3d9d4fa128e2b90f1f239215e82aadf9d919808efeaadf4df1ff3eb1805b43e8,ff63e71c3a5cbf9d76c1622ec976f832c085d5ec53f259c7cb3a9409514b32b5,3567286819331720446,group-01129,development,train
Basil_Plant_Unhealthy/IMG_20201217_152618.jpg,Unhealthy,,300,300,a1b50d0b599e6c6622b67c87e24226b05a31eb8e1c89b7796fccdeb9203d869e,4d9fa0b027acbc6640f4ce75473e96317294495814b4b7d10429af91f4f2daad,5298966973377205419,group-01130,development,train
