path,label,width,height,pixel_sha256,phash,split_group,split
Amravati_Region_Basil_Plant_Healthy/Good.jpeg,Healthy,247,520,a6d51fad58b9b0de534ed0be93e6b1d7de641c79d7f22e86d8aff4fd5eba0ba9,7418888902149027737,group-00000,development
Amravati_Region_Basil_Plant_Healthy/WhatsApp Image 2019-09-04 at 21.00.49 (1).jpeg,Healthy,247,520,4d76041a9e14b1d325066cc0af834e639d4da329b743fa3c3c925561cdf71243,2186609313400238705,group-00001,test
Amravati_Region_Basil_Plant_Healthy/WhatsApp Image 2019-09-04 at 21.00.49.jpeg,Healthy,247,520,384b3e4f08f2a4ba1524837b2fb6a1798f4eddc9a028232f88bec2bddf81eb3b,1594713080396127713,group-00002,development
Amravati_Region_Basil_Plant_Healthy/WhatsApp Image 2019-09-04 at 21.00.50 (1).jpeg,Healthy,247,520,8687efc0c3dc15c180fe133496c4acda490328b125e57e8c19b6b7d678f848d2,6426158265987107765,group-00003,development
Amravati_Region_Basil_Plant_Healthy/WhatsApp Image 2019-09-04 at 21.00.50.jpeg,Healthy,247,520,3b4dd86501e6ff666e73fb90711e68b79336d2230fa074156085fb1fb201c19f,413456733307165773,group-00004,development
Amravati_Region_Basil_Plant_Healthy/WhatsApp Image 2019-09-04 at 21.00.51 (1).jpeg,Healthy,247,520,4c1d88c6fcf9b039460c631493fd893661746cdecb92535a92673c3665c01fd4,3904281451378641845,group-00005,development
Amravati_Region_Basil_Plant_Healthy/WhatsApp Image 2019-09-04 at 21.00.51.jpeg,Healthy,247,520,5a2115b204acbc520db630f8ed3d4879661977f9a2f87d31906930754ad6b71e,3942032350168357781,group-00006,development
Amravati_Region_Basil_Plant_Healthy/WhatsApp Image 2019-09-04 at 21.00.52.jpeg,Healthy,247,520,6d6e7576e04c3d89d4bccb9c18255aa61f686ba648da287c601c234e2ba08845,7036441662890319496,group-00007,test
Amravati_Region_Basil_Plant_Healthy/WhatsApp Image 2019-09-08 at 10.53.01.jpeg,Healthy,520,247,c514edb11786efca22103988b615c19da3c6c6c908b76453e68e9ffdacdfd196,7232912810377643917,group-00008,development
Amravati_Region_Basil_Plant_Healthy/WhatsApp Image 2019-09-08 at 10.53.02 (1).jpeg,Healthy,247,520,18bcb72c50349ef18ec56491e758fafa13bdecc2f75dfcc58951cfd9884d6af4,7073323395850834919,group-00009,development
Amravati_Region_Basil_Plant_Healthy/WhatsApp Image 2019-09-08 at 10.53.03.jpeg,Healthy,247,520,bab13a5f734f613e3f43d075ced5ea37c07fcef32f5028383a55232451c5164a,1413582487803031875,group-00011,development
Amravati_Region_Basil_Plant_Healthy/WhatsApp Image 2019-09-08 at 10.53.04.jpeg,Healthy,247,520,9aaf260f1c1d7702719eda94dd5b7bf79c901a81d52c20fce1d0c67b21b91bf9,16813860223130002,group-00012,development
Amravati_Region_Basil_Plant_Healthy/WhatsApp Image 2019-09-08 at 10.53.05 (1).jpeg,Healthy,247,520,b763de1486096527b47d03affa1d7f41ffaff0da8b9fa3f542b5cc4148207096,6519034844587192537,group-00013,development
Amravati_Region_Basil_Plant_Healthy/WhatsApp Image 2019-09-08 at 10.53.05.jpeg,Healthy,247,520,de4a3ee4eda46cf754c34d6fecc3298d3b4b31e989ed04cedd9b01667aedfcb1,928917241357808293,group-00014,development
Amravati_Region_Basil_Plant_Healthy/WhatsApp Image 2019-09-08 at 10.53.06 (1).jpeg,Healthy,520,247,1a661804c39dca52a0fbfe0ed3a556e1602e60825ccc4105d09ed68173feab24,4481294828022597527,group-00015,development
Amravati_Region_Basil_Plant_Healthy/WhatsApp Image 2019-09-08 at 10.53.06 (2).jpeg,Healthy,520,247,03524c7d2819d5b69f079ce17198ed86f2d9f4425372b68f716b4c3aae88d46a,3498857871607327286,group-00016,development
Amravati_Region_Basil_Plant_Healthy/WhatsApp Image 2019-09-08 at 10.53.06.jpeg,Healthy,247,520,23d8b25ca3983afb8c48558e2d40bd2f35e74a8789f4545e771c36f286a1305b,7569515456188525772,group-00017,test
Amravati_Region_Basil_Plant_Healthy/WhatsApp Image 2019-09-08 at 10.53.07.jpeg,Healthy,520,247,48ed96f01908df5557dabc292b5a13a1bfe09d0dde3cba2e7e3fbab869fc2977,3741499131843259528,group-00018,development
Amravati_Region_Basil_Plant_Healthy/WhatsApp Image 2019-09-08 at 10.53.08 (1).jpeg,Healthy,247,520,16c1ca2f2811e0deee283a3af699f81d385a0aa64c4e2850ebaf46cb497eed6e,5318790423925631660,group-00019,development
Amravati_Region_Basil_Plant_Healthy/WhatsApp Image 2019-09-08 at 10.53.08.jpeg,Healthy,247,520,d78cc62258824b33abe87484af94850e9ce85227ff1a35fb3ea01bc03629014f,4395910859387790567,group-00020,development
Amravati_Region_Basil_Plant_Healthy/WhatsApp Image 2019-09-08 at 17.49.46.jpeg,Healthy,390,520,9b8f20088a295adc83ccdfb58edb25b0c57072fb380025a4fdff5bba631db2f5,8823898160642420175,group-00021,test
Amravati_Region_Basil_Plant_Healthy/WhatsApp Image 2019-09-08 at 17.49.52.jpeg,Healthy,390,520,a26b79eb2ac3195594a56c6f73db8493d6367fc51c98921cdb6544b0015377a4,8898052338096406699,group-00022,development
Amravati_Region_Basil_Plant_Healthy/WhatsApp Image 2019-09-08 at 17.51.25.jpeg,Healthy,390,520,a5334bd7c2633ebacdce158b975d996a4d957d181680936250bc91cd3360be95,4975471847001184475,group-00023,development
Amravati_Region_Basil_Plant_Healthy/WhatsApp Image 2019-09-08 at 17.51.43.jpeg,Healthy,390,520,b629947b010ef722a9d7fdaee2ce5e50ad9a2d13f8cd9b0c31ffc2a02996ffa7,559432739267136907,group-00024,development
Amravati_Region_Basil_Plant_Healthy/WhatsApp Image 2019-09-08 at 17.51.57.jpeg,Healthy,520,390,ec9b237e19aba1775a443c148a17d720292bc4a98ac344a21651bc25d6cc8bd9,1552111872680512444,group-00025,development
Amravati_Region_Basil_Plant_Healthy/WhatsApp Image 2019-09-08 at 17.52.07.jpeg,Healthy,390,520,4d1c165b43408d86a2f52d93d4859d164cd4a43b9eeaf38bcf0c9c1c3c616341,2127931292002693147,group-00026,development
Amravati_Region_Basil_Plant_Healthy/WhatsApp Image 2019-09-08 at 17.52.26.jpeg,Healthy,390,520,f226f67753dd2cfc006ae07ab1fc2198e01d5addc70876269546bb5412e72468,2688848096179641539,group-00027,development
Amravati_Region_Basil_Plant_Healthy/WhatsApp Image 2019-09-08 at 17.52.47.jpeg,Healthy,390,520,89964849050343936fdb2dde0e4e0b73231992b61cbb56342b26988f5b94ec5b,3740671709092270478,group-00028,development
Amravati_Region_Basil_Plant_Healthy/WhatsApp Image 2019-09-08 at 17.52.50.jpeg,Healthy,390,520,58e1145495d0f826dae25327a658da87d1f89296542bd43c114715994d897313,8669278671224525037,group-00029,development
Amravati_Region_Basil_Plant_Healthy/WhatsApp Image 2019-09-08 at 17.54.07.jpeg,Healthy,520,390,177897e1355b0f0c7163ff293e67ec1f795f261d2f4146e3f8a3d6c0f58b0e2a,2870306830058391231,group-00030,development
Nagpur_Region_Basil_Plant_Healthy/IMG-20191027-WA0053.jpg,Healthy,300,300,609b76e120bb93a115264d452a8a0e7b9051756327dd54baf8f038137337bf4d,4469333868147103320,group-00031,development
Nagpur_Region_Basil_Plant_Healthy/IMG-20191027-WA0054.jpg,Healthy,300,300,76245d1f8a03ec171d46aacab69a1944ffaf694654fd4a9c5c741b73a49e399a,3214518286354379227,group-00032,test
Nagpur_Region_Basil_Plant_Healthy/IMG-20191027-WA0055.jpg,Healthy,300,300,dda2d7616ecb0461165703e333cd912a3dae2f4e85ba493c27adb738c14fc1b2,3588440255010057427,group-00033,test
Nagpur_Region_Basil_Plant_Healthy/IMG-20191027-WA0056.jpg,Healthy,300,300,b0750c30dc9aba93cf5ef021139c9be4d56200ae64cdc9264765affa02a6cb5c,4055007375633393100,group-00034,development
Nagpur_Region_Basil_Plant_Healthy/IMG-20191027-WA0057.jpg,Healthy,300,300,6f9eae0676d74cf866a3239e2e0083dbce1c50a6830c08148e0690767001321a,5076186576933354568,group-00035,development
Nagpur_Region_Basil_Plant_Healthy/IMG-20191027-WA0058.jpg,Healthy,300,300,70049241eca4e924e032ef995c1de66b00c95cd8d661e59fc0327c94da48d0b9,7988261220831971148,group-00036,development
Nagpur_Region_Basil_Plant_Healthy/IMG-20191027-WA0059.jpg,Healthy,300,300,63b00bba350f5334484a336675c1aa21c46215aa31110cfa017d918852971eac,3804777870688774236,group-00037,test
Nagpur_Region_Basil_Plant_Healthy/IMG-20191027-WA0060.jpg,Healthy,300,300,d9d7ff5436f505ec4101977dd99cbbffc11f41c544db0d861fecea5b7ac8a8fb,6776848410228273964,group-00038,development
Nagpur_Region_Basil_Plant_Healthy/IMG-20191027-WA0061.jpg,Healthy,300,300,f4e4a81ace8a7ae31c09043a9554cc5919cb6c3e0444b85744f199f495370bc5,1951015319320620190,group-00039,development
Nagpur_Region_Basil_Plant_Healthy/IMG-20191027-WA0062.jpg,Healthy,300,300,41d0303bbe8a1069e82f5cfa28fe517a3ca02459bb5bd0e58e8cf959df7eb07b,1785795558560475848,group-00040,development
Nagpur_Region_Basil_Plant_Healthy/IMG-20191027-WA0063.jpg,Healthy,300,300,d4a5af7f59798f41304ef0823bb6fe097c954f3f63a09ba1dc251cc08f6ecba5,1664331798073973142,group-00041,test
Nagpur_Region_Basil_Plant_Healthy/IMG-20191027-WA0064.jpg,Healthy,300,300,261c8ff6e75d0f8c130b4bf71c0066388e81573beb1c8c9983d6ec9ea5357e8b,1029971784825518478,group-00042,test
Nagpur_Region_Basil_Plant_Healthy/IMG-20191027-WA0065.jpg,Healthy,300,300,d32468dbee2b660dd3ad040653398cfba436e5ca69240f4d84a93d3c5dd33bf3,3707530235285281174,group-00043,test
Nagpur_Region_Basil_Plant_Healthy/IMG-20191027-WA0066.jpg,Healthy,300,300,1bfdad1e01aa789d0b7531d5949b91102d83c2fd079aca6604507ed6007df043,5051687730389675206,group-00044,test
Nagpur_Region_Basil_Plant_Healthy/IMG_20190920_181002.jpg,Healthy,300,300,e8473d1091bdd04edb82f298c5dd3cc6096a3737048a059bf0de34b0ae0345a7,7245439762807136699,group-00045,development
Nagpur_Region_Basil_Plant_Healthy/IMG_20190920_181007.jpg,Healthy,300,300,bc4faacefd599e14ed71119a9619118fb39f8ef0502961ac2d7a50b411922372,4732372489211425979,group-00046,development
Nagpur_Region_Basil_Plant_Healthy/IMG_20190920_181010.jpg,Healthy,300,300,ec1e0aed971b06edcfe98591f778e199434c2d892034c34b5b5324675ed9152e,1824971243552920766,group-00047,development
Nagpur_Region_Basil_Plant_Healthy/IMG_20190920_181021.jpg,Healthy,300,300,61023b7e712cdc559b31eeb49750f247bb4b48f8a0d0fad229d90ddb20ef95e6,5438277507959886318,group-00048,development
Nagpur_Region_Basil_Plant_Healthy/IMG_20190920_181027.jpg,Healthy,300,300,32c3263b81369b9de4c66d6e9d0c8f22acec984d39d927bd7a0ab5ccf84ef33b,2059096721744351659,group-00049,development
Nagpur_Region_Basil_Plant_Healthy/IMG_20190920_181030.jpg,Healthy,300,300,10ae5b44b6b4abf1603d76ec475713e75ca2da8ffc45f1e1c74e7039604a1486,930417417409475070,group-00050,development
Nagpur_Region_Basil_Plant_Healthy/IMG_20190920_181035.jpg,Healthy,300,300,ff827dda248c0cbdf4161f1716aebe636e86d8876b8fb368810798bec5d62360,7542618622277142010,group-00051,development
Nagpur_Region_Basil_Plant_Healthy/IMG_20190920_181039.jpg,Healthy,300,300,7508dd8101a75d104fbda7e47b73f0f2f23fba0e65b21bca3e8425ed52299e8f,7252136479631303870,group-00052,development
Nagpur_Region_Basil_Plant_Healthy/IMG_20190920_181050.jpg,Healthy,300,300,73974ffc9503098af7e2ba186dd546db4040ca140682ef6fe6ccfe14dcbf5615,5486380396170330555,group-00053,test
Nagpur_Region_Basil_Plant_Healthy/IMG_20190920_181057.jpg,Healthy,300,300,4cad45cb01d6fbe2ecb3910c58d874bc5833ae219d9b43bf375b058c30a4d933,5303422998322312043,group-00054,development
Nagpur_Region_Basil_Plant_Healthy/IMG_20190920_181101.jpg,Healthy,300,300,4fe2eeda21eb70c0d661e924a439c897059c7811c16ba860341a36cb205afc8a,3220597161460371947,group-00055,development
Nagpur_Region_Basil_Plant_Healthy/IMG_20190920_181104.jpg,Healthy,300,300,c579583e1527caf1544f4c4d34f185cedf71abafad43d30fe4259deed87b1d56,5305692683000800427,group-00056,development
Nagpur_Region_Basil_Plant_Healthy/IMG_20190920_181118.jpg,Healthy,300,300,ea3b8d7612ec217ff9b3e7db5d7cd961a5d4d8c9ff5fca7f6cdb8fbecd47c9db,1807223412334929643,group-00057,development
Nagpur_Region_Basil_Plant_Healthy/IMG_20190920_181128.jpg,Healthy,300,300,e980ee9d0f3d0d3c852be4caa1edec0de1cd3c572b9ab2f2841896676e899c12,5417873350285210814,group-00058,development
Nagpur_Region_Basil_Plant_Healthy/IMG_20190920_181133.jpg,Healthy,300,300,df5f1f52729fc89fbe9aaedc026e291291b16eb4b63063eea2986d2aa481bd70,7034133658825070142,group-00059,test
Nagpur_Region_Basil_Plant_Healthy/IMG_20190920_181145.jpg,Healthy,300,300,d0a5e39ac88e64b4c69a32f344a2854e0c5f4c8e417e582dbc00fbe1bb8a2cf6,6241051503261073982,group-00060,development
Nagpur_Region_Basil_Plant_Healthy/IMG_20190920_181208.jpg,Healthy,300,300,445ed0b8928be5d275a72f9aa20b7959ac605750deb10c0dde461daf5be471c3,3734130506242352315,group-00061,test
Nagpur_Region_Basil_Plant_Healthy/IMG_20190920_181213.jpg,Healthy,300,300,808aee3722020b11efc667d69675a44dd7f7e066c58bb5e1b631d1df98af2dd1,2397684542724340542,group-00062,development
Nagpur_Region_Basil_Plant_Healthy/IMG_20190920_181225.jpg,Healthy,300,300,b4052da489aebbf760e10e91e21af4fe1d9e9fd1b81668b1b65bd39e66f1934e,2428441105592446059,group-00063,development
Nagpur_Region_Basil_Plant_Healthy/IMG_20190920_181231.jpg,Healthy,300,300,dce28c34cfbba2a188b7b0cd349599cd2b99f2aff488dd8cb915952f81b038cc,8671241899708142843,group-00064,test
Nagpur_Region_Basil_Plant_Healthy/IMG_20190920_181236.jpg,Healthy,300,300,1c6e15bc8820e46a1593b496483f702d5db1320901abb82205314b63359bd948,2539170444114433259,group-00065,development
Nagpur_Region_Basil_Plant_Healthy/IMG_20190920_181240.jpg,Healthy,300,300,b156eb1bcbcfa3dd3781b4a28961eeed48921b1c099395af4246ee20e26ba9f3,3924448139906793899,group-00066,development
Nagpur_Region_Basil_Plant_Healthy/IMG_20190920_181250.jpg,Healthy,300,300,c2090ae99ccfb71fd1b2705e93178caed0b70cb9b72218a15b7077b9cc035560,3773579102305804782,group-00067,development
Nagpur_Region_Basil_Plant_Healthy/IMG_20190920_181255.jpg,Healthy,300,300,bc66f698b2599a93d7f7776cc0f440c67a3155fe5c59c33aeb7755cbddbb20d1,1976202380027790587,group-00068,development
Nagpur_Region_Basil_Plant_Healthy/IMG_20190920_181315.jpg,Healthy,300,300,78efc0feed55d1b8dd9da38efd4e8ea37614f0d956fb6e9ec61d4043a60fd199,4834268500086642411,group-00069,test
Nagpur_Region_Basil_Plant_Healthy/IMG_20190920_181319.jpg,Healthy,300,300,aced9719f6e1d70e6bdccb3ab5e1838c206c67b61abcfbe1fe5d9a6daf3c437f,338207381347260139,group-00070,development
Nagpur_Region_Basil_Plant_Healthy/IMG_20190920_181538.jpg,Healthy,300,300,28d22bb8808f38de0bbe7a9d1bd5109e7cd86c67793706bc88b79fc82004175f,1860574423398183678,group-00071,development
Nagpur_Region_Basil_Plant_Healthy/IMG_20190920_181542.jpg,Healthy,300,300,fb9b91304d889d63077f6b533d536e4278dcdc08b004aec071ce3ac63619edd7,7035992893259462782,group-00072,development
Nagpur_Region_Basil_Plant_Healthy/IMG_20190920_181549.jpg,Healthy,300,300,37ca7ab83da8688c51cd90fe78ee2fed94c59f9204654f67012df9d23aa47321,3023701589426373630,group-00073,test
Nagpur_Region_Basil_Plant_Healthy/IMG_20190920_181603.jpg,Healthy,300,300,9935fec526f8dfadadf3f2d8a8ea8f060b5c1b839e84820ebe30a5f6f54c2690,5319390905132893755,group-00074,development
Nagpur_Region_Basil_Plant_Healthy/IMG_20190920_181607.jpg,Healthy,300,300,0511cd5b7c7462061a0170e1443bc1d1a1d2b38d922c20675402d523baf7a6ee,6508347342499841646,group-00075,development
Nagpur_Region_Basil_Plant_Healthy/IMG_20190920_181617.jpg,Healthy,300,300,fdf27ee64baa4a8ef729e827de53df1dc7d23c745d9c1849a762d816c2f399ea,4156987596692201982,group-00076,development
Nagpur_Region_Basil_Plant_Healthy/IMG_20190920_181621.jpg,Healthy,300,300,6ffbb0316c44f3613a0419e64d09411c3383339222ca9078c78742bb51040bbf,7140623112322040750,group-00077,development
Nagpur_Region_Basil_Plant_Healthy/IMG_20190920_181626.jpg,Healthy,300,300,fabef64f32357a869f81a391d43685d1d88ae2157bfa96a1236e6f1d9262f967,4862909150064412414,group-00078,test
Nagpur_Region_Basil_Plant_Healthy/IMG_20190920_181631.jpg,Healthy,300,300,f390f33515d22cf054c64013e7d5170c3525aa131c87cbf6335769dbad14c7d1,5520922692464925931,group-00079,development
Nagpur_Region_Basil_Plant_Healthy/IMG_20190920_181646.jpg,Healthy,300,300,8baaca1315c201a71e5097eb904e002eba47999544f10438b46da4b2f46f4495,2163070216976126458,group-00080,development
Nagpur_Region_Basil_Plant_Healthy/IMG_20190920_181649.jpg,Healthy,300,300,c2ad9c308253ebea6a47b1ab6d98fa001ef8f91613ce64bcf314ac83014b1683,5631369475079950830,group-00081,development
Nagpur_Region_Basil_Plant_Healthy/IMG_20190920_181657.jpg,Healthy,300,300,bac854e1dda3892b288f0c81346760ddb7ea8ca71d969a31941b3a02ef5eb9a2,5645269665620320750,group-00082,development
Nagpur_Region_Basil_Plant_Healthy/IMG_20190920_181703.jpg,Healthy,300,300,8cd9ec6a1e76ad865513bea920395cbccbd5e4f1eeb14e7a672eabe6c5caa6dc,565367016493826286,group-00083,development
Nagpur_Region_Basil_Plant_Healthy/IMG_20190920_181712.jpg,Healthy,300,300,fb0142d236120bf80b43b762376b927d506f3e354d1410195fa6497e91f27da1,1036168496896332798,group-00084,test
Nagpur_Region_Basil_Plant_Healthy/IMG_20190920_181717.jpg,Healthy,300,300,fbb83977bb0d916f598e077cff1719ec8c636410ad8cb01df5eddbcf45ef0488,5285148188698141118,group-00085,development
Nagpur_Region_Basil_Plant_Healthy/IMG_20190920_181730.jpg,Healthy,300,300,9ec94a191bbddb21f15e34b8d2b425b3677e28406a86d268dc6396b08d67d544,2035893787050808570,group-00086,test
Nagpur_Region_Basil_Plant_Healthy/IMG_20190920_181758.jpg,Healthy,300,300,14e96b496f57e64a6bfc511d4b0698f39f3e852de6286ff7612833d0be94ce47,1285235401708430910,group-00087,test
Nagpur_Region_Basil_Plant_Healthy/IMG_20190920_181804.jpg,Healthy,300,300,cd6116494a5e44c06818c49d2005f2ef9a72687cab382112d81baa967d73436f,8657687951090321278,group-00088,development
Nagpur_Region_Basil_Plant_Healthy/IMG_20190920_181808.jpg,Healthy,300,300,f3e8508ae8d10a7a7c22050db285f8cbd32b97647d0476e211160c844e6a4753,4739164387911215614,group-00089,development
Nagpur_Region_Basil_Plant_Healthy/IMG_20190920_181815.jpg,Healthy,300,300,6af28329fca10a705482ba07b30655cac995f10e848134529c169e84e6c18cc9,8342014250277095166,group-00090,development
Nagpur_Region_Basil_Plant_Healthy/IMG_20190920_181939.jpg,Healthy,300,300,db2d31cf0da9af91e699a6ab64ea88050a2d27aa77def05de7ebf5bfae5baf5a,1787333056661443759,group-00091,development
Nagpur_Region_Basil_Plant_Healthy/IMG_20190920_181944.jpg,Healthy,300,300,e1b42afa1f8cbd35d3c0948b47a7b598a51d321a886feb6244a850235b39cad5,6039964363283694078,group-00092,development
Nagpur_Region_Basil_Plant_Healthy/IMG_20190920_181949.jpg,Healthy,300,300,abc79d3da82e69156103a9a078fc79ca4145d7d3203c9418639fac0578e0ae6b,6639943862361425150,group-00093,test
Nagpur_Region_Basil_Plant_Healthy/IMG_20190920_181954.jpg,Healthy,300,300,b80fbdd3e73fb8e91d9251948003e9f0847a8f2e2ed3b6a8fdeda1992a9ed7c1,8133960063214900411,group-00094,development
Nagpur_Region_Basil_Plant_Healthy/IMG_20190920_182000.jpg,Healthy,300,300,ae8c80de043f46ac14fe7f4bdbadc4c3870c39f527757338afc5cd9929007e91,7805252546709193198,group-00095,test
Nagpur_Region_Basil_Plant_Healthy/IMG_20190920_182004.jpg,Healthy,300,300,e8847039c1479eea5c367ad7dec8af164de3662045e39343502860931a1634b4,416298082713567674,group-00096,test
Nagpur_Region_Basil_Plant_Healthy/IMG_20190920_182012.jpg,Healthy,300,300,74b8d7de7826cf62a8a8725ddfe47a3927caf57feaae1fc1eafd261f8f19a35f,7258124550604751339,group-00097,test
Nagpur_Region_Basil_Plant_Healthy/IMG_20190920_182022.jpg,Healthy,300,300,20e4cedf812572627490b430f12472e200b57569ffe62e64f4335726050da564,7631033538503280382,group-00098,development
Nagpur_Region_Basil_Plant_Healthy/IMG_20190920_182027.jpg,Healthy,300,300,e9353bba05e5b244964d5898b7688f25522e15fe1c7a4524e786e1831af47c2f,8685142790789809726,group-00099,development
Nagpur_Region_Basil_Plant_Healthy/IMG_20190920_182032.jpg,Healthy,300,300,dac1cbcc6caf4fb5798e6a3cbb3422721f29a06679644599240433359759fc68,6679232242355687598,group-00100,development
Nagpur_Region_Basil_Plant_Healthy/IMG_20190920_182035.jpg,Healthy,300,300,ecca5945c76284cecbf7d2306d80d91dc6edeae8d5cf2cba8b41bd0d7dd93afd,254281244720395499,group-00101,development
Nagpur_Region_Basil_Plant_Healthy/IMG_20190920_182038.jpg,Healthy,300,300,d3c3586f382c75493f94b8687f8e1e0845046280040ad9ecebe888a502ed926e,902627938670974123,group-00102,development
Nagpur_Region_Basil_Plant_Healthy/IMG_20190920_182045.jpg,Healthy,300,300,e6f4fa0cd570ec1efd4a4b1cc06664aa6b9185dd7668ab670477dd6d59e55cd1,4378601898492674490,group-00103,test
Nagpur_Region_Basil_Plant_Healthy/IMG_20190920_182055.jpg,Healthy,300,300,a437987da631e797d8e3c3cb28946feda4c10d69f39df4c510eea07832c99469,644564399113736490,group-00104,development
Nagpur_Region_Basil_Plant_Healthy/IMG_20190920_182100.jpg,Healthy,300,300,22930819cb50e8bc9ecc92e2743a6c6d8f944e74bea23a1941bbbf367a630ce1,1356140758227132450,group-00105,development
Nagpur_Region_Basil_Plant_Healthy/IMG_20190920_182108.jpg,Healthy,300,300,4fd747b21586681ae6bd1509e48cd15b9954709d530f7db338c6b5493ad426cf,5286534119159485474,group-00106,development
Nagpur_Region_Basil_Plant_Healthy/IMG_20190920_182116.jpg,Healthy,300,300,fb52f440e45ec927b95043d97d33f38a9e116ccfe36bf4134fa5100fd516371a,8426382539573789163,group-00107,development
Nagpur_Region_Basil_Plant_Healthy/IMG_20190920_182123.jpg,Healthy,300,300,0b53f786a77fff8e5850a8cdb541ddce14c0947e85f0daba332072f63dabbcaa,4256489666751418810,group-00108,development
Nagpur_Region_Basil_Plant_Healthy/IMG_20190920_182128.jpg,Healthy,300,300,ccf8c089fe05a85ba780bd148745e770dadf0a422b2f840ca7003c77151247c8,3699913828975858942,group-00110,development
Nagpur_Region_Basil_Plant_Healthy/IMG_20190920_182130.jpg,Healthy,300,300,ce2426c5e3813e1155d7bf38823cf67a9b7df9c14e1a3c10698a783576298d6c,3733972301157324030,group-00110,development
Nagpur_Region_Basil_Plant_Healthy/IMG_20190920_182142.jpg,Healthy,300,300,3ba372761bf0d0cba4d76f6cb433479f01c20bb81154875c3432073a4b778581,3621903867461394030,group-00111,test
Nagpur_Region_Basil_Plant_Healthy/IMG_20190920_182145.jpg,Healthy,300,300,919d7c0b2fc6b369fc7a16db7b0912b024031fcdd617771a451246aed7a79783,1203324133318743678,group-00112,development
Nagpur_Region_Basil_Plant_Healthy/IMG_20190920_182201.jpg,Healthy,300,300,b1bd326381e869644256b396aadb62c3aab93b25d7095b63fcea362c6c886b26,3717050901843510658,group-00113,development
Nagpur_Region_Basil_Plant_Healthy/IMG_20190920_182215.jpg,Healthy,300,300,99d79d697ff163dbcecb233255667567c0daf4a992d2c0446bf1e26467e91865,6049190870735027438,group-00114,development
Nagpur_Region_Basil_Plant_Healthy/IMG_20190920_182219.jpg,Healthy,300,300,76a0cd2c3803332b49c55964bd9c34a853621701de58614111e7309b4be28cea,3591637112918259883,group-00115,development
Nagpur_Region_Basil_Plant_Healthy/IMG_20190920_182224.jpg,Healthy,300,300,482c2a5d44068e6c72456e8f57ad2c4dc03e90d0179c724f5cf30fa57fa2dfc5,5081997452230149355,group-00116,development
Nagpur_Region_Basil_Plant_Healthy/IMG_20190920_182228.jpg,Healthy,300,300,d9a62eb667f0ed8638442f90d4219ffa3867b5e9beef4b8ea37b49b5aed58426,6395575698519167482,group-00117,development
Nagpur_Region_Basil_Plant_Healthy/IMG_20190923_181557.jpg,Healthy,300,300,5599af6733f5f1b016182f6ca9bf2e0ad939278a748f8b9ad54608429f120858,7273478511076410622,group-00118,development
Nagpur_Region_Basil_Plant_Healthy/IMG_20190923_181612.jpg,Healthy,300,300,3277767e631bd45e19174e3e72180f9c158794f4041011b15c8d059b212a2527,2758944692621395118,group-00119,development
Nagpur_Region_Basil_Plant_Healthy/IMG_20190923_181621.jpg,Healthy,300,300,4a571a836981c8c2e9b8e959b66c238ee2f97b4b63dd5358cfb997e0ac51a435,3345164225934017982,group-00120,development
Nagpur_Region_Basil_Plant_Healthy/IMG_20190923_181627.jpg,Healthy,300,300,0a9ed6113db21faf70f321e83443794b1c40200ca7f67ca53b6cdb33dc08f45c,1328044658913989114,group-00121,development
Nagpur_Region_Basil_Plant_Healthy/IMG_20190923_181631.jpg,Healthy,300,300,966985d0f3ad9f81adf2c6ad446bb08e209bf0db34412cf552107a133174e968,532165594071876091,group-00122,development
Nagpur_Region_Basil_Plant_Healthy/IMG_20190923_181637.jpg,Healthy,300,300,6c458df626ab9f79cf10fdd112e0965bdde049431064410387c38161473ce2b2,2171618636040094203,group-00123,development
Nagpur_Region_Basil_Plant_Healthy/IMG_20190923_181655.jpg,Healthy,300,300,bbb914ca823aece8b589659d307d555096411b929172b3c232f78a79aca35f50,5512869840661814447,group-00124,development
Nagpur_Region_Basil_Plant_Healthy/IMG_20190923_181701.jpg,Healthy,300,300,62188fab6ebd518752c3719e7668e8fd645fc883bd6e65b664b67ab3d11e450f,5034059468183491774,group-00125,development
Nagpur_Region_Basil_Plant_Healthy/IMG_20190923_181707.jpg,Healthy,300,300,9161aa8f8cb8c2d6ba9b78044a0bf8ceaff3adadfabb374aa7ff97e07404620e,2542454313318667518,group-00126,development
Nagpur_Region_Basil_Plant_Healthy/IMG_20190923_181716.jpg,Healthy,300,300,06233d6a892dd0a6244a1c109b8403f99b47b09ed2e718f02f6495658b9f1d0c,246656493877515502,group-00127,development
Nagpur_Region_Basil_Plant_Healthy/IMG_20190923_181724.jpg,Healthy,300,300,33f317a4d632e3b167d7f2b2e07435b1fcf7b7cd71c2c6901738785c021d553e,7044705441492878571,group-00128,test
Nagpur_Region_Basil_Plant_Healthy/IMG_20190923_181730.jpg,Healthy,300,300,69440df9c3d3aaaa023c8732810683f6002ae308aba6b0ca1be6228d0dd10e86,8106993296248992939,group-00129,test
Nagpur_Region_Basil_Plant_Healthy/IMG_20190923_181736.jpg,Healthy,300,300,2ed2db6cd295bf096a814ee8fe7a34de12b892c3fb72b507323ddc276d1e7d96,1336182035092665518,group-00130,development
Nagpur_Region_Basil_Plant_Healthy/IMG_20190923_181742.jpg,Healthy,300,300,48c5d3bda77474ba124ab3503ed5968a66903c3260535f45367e1a0649c299f7,8300454248378061999,group-00131,test
Nagpur_Region_Basil_Plant_Healthy/IMG_20190923_181751.jpg,Healthy,300,300,6d24cf347a7844e51116e4462bef886cdd99d9bab88f6a0e8b470ddd348914ac,505661907601749246,group-00132,test
Nagpur_Region_Basil_Plant_Healthy/IMG_20190923_181754.jpg,Healthy,300,300,91938c851620cff77128b1f18a13680a7d6ece83aed8397caed1bbc033a3ef40,493263792878001342,group-00133,development
Nagpur_Region_Basil_Plant_Healthy/IMG_20190923_181800.jpg,Healthy,300,300,2e0fae095353972ea3c8ee0ce473dd05a9aaad85534df4a824d2b89db4bf7de7,3580551109323398394,group-00134,development
Nagpur_Region_Basil_Plant_Healthy/IMG_20191022_165053.jpg,Healthy,300,300,ae2a40c49dfa7b3b02677f8414e3304cb2c180f2efa68e6ad7a5b5e9638ec87b,7391194588151731962,group-00136,test
Nagpur_Region_Basil_Plant_Healthy/IMG_20191022_165056.jpg,Healthy,300,300,fa8a46fb888f53230153c59f5c0e455397ef93d33e71a054f32e2e187ac0f70c,7373171427908966138,group-00136,test
Nagpur_Region_Basil_Plant_Healthy/IMG_20191022_165059.jpg,Healthy,300,300,763d4a48b9cc046a7db3a2afaaf7ca45c7b46dfce4ef7017764b8fec068700f7,4941318403334132478,group-00137,development
Nagpur_Region_Basil_Plant_Healthy/IMG_20191022_165103.jpg,Healthy,300,300,33a10e2da279f3cce17bb4dd1c5417430d689b9ed4530bc820ca8178d9de96ef,4068094739093050106,group-00138,test
Nagpur_Region_Basil_Plant_Healthy/IMG_20191022_165109.jpg,Healthy,300,300,5717510e8f0d15c0763dce308cfb258dea7d7e8afb48b43a9b97491688c826df,3225635187431191163,group-00139,development
Nagpur_Region_Basil_Plant_Healthy/IMG_20191022_165113.jpg,Healthy,300,300,0308a12a24d2d94ec626a6e47fff1e8d21717bb1cd62a933eada34f3842529ca,8114468149663043435,group-00140,test
Nagpur_Region_Basil_Plant_Healthy/IMG_20191022_165119.jpg,Healthy,300,300,127c40de04baf7171a650df090c4199818c542f783dcaad1f4f61e207f5c173f,3910894217202109246,group-00141,development
Nagpur_Region_Basil_Plant_Healthy/IMG_20191022_165124.jpg,Healthy,300,300,571071daf7cfabc3ca98f7d2067085e31b01a695b9200d4e50c831ef2ff751fd,6350575299569073018,group-00142,test
Nagpur_Region_Basil_Plant_Healthy/IMG_20191022_165130.jpg,Healthy,300,300,11e63f8893ca87d30da5380e0a94ff4d7524314293bf26887152dd3981bfd699,900278307298624315,group-00143,development
Nagpur_Region_Basil_Plant_Healthy/IMG_20191022_165135.jpg,Healthy,300,300,0a341999b21a5373e9e2d26a03deb096997c841734d1a9e140bdbf13a09a6b45,5081781050037438398,group-00144,development
Nagpur_Region_Basil_Plant_Healthy/IMG_20191022_165143.jpg,Healthy,300,300,63a9d1024090afd18f26857e0fd33e158e2618de7d9d2bfb345bff5666cbe4a7,6461687269711631550,group-00145,test
Nagpur_Region_Basil_Plant_Healthy/IMG_20191022_165146.jpg,Healthy,300,300,f58f6e8a0aafa6c1a58fb16a5395b40dea2ce67e407063c0980ce22c59a48d5b,8679073676256744686,group-00146,development
Nagpur_Region_Basil_Plant_Healthy/IMG_20191022_165151.jpg,Healthy,300,300,d20b854f6a155a181451705539e8422bd7d65bcb0da39e727a8c98cbb92a3bcb,7352646336511367726,group-00147,development
Nagpur_Region_Basil_Plant_Healthy/IMG_20191022_165155.jpg,Healthy,300,300,4e4b33548ed9e380c5066dcf22c36544bab6797a0b52fe0fda3782d638b54d59,4841596430952588907,group-00148,development
Nagpur_Region_Basil_Plant_Healthy/IMG_20191022_165201.jpg,Healthy,300,300,62e90e0fc1928c32573c5143eff7a88ba05b151c5d58c1e7bc5f53497692282d,7245853803311141867,group-00149,development
Nagpur_Region_Basil_Plant_Healthy/IMG_20191022_165208.jpg,Healthy,300,300,f716daf0a7e2a13000b7fe5600fb7b739ce6dc1342c50f7ab53e1abf938faada,235813263609381370,group-00150,development
Nagpur_Region_Basil_Plant_Healthy/IMG_20191022_165213.jpg,Healthy,300,300,98f4ce422058f2febd30c810fd4fed70f5f74eefb7a5394bf6448a69130ad1b0,4372529175251338106,group-00151,development
Nagpur_Region_Basil_Plant_Healthy/IMG_20191022_165225.jpg,Healthy,300,300,365c435926c4bf2d0e83031705542989cee308f5f591fb4b5de6680df7d28609,5936172657139247068,group-00152,development
Nagpur_Region_Basil_Plant_Healthy/IMG_20191022_165232.jpg,Healthy,300,300,26fa4b8bd96986f4bc316c4b11d03e873a08db529a6812b9c4ec96f06ef92f02,7649580041304272356,group-00153,development
Nagpur_Region_Basil_Plant_Healthy/IMG_20191022_165237.jpg,Healthy,300,300,057bc3369c4e0257f50f8698f6e0fbd53a9451c256579846b4daf19d514eb29f,1766134758961311468,group-00154,development
Nagpur_Region_Basil_Plant_Healthy/IMG_20191022_165246.jpg,Healthy,300,300,fd9c0a8638f0ad0d5c8ff6235c4215e957a5a6635b9d8c79dde67da72c9ffcb1,5885890289816803548,group-00157,development
Nagpur_Region_Basil_Plant_Healthy/IMG_20191022_165250.jpg,Healthy,300,300,479a238ae3077eef39981d9b32e9e2a5479dde5d3d48d0ebeb544fc06471127a,6030005512251349212,group-00157,development
Nagpur_Region_Basil_Plant_Healthy/IMG_20191022_165252.jpg,Healthy,300,300,bf6ed6bd35f5d84d7c300ff2acf77c19ad7177d94d59fb491c2d2a4a8f36adce,5885890332765427932,group-00157,development
Nagpur_Region_Basil_Plant_Healthy/IMG_20191022_165257.jpg,Healthy,300,300,21420db658e0aeb766ec4dab80bef335323e331c77190e45e143f44a442a1932,8953594672291506461,group-00158,development
Nagpur_Region_Basil_Plant_Healthy/IMG_20191022_165302.jpg,Healthy,300,300,81630b4cc60ee7fd2f84263e66c89a4f317ecea2eae4b588035760ab11ed3b53,8386137117946520884,group-00159,development
Nagpur_Region_Basil_Plant_Healthy/IMG_20191022_165308.jpg,Healthy,300,300,28edb9c72b15179424760fa92bc593b29248b9121580452e72af0d3de8f42058,7064985380948001092,group-00160,test
Nagpur_Region_Basil_Plant_Healthy/IMG_20191022_165321.jpg,Healthy,300,300,ec73626419650a10fe499f945db0685fd62307eb4f8e0052d05f581632cf734b,1306536837588432823,group-00161,development
Nagpur_Region_Basil_Plant_Healthy/IMG_20191022_165347.jpg,Healthy,300,300,fa814364e4bdaca3805fc1d2e31080fa79ac84ad40e189159db0afbe803568e5,6388162944005006206,group-00162,test
Nagpur_Region_Basil_Plant_Healthy/IMG_20191022_165349.jpg,Healthy,300,300,2ff7b228502bcaa6f79a9c1a4c0db33b1fe13f5e30dbd21b1df5a13e601e8a7a,1511594422415092606,group-00163,development
Nagpur_Region_Basil_Plant_Healthy/IMG_20191022_165353.jpg,Healthy,300,300,cf9f4d7b59096f7da048206dbd2fa6bbc602fe5ce4ed59e15c02ef8d0604029d,7264457271685615227,group-00164,development
Nagpur_Region_Basil_Plant_Healthy/IMG_20191022_165357.jpg,Healthy,300,300,789ea40b691236ebf907930bd54e30f7b8bcefca637b766be5221022717ebfd3,5051267207167134526,group-00165,development
Nagpur_Region_Basil_Plant_Healthy/IMG_20191022_165403.jpg,Healthy,300,300,fee7458473c4bc97faf3eab35aa09f2f50a73b10dc9bc944dd4d81ff141469d9,5282956088261694206,group-00166,development
Nagpur_Region_Basil_Plant_Healthy/IMG_20191022_165410.jpg,Healthy,300,300,af6a637757926f0946b0f3cdb30fe6e10c603044034fc77602a1f7996ff7c03e,138577058950504058,group-00167,development
Nagpur_Region_Basil_Plant_Healthy/IMG_20191022_165413.jpg,Healthy,300,300,3470778a2b0ad789b0f3072534fe7aa00da0ee62f8b90ebfb880a110f9d15d96,5536616764017892986,group-00168,test
Nagpur_Region_Basil_Plant_Healthy/IMG_20191022_165418.jpg,Healthy,300,300,d4c65a4d4c754fe67171c330b5cc9c0207cccff322d9dbbfe2d6296ce37b3af2,1427870823369560811,group-00169,development
Nagpur_Region_Basil_Plant_Healthy/IMG_20191104_104311.jpg,Healthy,300,300,9423107779b5e88f5ca13f6de981319533e7eb5e0b4ee44a3ef8dd473058c2ae,4655835678240794927,group-00170,development
Nagpur_Region_Basil_Plant_Healthy/IMG_20191104_104317.jpg,Healthy,300,300,84d36d2dd8ff245c0c04c71a86f3b7e151d1de42abb004f45e4d830f1b2110d8,2773670795975696815,group-00171,development
Nagpur_Region_Basil_Plant_Healthy/IMG_20191104_104319.jpg,Healthy,300,300,45d0bf473eb91cd03a3c5d5d2fa8261467427f604670d68a55278da34a254ef8,4771060463828068782,group-00172,development
Nagpur_Region_Basil_Plant_Healthy/IMG_20191104_104326.jpg,Healthy,300,300,4a6ee2f28abb4c72419e4f6c8f41a4a5a086517d3adf8c84258d84bc3d5b33f8,3901714503889011118,group-00173,development
Nagpur_Region_Basil_Plant_Healthy/IMG_20191104_104334.jpg,Healthy,300,300,d1967766f813f9a95936baafca59ba047ad85656187a5dfa627dcd11fd91b45d,4755366438880319787,group-00174,development
Nagpur_Region_Basil_Plant_Healthy/IMG_20191104_104336.jpg,Healthy,300,300,b961c989beea259e6654996a25ec83667bd571b4111902d2548fe724f7769a57,8357608364440852523,group-00175,development
Nagpur_Region_Basil_Plant_Healthy/IMG_20191104_104339.jpg,Healthy,300,300,1d1f44be171f688c84ec9e9ed485a09fe4446deb32707d7d77f0d258f2f6c62f,5313143405379098923,group-00176,development
Nagpur_Region_Basil_Plant_Healthy/IMG_20191104_104347.jpg,Healthy,300,300,d3fbb5bad82fd91e53b0834d33b5b19978d3eeefb4e9d51a32ec0888366d21e6,1852261675307907499,group-00177,development
Nagpur_Region_Basil_Plant_Healthy/IMG_20191104_104350.jpg,Healthy,300,300,ad2dc2e79a412704f0d032b4d08ede1618a62cb930ebc286d077bc2f21f3a1d8,1419133258528930219,group-00178,development
Nagpur_Region_Basil_Plant_Healthy/IMG_20191104_104357.jpg,Healthy,300,300,7bc013babeeef6d63dc6763cd37baddcdccf6c92201993c92d461d5e356b271a,5429284520932305339,group-00179,development
Nagpur_Region_Basil_Plant_Healthy/IMG_20191104_104359.jpg,Healthy,300,300,9701d91a5c2a9c4379640be633feb3609d03286e144e5b4a7a2b728fbcaac3c7,7444200052994607547,group-00180,development
Nagpur_Region_Basil_Plant_Healthy/IMG_20191104_104408.jpg,Healthy,300,300,5fe6af13cec95cce75e751d94a55f4ae7f7698ee92f9743cbdd3cd2b2a82d494,4101721818544899243,group-00181,development
Nagpur_Region_Basil_Plant_Healthy/IMG_20191104_104410.jpg,Healthy,300,300,b195e76065ca9be340943a07ef0470429db3be680664bdec893b523c70fff217,4178283013178786987,group-00183,test
Nagpur_Region_Basil_Plant_Healthy/IMG_20191104_104411.jpg,Healthy,300,300,e96bcee9828f2e06f9d88057664178f9134e18606a0304210e828d942ddc9d88,4178283013178786987,group-00183,test
Nagpur_Region_Basil_Plant_Healthy/IMG_20191104_104414.jpg,Healthy,300,300,a750f75f33325c374074a028a17d5a97ee72dfcd62485022b2c2b04847287f3e,6391441507780569515,group-00184,development
Nagpur_Region_Basil_Plant_Healthy/IMG_20191104_104415.jpg,Healthy,300,300,6189d7426596185f69281797ea68a49f5abfe3471eaf35bd7a43fc740d811e5b,6634565546831684011,group-00188,test
Nagpur_Region_Basil_Plant_Healthy/IMG_20191104_104416.jpg,Healthy,300,300,6f1d91f4bc76bfc6f774a7f8964e82c5b08c6a4e5f4a97d413caf1e860f51c3c,6670594341703164331,group-00188,test
Nagpur_Region_Basil_Plant_Healthy/IMG_20191104_104416_1.jpg,Healthy,300,300,b0e9aee7faddc014b1b56206db1651790f1551607ac7be3a597e48ab24eded57,6634565579043938731,group-00188,test
Nagpur_Region_Basil_Plant_Healthy/IMG_20191104_104417.jpg,Healthy,300,300,6f63694ca67fcbaf1bb61ca21e4bda9cff1d069fbee843f3a43f02592c6300a1,6635128528997360043,group-00188,test
Nagpur_Region_Basil_Plant_Healthy/IMG_20191104_104425.jpg,Healthy,300,300,cc1ff4dc8f6f599488f08470e20397d35236780979358904b15017e08a80dfc4,1412296805640964907,group-00189,development
Nagpur_Region_Basil_Plant_Healthy/IMG_20191104_104426.jpg,Healthy,300,300,2de4433e0340a15222d658fa48f98ade1e21d560c16ab827ce377931935c7323,1349246067528829803,group-00192,development
Nagpur_Region_Basil_Plant_Healthy/IMG_20191104_104426_1.jpg,Healthy,300,300,005e5f1c96369edf2b2642e6cf1f9de8122930c7e007cda97f70e0e57d4c7833,1349175767504128875,group-00192,development
Nagpur_Region_Basil_Plant_Healthy/IMG_20191104_104428.jpg,Healthy,300,300,21625daff0e2dcf3f0cfd9be8c687ea030cf6c9fe075ea4584a747e6db7bb4ec,1637406074936363883,group-00192,development
Nagpur_Region_Basil_Plant_Healthy/IMG_20191104_104446.jpg,Healthy,300,300,f50bfb6c238d806cb9f4669e85c0719a15548c669052351713a0c89a0dfc0dc9,8784348465570548923,group-00194,development
Nagpur_Region_Basil_Plant_Healthy/IMG_20191104_104447.jpg,Healthy,300,300,45198270d91439ba42aa27642c45e82aee5c7f1bb2eb2caa8c170f7c433cc404,8207887713271319739,group-00194,development
Nagpur_Region_Basil_Plant_Healthy/IMG_20191104_104448.jpg,Healthy,300,300,55a7e77d6cce72e92e89a12a9a1e8c4275405f0465828c0a12efb83bafedb09e,3596241277258468539,group-00195,test
Nagpur_Region_Basil_Plant_Healthy/IMG_20191104_104455.jpg,Healthy,300,300,81c6ad429c059b707edb50834ddd92740cd56f65274f129bc8bf703dd83966d4,7059460680166011371,group-00197,development
Nagpur_Region_Basil_Plant_Healthy/IMG_20191104_104457.jpg,Healthy,300,300,1ce421a3ad826dfc5cfbc3bfed33a50aa2350efdb08020d565c9652518d76f67,7059443362857873899,group-00197,development
Nagpur_Region_Basil_Plant_Healthy/IMG_20191104_104458.jpg,Healthy,300,300,9a786c78dfe66799a0a7e75cd6f93276426d08a6468e1a90fdbffb66496ba606,4895615337139139051,group-00198,development
Nagpur_Region_Basil_Plant_Healthy/IMG_20191104_104503.jpg,Healthy,300,300,f9a900d527902c285401e5bbe927272f2a010115ba8de013478f9e6283e03fb7,5422781410358809774,group-00199,test
Nagpur_Region_Basil_Plant_Healthy/IMG_20191104_104505.jpg,Healthy,300,300,d7fe5333aeb8efa4ca39593a61e444cc35aec5e0eb3ce66438527e5bc190a91c,5407616945451390126,group-00200,development
Nagpur_Region_Basil_Plant_Healthy/IMG_20191104_104522.jpg,Healthy,300,300,6a75c2b32f99fa772875e081efe922c192f4bc9a71390c78508188041a3bde56,4254010082556479982,group-00201,development
Nagpur_Region_Basil_Plant_Healthy/IMG_20191104_104525.jpg,Healthy,300,300,310f6206ca806e37883373f8b85a62b11ad52f15c1a6df770be5e6609d214bd0,6777675355912439230,group-00204,development
Nagpur_Region_Basil_Plant_Healthy/IMG_20191104_104526.jpg,Healthy,300,300,58222d8fab08dd4d1c2d0cc58b4c9d2d7a64d3062fb5f49ed7037684d1d4822c,6777679749663983038,group-00204,development
Nagpur_Region_Basil_Plant_Healthy/IMG_20191104_104527.jpg,Healthy,300,300,be1c4e5d3e97df3a74e3e2782810e4c599c43713bd8b81a38e57dc7de920c376,6777679887102936494,group-00204,development
Nagpur_Region_Basil_Plant_Healthy/IMG_20191104_104534.jpg,Healthy,300,300,6a87afeaf51c969c27780d1c3d721550bb3de127a9db256d42dc7d4f38220d67,248361023968244923,group-00206,development
Nagpur_Region_Basil_Plant_Healthy/IMG_20191104_104535.jpg,Healthy,300,300,443d43ce992f63e570125510e091009f5adf025f74eb409ce0264a9e8d288020,248290655224067311,group-00206,development
Nagpur_Region_Basil_Plant_Healthy/IMG_20191104_104536.jpg,Healthy,300,300,be65cf968e01bc00c75a520c0ac12c6285d0842e70d8d6e7f10458cf6ac1ef60,4846948570173142203,group-00207,development
Nagpur_Region_Basil_Plant_Healthy/IMG_20191104_104539.jpg,Healthy,300,300,59347fce00d8e660330684c27432f3cb1fa01533190f2fd3a32acc52bcb986af,1388184072320971963,group-00209,development
Nagpur_Region_Basil_Plant_Healthy/IMG_20191104_104540.jpg,Healthy,300,300,74345b54e8b2b6f7f99202f4c09d30579978bacfdb74c6e412f69698934e8efe,1604361252480742587,group-00209,development
Nagpur_Region_Basil_Plant_Healthy/IMG_20191104_104543.jpg,Healthy,300,300,2d8981dda198d6b80d8b3e1de744488118c5fa6198305e1355cc2be731ec853a,2758101018553717227,group-00210,development
Nagpur_Region_Basil_Plant_Healthy/IMG_20191104_104547.jpg,Healthy,300,300,7bfd77ada3793acb6acce3795a9ad02d2f438b61c9ebf17390b099d0fc9e720b,3893254552692539819,group-00211,development
Nagpur_Region_Basil_Plant_Healthy/IMG_20191104_104559.jpg,Healthy,300,300,332bb73dbd208b26e88477942d0fb3800a8a88d1452ca074136afdf77f5cfe7c,2430935999229760683,group-00213,development
Nagpur_Region_Basil_Plant_Healthy/IMG_20191104_104601.jpg,Healthy,300,300,5c605d85be3d0b3235362f71a40be16e0757cc39c8dd7b25755124fdaf824cf2,2430935999229760683,group-00213,development
Nagpur_Region_Basil_Plant_Healthy/IMG_20191104_104602.jpg,Healthy,300,300,798758c2c27dce10b4ccbbd67d9658d7d6998266462c72a258c0f91caacf2c23,2448915212289283247,group-00214,test
Nagpur_Region_Basil_Plant_Healthy/IMG_20191104_104607.jpg,Healthy,300,300,352d942927777716410405078bcde5db84db5c1bc38954797be3d24544b6126a,6108265565443637758,group-00215,development
Nagpur_Region_Basil_Plant_Healthy/IMG_20191104_104608.jpg,Healthy,300,300,a225414f61ad814183d28562f9f391bb244ac4f825301ee34821706ba07c7f56,5829036340695974398,group-00216,test
Nagpur_Region_Basil_Plant_Healthy/IMG_20191104_104613.jpg,Healthy,300,300,edcacfd8c6acfcb4bd2dd476058d9634352dd4628713d5b8112fcf75ef763caf,8506668547650110635,group-00217,test
Nagpur_Region_Basil_Plant_Healthy/IMG_20191104_104616.jpg,Healthy,300,300,42ef8f7edb690e1c6d3ef9bc952d9a0c452780929684c1935d544e91a05a65c1,6777391704487757051,group-00218,development
Nagpur_Region_Basil_Plant_Healthy/IMG_20191104_104623.jpg,Healthy,300,300,817ea77b32fcb3c1795e92d7772ee8e5b47019043e958a74ce3c35980dcf83bc,8745466017771574459,group-00219,development
Nagpur_Region_Basil_Plant_Healthy/IMG_20191104_104626.jpg,Healthy,300,300,b11038e55897b15f17234fafd89565bce244169f22b7112a4f2252ddba530bbd,2924529035575219435,group-00222,development
Nagpur_Region_Basil_Plant_Healthy/IMG_20191104_104627.jpg,Healthy,300,300,640d21f3b35c2f624d07d7991b28cfa8babce656ad7c7753fe8a27b4b15f1333,4329652187228984555,group-00222,development
Nagpur_Region_Basil_Plant_Healthy/IMG_20191104_104628.jpg,Healthy,300,300,45a271aeef5dfe7ba923bb2b892098be7711f8ff561af8f04fe9b875bab0677c,3212759479909535979,group-00222,development
Nagpur_Region_Basil_Plant_Healthy/IMG_20191104_104629.jpg,Healthy,300,300,5d3e3c5c956cfe2352ad68bf31028bba42191719162af166c7beeadeb45c6851,8698141489580396795,group-00223,development
Nagpur_Region_Basil_Plant_Healthy/IMG_20191104_104631.jpg,Healthy,300,300,86e9ae84a28e177573f557690146613a171e720c4ee3271235a968a0cb6a3019,2420204526032749999,group-00226,development
Nagpur_Region_Basil_Plant_Healthy/IMG_20191104_104632.jpg,Healthy,300,300,c06a2b387a2b7c024a7b6f2a146680dc578c6275afc91ed1799e628bcaae90bc,2422385957102257583,group-00226,development
Nagpur_Region_Basil_Plant_Healthy/IMG_20191104_104632_1.jpg,Healthy,300,300,a97053d7fe98f15c1061aa292dfcd0469532923d59c275976b8dba04cb03a74f,2422385957102257583,group-00226,development
Nagpur_Region_Basil_Plant_Healthy/IMG_20191104_104650.jpg,Healthy,300,300,bc5e21c45b830711ad39cd5d1edb35b220c6f191831308b858b4a3d5fa35a091,2633907212456445371,group-00228,development
Nagpur_Region_Basil_Plant_Healthy/IMG_20191104_104651.jpg,Healthy,300,300,036a43b0ee362cfd0ebac775a39eec72fbff1f32232b7827cd7aab6382423ea2,8398514733326419387,group-00228,development
Nagpur_Region_Basil_Plant_Healthy/IMG_20191104_104652.jpg,Healthy,300,300,1da625f28bc22f8aefe34157fdb114d301e1b7c58b3bd75c1125e2bdd5de35c6,7271295309850740203,group-00230,development
Nagpur_Region_Basil_Plant_Healthy/IMG_20191104_104653.jpg,Healthy,300,300,4655f29807f49441ee2cec562489397558b46271c44c6249420ffbc932b8273d,7266791710223369707,group-00230,development
Nagpur_Region_Basil_Plant_Healthy/IMG_20191104_104654.jpg,Healthy,300,300,0d424b3019f40a5bfec7b056cc9677e2e3ceb9e503e799d766974728cdd2fc93,4956445098179954155,group-00232,development
Nagpur_Region_Basil_Plant_Healthy/IMG_20191104_104655.jpg,Healthy,300,300,f48f9b14e94957b6c3a73d0441830508ce89542a9d90c980784b8c2a2816fe0f,4960948697538762219,group-00232,development
Nagpur_Region_Basil_Plant_Healthy/IMG_20191104_104714.jpg,Healthy,300,300,a1f3edc1ac9ebd281c595d4a8202e3324850747c7aa60babd8b7d679c0b60a2a,8505223206369812623,group-00237,development
Nagpur_Region_Basil_Plant_Healthy/IMG_20191104_104715.jpg,Healthy,300,300,f61b9a37654bae593841a4c48e1b5f6524fd2e515fae4d350f028702a07a816a,6199397789342167183,group-00237,development
Nagpur_Region_Basil_Plant_Healthy/IMG_20191104_104717.jpg,Healthy,300,300,1ebe714c70d5311304744be8e5f2e379c77652e5a78e0827c25104e315a3f30b,5082505081754284175,group-00237,development
Nagpur_Region_Basil_Plant_Healthy/IMG_20191104_104718.jpg,Healthy,300,300,d09d1408681f57017c32e413ac52cdc16c98d4556d881bb1f77ad0941f6f2f4d,5082505081754284175,group-00237,development
Nagpur_Region_Basil_Plant_Healthy/IMG_20191104_104719.jpg,Healthy,300,300,251f830e45679caf07db36dedec5b13c0f9893d7c20ee5de58172ccbe035ff9c,5082505081754284175,group-00237,development
Nagpur_Region_Basil_Plant_Healthy/IMG_20191104_104721.jpg,Healthy,300,300,2811c6d489cc4b095104acff19a5093a621da20eef7c5e788af1f4d8ae0eb6a7,3911551312524785807,group-00238,test
Nagpur_Region_Basil_Plant_Healthy/IMG_20191104_104724.jpg,Healthy,300,300,d1fb831952ec13c92e54d83902e0d9d0795ef4eba50866dde990cc957797612c,367262936672933965,group-00240,development
Nagpur_Region_Basil_Plant_Healthy/IMG_20191104_104725.jpg,Healthy,300,300,76ab06cd4c2ce5297412dfe35ffa04b0e08d2ea4cf733dbeafea58a581835076,403326916989720653,group-00240,development
Nagpur_Region_Basil_Plant_Healthy/IMG_20191104_104726.jpg,Healthy,300,300,499934c54af278d8e2450eded1c1f4f900f79b18abd03a636a0f76a42c2ad509,5135409728777870364,group-00241,development
Nagpur_Region_Basil_Plant_Healthy/IMG_20191104_104729.jpg,Healthy,300,300,2e525c314d5422477e228f7b1765932b3b47de2f479b56404d7323f7ba49140c,428835583533420641,group-00242,development
Nagpur_Region_Basil_Plant_Healthy/IMG_20191104_104730.jpg,Healthy,300,300,bc444f215d55a67457e19236e110abdbcc0b0c140b0e32ee665e1b7a46c9377d,1284519787074334765,group-00243,development
Nagpur_Region_Basil_Plant_Healthy/IMG_20191104_104732.jpg,Healthy,300,300,f8a0912b7dab3208d593084192c7aa9a10791f7cd15118e482571f817c1cd0f6,3997107262311877637,group-00244,development
Nagpur_Region_Basil_Plant_Healthy/IMG_20191104_104735.jpg,Healthy,300,300,04da1cccc77fc221006068d34af6d0e965a029fea62c675a56fcf8c4fbaea70d,8617800359198321665,group-00248,development
Nagpur_Region_Basil_Plant_Healthy/IMG_20191104_104736.jpg,Healthy,300,300,a8064d287d7430728e5260fad6db6705d233c8991b6fc02800888af9ab983ec3,7482893253100694533,group-00248,development
Nagpur_Region_Basil_Plant_Healthy/IMG_20191104_104737.jpg,Healthy,300,300,00190c79e1ef03acc5af399587e51cdfbf0a068ee90ef2771962416c6f9b01aa,7483456203054115844,group-00248,development
Nagpur_Region_Basil_Plant_Healthy/IMG_20191104_104739.jpg,Healthy,300,300,0d9e573c2c964e31862b3cb1ccbe036e09867dbb846e6857b90bbb0b16459e16,7484019273266621444,group-00248,development
Nagpur_Region_Basil_Plant_Healthy/IMG_20191104_104742.jpg,Healthy,300,300,ec2568c0f91280497ae6ad727301e13a70034ca814ef5093e283ed5c7584b0c3,2543908819241179168,group-00249,development
Nagpur_Region_Basil_Plant_Healthy/IMG_20191104_104743.jpg,Healthy,300,300,36d85c336411ed96a846a37900bef33d259681f7527d248eb839212b3f3c57cb,5590347083913270309,group-00250,test
Nagpur_Region_Basil_Plant_Healthy/IMG_20191104_104746.jpg,Healthy,300,300,8a636d5933c3ac4f698c5d8d8b0451bc360375dd51d6e12811bda2a55b074f89,5302129936260839461,group-00251,test
Nagpur_Region_Basil_Plant_Healthy/IMG_20191104_104748.jpg,Healthy,300,300,37a2f7463e06ffaeec0c577ea8402ecf2a010680d0ee7054f38f208204eef770,4259780473826488361,group-00252,development
Nagpur_Region_Basil_Plant_Healthy/IMG_20191104_104756.jpg,Healthy,300,300,bea8a605f7b33692567871394d94f37ddae08569abef49379066e27b421e7cce,5286251449550894080,group-00253,development
Nagpur_Region_Basil_Plant_Healthy/IMG_20191104_104757.jpg,Healthy,300,300,2597baed60b6a9131e684536c6845282c3401f57fb78c9538b8761c160901861,5286313022167186960,group-00255,development
Nagpur_Region_Basil_Plant_Healthy/IMG_20191104_104758.jpg,Healthy,300,300,d2b2a217b78223122b523a50b3aaf3be657633855dd551f5a0a388ec889d54a8,5286313022167186960,group-00255,development
Nagpur_Region_Basil_Plant_Healthy/IMG_20191104_104802.jpg,Healthy,300,300,4e6c117efcb94ac90cd4b010ef8997c9b75f4b850a2a06016965f794e0825059,688643646860750848,group-00257,test
Nagpur_Region_Basil_Plant_Healthy/IMG_20191104_104803.jpg,Healthy,300,300,7cb0e893260fd9903038942dcd61017d81ff20ca268498c8600463745776eaa8,2418017107677999168,group-00257,test
Nagpur_Region_Basil_Plant_Healthy/IMG_20191104_104804.jpg,Healthy,300,300,220990ed92d1783b015f43edef528931d3a1f92ba1be1afc42359910c6036962,3859457953835970624,group-00258,development
Nagpur_Region_Basil_Plant_Healthy/IMG_20191104_104805.jpg,Healthy,300,300,cc24324575a402d0f7d01d24a84c94b4b8736995c3caadbf806f3543e9aecd75,7608693925061754880,group-00261,development
Nagpur_Region_Basil_Plant_Healthy/IMG_20191104_104806.jpg,Healthy,300,300,cd849644ee8f167bb983dbcd39ddc6f8ebc0dbfb11c2e50f4f9cb3089fcee75a,7604207986306351104,group-00261,development
Nagpur_Region_Basil_Plant_Healthy/IMG_20191104_104807.jpg,Healthy,300,300,7800b99278ff3be6643eef4ed5c6c0365debb15967f3c6298f1d80911ef46bca,7581689713291591680,group-00261,development
Nagpur_Region_Basil_Plant_Healthy/IMG_20191104_104808.jpg,Healthy,300,300,78c2783943ae3067687b9cd7669ee982712e5720a32a41d8560c68d0e232c9a8,1984591566609547264,group-00262,development
Nagpur_Region_Basil_Plant_Healthy/IMG_20191104_104810.jpg,Healthy,300,300,99b95efdb1744b3f24f03c9f14091c6908a37948870935d14eba95754e3d0d2c,1049056149560594496,group-00263,development
Nagpur_Region_Basil_Plant_Healthy/IMG_20191104_104812.jpg,Healthy,300,300,749fbd644b2cdb1ab56acd53a4cecc31b8e329f1481f90fee6dac9dbbf4ccd9e,1013027902968266816,group-00264,test
Nagpur_Region_Basil_Plant_Healthy/IMG_20191104_104815.jpg,Healthy,300,300,bc05f3dabd4e6d745f05aa8df6412e9ba6158c18a0c097b49dd731efe08b4931,868895139752022112,group-00265,test
Nagpur_Region_Basil_Plant_Healthy/IMG_20191104_104817.jpg,Healthy,300,300,2f87b2126712ce2f3a1db8c92e07fc2fcb8cf8caeadc37bcc01197af6fe84ed5,759973119858016352,group-00267,development
Nagpur_Region_Basil_Plant_Healthy/IMG_20191104_104817_1.jpg,Healthy,300,300,cf0d05b7bcec42bf181d7c2ed5c5c27bc82f658cc31f15a82813fc38705f379b,777969926181453920,group-00267,development
Nagpur_Region_Basil_Plant_Healthy/IMG_20191104_104819.jpg,Healthy,300,300,338b933e8679f873d0fe76e578adcec770857123c19e82c1330640db6d830c34,5675564153007996960,group-00268,development
Nagpur_Region_Basil_Plant_Healthy/IMG_20191104_104819_1.jpg,Healthy,300,300,8e4bcdf5f196462c9472d14bd26599235fd2cc6b399d1bc48a652f160998c1ba,5585228277669922848,group-00269,test
Nagpur_Region_Basil_Plant_Healthy/IMG_20191104_104821.jpg,Healthy,300,300,796ee6eadee1a2e2fe7077d06bf5e0d632011b4f7998386be8070af506a54c38,3243426840651464736,group-00270,development
Nagpur_Region_Basil_Plant_Healthy/IMG_20191104_104822.jpg,Healthy,300,300,1d51198c8ac12248f248ff05e61567fa1e5f8715e33880c8911e07b53d94b84b,7890517116309176400,group-00271,development
Nagpur_Region_Basil_Plant_Healthy/IMG_20191104_104823.jpg,Healthy,300,300,b5ccd0bdd25e690e73b5fd358fe08e207256c3a44b9242d25a8c262ec7689d44,3406620753951424512,group-00272,development
Nagpur_Region_Basil_Plant_Healthy/IMG_20191104_104825.jpg,Healthy,300,300,184c45bf5fd6a69386693f3dfb0e7b42ce6d334e20edb72c5c5aefac70ece38a,7964205748068087841,group-00273,development
Nagpur_Region_Basil_Plant_Healthy/IMG_20191104_104828.jpg,Healthy,300,300,6f947265dd2676c6a7c6d42307aac415bb50ad85ea638ff92abca51a97b1cdce,3502849907396636673,group-00274,development
Nagpur_Region_Basil_Plant_Healthy/IMG_20191104_104828_1.jpg,Healthy,300,300,9c7236e33e81ac9b497de620d385b553258f96b3feb163e5581fc00e2a5865d5,6970601897982095361,group-00275,development
Nagpur_Region_Basil_Plant_Healthy/IMG_20191104_104831.jpg,Healthy,300,300,bbf95982d8de243ec401a9914d2a55755efedb64588bf086c24dc5e08f5b87e4,4201522545147572361,group-00276,development
Nagpur_Region_Basil_Plant_Healthy/IMG_20191104_104834.jpg,Healthy,300,300,cba74acc9411806d4e7dcc4aeda0b49977f205a5f508962229af32cc924c1433,1891165285458703521,group-00277,development
Nagpur_Region_Basil_Plant_Healthy/IMG_20191104_104836.jpg,Healthy,300,300,cfef65027f99b5bdcb67b756e56be05ef669ee67aff28fbd62b4491c2b0570e9,7999226503339625609,group-00278,development
Nagpur_Region_Basil_Plant_Healthy/IMG_20191104_104836_1.jpg,Healthy,300,300,03553a6d78e62116427e87ad72e7fff733ba58795819d024ff8f2113dd51ca20,7927169012637289609,group-00279,development
Nagpur_Region_Basil_Plant_Healthy/IMG_20191104_104837.jpg,Healthy,300,300,add8207f3ee8d991a57d30e6c1be6eab4e389e2fe3341aee314ace6d4f87a110,7998659258671082697,group-00280,development
Nagpur_Region_Basil_Plant_Healthy/IMG_20191104_104838.jpg,Healthy,300,300,acf6d863d48857627c06c08a87e675e759fe7f1edc5979886f8653eec626a78b,3316042645641014465,group-00281,development
Nagpur_Region_Basil_Plant_Healthy/IMG_20191104_104840.jpg,Healthy,300,300,4c190727dd9027174aea0fec2cae54be087117db73d1286ad4a5e69257287dcb,8000360526087358049,group-00282,development
Nagpur_Region_Basil_Plant_Healthy/IMG_20191104_104841.jpg,Healthy,300,300,3f41bf2abe7c8c6ba7488b785111f9b9074c632b8e7eca112ac4b3350c655877,7896702968001365825,group-00284,development
Nagpur_Region_Basil_Plant_Healthy/IMG_20191104_104843.jpg,Healthy,300,300,e0a0ac362658893b34cd9d3e4941f1142819d35e27777592f0fd158736c0fc03,7896766739541559105,group-00284,development
Nagpur_Region_Basil_Plant_Healthy/IMG_20191104_121152.jpg,Healthy,300,300,448c58cfd341809c50b8ebe7eb0866947d4d4a6c2d8b9e6b2dcf6a3f710164ad,1490078688737692907,group-00285,development
Nagpur_Region_Basil_Plant_Healthy/IMG_20191104_121159.jpg,Healthy,300,300,98e204ea4468d083ee4f3bad00bb9ed74c58b88dc97201e1d84cea542be6c239,1497998996776633534,group-00286,development
Nagpur_Region_Basil_Plant_Healthy/IMG_20191104_121216.jpg,Healthy,300,300,ecaa88ce1ebc36b6b3f6ec073d8a677a3582bd45297288674dd032615d347bdd,1500484899151508094,group-00287,development
Nagpur_Region_Basil_Plant_Healthy/IMG_20191104_121240.jpg,Healthy,300,300,9462eed3c410030a5b04b41015eeaddc6fb27a01d792f038fc86f762159097cd,3786150814091596523,group-00288,development
Nagpur_Region_Basil_Plant_Healthy/IMG_20191104_121242.jpg,Healthy,300,300,6bd3f1924f3c943263705fa338988d77d6a95455e918a280436f50644a03b4d8,1480361418919139947,group-00289,development
Nagpur_Region_Basil_Plant_Healthy/IMG_20191104_121248.jpg,Healthy,300,300,f813d4053f584841d2455f93ffb7db22d9f0d474d8723c93d9fe2d2ae605fe27,1604386022497895023,group-00292,development
Nagpur_Region_Basil_Plant_Healthy/IMG_20191104_121250.jpg,Healthy,300,300,7ad0ab7f6a800128b45d12358488a48f0e0651176daf8d58c2676e62928dc787,1604386021424154223,group-00292,development
Nagpur_Region_Basil_Plant_Healthy/IMG_20191104_121254.jpg,Healthy,300,300,787067a2005356092b2245afdd50118b2ba0d92bd7bfac65cd2948c8a6254160,1604315653619511919,group-00292,development
Nagpur_Region_Basil_Plant_Healthy/IMG_20191104_121258.jpg,Healthy,300,300,84b8db2ee798cecc35766ca51460d79267006e33649154ba01aa32ad5974c344,2763334968294041466,group-00293,development
Nagpur_Region_Basil_Plant_Healthy/IMG_20191104_121301.jpg,Healthy,300,300,2c1c9db6ff24ea87a112de068e747e11301145377f2be3455a6111acb551988f,3697691427429598842,group-00294,development
Nagpur_Region_Basil_Plant_Healthy/IMG_20191104_121303.jpg,Healthy,300,300,56ea3664d5fae79ee075af90435cbec2da9b16f34f2b559d6a32d7e0f9cff621,3699872858498983738,group-00295,development
Nagpur_Region_Basil_Plant_Healthy/IMG_20191104_121311.jpg,Healthy,300,300,47aff73523adfe0363e8a5e2c635b6f7b9a998725fd063fa91f2f5e287c6e18f,692245194985858750,group-00297,development
Nagpur_Region_Basil_Plant_Healthy/IMG_20191104_121312.jpg,Healthy,300,300,da12615cd9303ccbf310a6fcf0b83a32412d982b724d519df49239d36ebc04b1,4727470186236110526,group-00297,development
Nagpur_Region_Basil_Plant_Healthy/IMG_20191104_121317.jpg,Healthy,300,300,d87461db35cd0f17e14fbae48ec42adbe152f04178f129f92758f66947def67c,487966669751588094,group-00299,development
Nagpur_Region_Basil_Plant_Healthy/IMG_20191104_121320.jpg,Healthy,300,300,a223115af46e6bcf9c13f8494eb0769f0da906ad7109b24cd2a51fe2a2f481f0,7387481264523449598,group-00299,development
Nagpur_Region_Basil_Plant_Healthy/IMG_20191104_121326.jpg,Healthy,300,300,5e799b8cb1b125f99e7be249ec4eb5e2111d205d2dc9801a7993b34550674a6d,5229579950210078446,group-00300,development
Nagpur_Region_Basil_Plant_Healthy/IMG_20191104_121331.jpg,Healthy,300,300,23d55241273b3abb28b7e04e5a249ff5a3baf8b47f6602244491fff55cea1045,690845518968084222,group-00303,test
Nagpur_Region_Basil_Plant_Healthy/IMG_20191104_121333.jpg,Healthy,300,300,8ad2686c1b3b0e2e078e5f432f62e56442e2e8fd7226d3e0b5c03f4bc5a4d6b1,690845518834915070,group-00303,test
Nagpur_Region_Basil_Plant_Healthy/IMG_20191104_121335.jpg,Healthy,300,300,fb028e8fa0d0e749b05c69dc8aab86aac3bbd0c4505d6a614fcc24a1a168e177,690845827131987710,group-00303,test
Nagpur_Region_Basil_Plant_Healthy/IMG_20191104_121339.jpg,Healthy,300,300,c07ffa6065d583d9750ed8ba6c2982fb727038dbb5593d633dd9e35427047574,1360519568150975742,group-00304,development
Nagpur_Region_Basil_Plant_Healthy/IMG_20191104_121341.jpg,Healthy,300,300,2d285b157ff5b17c62ba22acf5771a27f8c810b891759111485749e424fe1090,3590382054670554302,group-00305,development
Nagpur_Region_Basil_Plant_Healthy/IMG_20191104_121342.jpg,Healthy,300,300,85281801e01aa72897c964460a745dcef06c7dbdcf9b874aa72336be94c33063,1848458631503369466,group-00306,development
Nagpur_Region_Basil_Plant_Healthy/IMG_20191104_121351.jpg,Healthy,300,300,17801322df15f4155927859c802f865f47eab963188faf9856e50daeecae1f8a,3733044575692080762,group-00307,development
Nagpur_Region_Basil_Plant_Healthy/IMG_20191104_121353.jpg,Healthy,300,300,19210674ff2563fcbdebdbc9105057775875f46407df310f31fd5d4bc6532e5c,3806488104132626042,group-00308,test
Nagpur_Region_Basil_Plant_Healthy/IMG_20191104_121355.jpg,Healthy,300,300,67b7b39e28d2c802636a72a8955653e953cf0b7cd92daf71ee0c4f8d3a7f7bb8,3502244440650761851,group-00309,test
Nagpur_Region_Basil_Plant_Healthy/IMG_20191104_121357.jpg,Healthy,300,300,95c78f8bd14dcfbbb7109acb64980e6350c36540159787170676bd44221ab759,4162443455153522362,group-00310,development
Nagpur_Region_Basil_Plant_Healthy/IMG_20191104_121359.jpg,Healthy,300,300,200b57c8b4d87b34ec8018684f099ba32d326832e6b2176290f30400a3dfcc45,1860991963832739514,group-00311,test
Nagpur_Region_Basil_Plant_Healthy/IMG_20191104_121401.jpg,Healthy,300,300,3c0f74acf4b1873bcf1a3df3b8e1c84329ad91d69f9ee6a19f489c261c7f89d6,6360071211922118331,group-00312,development
Nagpur_Region_Basil_Plant_Healthy/IMG_20191104_121403.jpg,Healthy,300,300,f2ad4ec3f233d315a8643e2e0fd10df37304039c8ccddff15c3a4410a80ebd52,7171845588739382459,group-00313,development
Nagpur_Region_Basil_Plant_Healthy/IMG_20191104_121407.jpg,Healthy,300,300,6fb56f82ed3927c828c6699c063acdecdc641156a34f0b1f1a67cb33351e5d3f,6639299060132110074,group-00314,test
Nagpur_Region_Basil_Plant_Healthy/IMG_20191104_121409.jpg,Healthy,300,300,cd854174c85bd56610e4ac6e541ca902654500df03cb5e103edeaa6c83c45e86,5090425723904217918,group-00315,development
Nagpur_Region_Basil_Plant_Healthy/IMG_20191104_121417.jpg,Healthy,300,300,c2582bd64d0c941052cbaa941386557aed8d936c50d1e1924c43d4ea6e28c170,1907618342581204542,group-00316,development
Nagpur_Region_Basil_Plant_Healthy/IMG_20191104_121419.jpg,Healthy,300,300,beba7232e034e05aa64a0584676dbaf1cf84b428133ba35e1dde87b78a16f839,3808138004880581182,group-00317,development
Nagpur_Region_Basil_Plant_Healthy/IMG_20191104_121422.jpg,Healthy,300,300,41c57a642ff93fc7c479cd442c482cf9a1e50119fb178b89af740e5851b72965,5950343941048373886,group-00318,development
Nagpur_Region_Basil_Plant_Healthy/IMG_20191104_121426.jpg,Healthy,300,300,58de269a1626f25d943a5631deb69ab8d9f634796337b5a4df914e582c3a7348,5069476020388851322,group-00319,development
Nagpur_Region_Basil_Plant_Healthy/IMG_20191104_121428.jpg,Healthy,300,300,0b2e7ea130e25c1c1283bc08e6afd976438d0544a2ba3179b066d5afba111bbe,2745246161572689470,group-00320,development
Nagpur_Region_Basil_Plant_Healthy/IMG_20191104_121430.jpg,Healthy,300,300,62078747450123759a776d544da5aac99a8ba69e6cef359f92e7bfced4acd47a,1322302150420428410,group-00321,development
Nagpur_Region_Basil_Plant_Healthy/IMG_20191104_121432.jpg,Healthy,300,300,7da9168a04d758c5dfeeb504d8520b6ea4ec4307ed9e49ffbd8a4b016916ec65,5268339017855563370,group-00322,development
Nagpur_Region_Basil_Plant_Healthy/IMG_20191104_121433.jpg,Healthy,300,300,fa1651d09e1ff9cbea45fb06e0d91c7f10bd71d650dd72858f9676bdfe06c84f,2059943907128308350,group-00323,development
Nagpur_Region_Basil_Plant_Healthy/IMG_20191104_121436.jpg,Healthy,300,300,07d4c59ea353fc1e6ce5bfdb2f9d5318c9ac3df9c0d834f0a0f11f84a5da3476,5281073692950322731,group-00325,test
Nagpur_Region_Basil_Plant_Healthy/IMG_20191104_121438.jpg,Healthy,300,300,8afcd148ca238c92ea0242906f71fb033d82504987af2e6af3e59f138e0bea25,5245115230315798059,group-00325,test
Nagpur_Region_Basil_Plant_Healthy/IMG_20191104_121439.jpg,Healthy,300,300,68e82b5aca3484b9372ac00a84ecb23459b77fb3d8e6f84bcde5f9c1df41f5ec,7524992482161088059,group-00326,development
Nagpur_Region_Basil_Plant_Healthy/IMG_20191104_121445.jpg,Healthy,300,300,caf1044cf43319de9b60758e5e203f594c091963233ee82c20ef65a1dd7eeb56,4499325553096980085,group-00327,development
Nagpur_Region_Basil_Plant_Healthy/IMG_20191104_121450.jpg,Healthy,300,300,67a64ab888c2a90440471702fa05828de3e80f237eda58cd4d29e82f2177a837,6789410361658504957,group-00328,development
Nagpur_Region_Basil_Plant_Healthy/IMG_20191104_121453.jpg,Healthy,300,300,275a72cc70518ea022e6068df450049ae4300ae148fd17f38e90c1e779d73a4e,7380419688951115877,group-00329,development
Nagpur_Region_Basil_Plant_Healthy/IMG_20191104_121454.jpg,Healthy,300,300,dfb0f2b93f65f8fd83bb9064b239615b9d3cd02e3bbc88f1ac2bc06a000b090a,1313523330780690661,group-00330,development
Nagpur_Region_Basil_Plant_Healthy/IMG_20191104_121457.jpg,Healthy,300,300,2453d19c341dd7b516d0cbc27214d96ca4008417cd02ba102de3c2c24bca601c,2421119238185149605,group-00331,development
Nagpur_Region_Basil_Plant_Healthy/IMG_20191104_121459.jpg,Healthy,300,300,3bfc7a1ac12fca3e46ea346cc4294503bbafb002112d9ffcc99c922ecd8851e0,1631659701693951542,group-00332,development
Nagpur_Region_Basil_Plant_Healthy/IMG_20191104_121501.jpg,Healthy,300,300,5d2b15fb74f5a1896866de1c0d8b9edec1b87fbd485631737df699980deefe88,616084569533690201,group-00333,development
Nagpur_Region_Basil_Plant_Healthy/IMG_20191104_121504.jpg,Healthy,300,300,242b0782f4eb4e91049a340b2524724ac967b6e766f151301ea076f95336ddb1,2459720261875259480,group-00334,development
Nagpur_Region_Basil_Plant_Healthy/IMG_20191104_121505.jpg,Healthy,300,300,cad179103af938b7bbf3a0446fb779a378ebe2b1bfcbfda613c6129e947767e0,732000982479583352,group-00335,test
Nagpur_Region_Basil_Plant_Healthy/IMG_20191104_121507.jpg,Healthy,300,300,883ec95d0e09066ef4da9cf8cda78eb98e9226af25fc54134c4486c59f43fb36,7372607707312527704,group-00336,development
Nagpur_Region_Basil_Plant_Healthy/IMG_20191104_121509.jpg,Healthy,300,300,1c06a2261b418afaf689120e2921182979432395180df5a50f3d301698d47a4d,5332477221337557336,group-00337,development
Nagpur_Region_Basil_Plant_Healthy/IMG_20191104_121511.jpg,Healthy,300,300,f68fdb93bcfbf1f70e634a8ecfc165472dad86494d520649da4d6df98525ea96,2432199673863189544,group-00338,development
Nagpur_Region_Basil_Plant_Healthy/IMG_20191104_121513.jpg,Healthy,300,300,3c87739d7fe58e805fba0dd74535a92f151900903177276857013e63d2cad28e,357123269975324684,group-00339,development
Nagpur_Region_Basil_Plant_Healthy/IMG_20191104_121515.jpg,Healthy,300,300,31fbe00e38a2b241f64e27bda7fd363ad9c31fe328585c1fea8cc1e8ee9c762d,1022749807227418140,group-00340,development
Nagpur_Region_Basil_Plant_Healthy/IMG_20191104_121517.jpg,Healthy,300,300,ff66d108cb0a7a535703317a87588a97ee25e6326764d2f3ce66ba353b77b030,1302873698417767060,group-00341,development
Nagpur_Region_Basil_Plant_Healthy/IMG_20191104_121519.jpg,Healthy,300,300,b1498dc86846556f95ebe1bb302f0a4003358def5ced7214610e8e32d6a24b96,4949976762340862492,group-00342,development
Nagpur_Region_Basil_Plant_Healthy/IMG_20191104_121521.jpg,Healthy,300,300,6148aa9fc730431abea8533112185409d06d6b73457bce7b3ef2ee9517b07fca,2640697190756379096,group-00343,development
Nagpur_Region_Basil_Plant_Healthy/IMG_20191104_121522.jpg,Healthy,300,300,23b415196d11dccd4ccc9774b2c39c2f6cff158b9c6ef723758b8e33e7742033,870816386093398296,group-00344,test
Nagpur_Region_Basil_Plant_Healthy/IMG_20191104_121525.jpg,Healthy,300,300,f5cd4f9479f19549c55e2ed2cd4c855bb0fba8bebe47c9738eaa888a7cda281b,5233422623695353605,group-00345,development
Nagpur_Region_Basil_Plant_Healthy/IMG_20191104_121526.jpg,Healthy,300,300,59b30e3929a554ca988eab774568c61d085f14eb68b13c7fffaab3c8d0ccd9ca,4949623970828314377,group-00346,development
Nagpur_Region_Basil_Plant_Healthy/IMG_20191104_121529.jpg,Healthy,300,300,283ac248e7a0ebfa86f63741d2e56c16b6770393885ded2f539d684f5b19fa40,4328109972973597301,group-00347,development
Nagpur_Region_Basil_Plant_Healthy/IMG_20191104_121532.jpg,Healthy,300,300,7e47caff6f306fd6838fc05e8fb697778dd10b32aff666b213bb7f7da4d2a973,7246468563773070397,group-00348,test
Nagpur_Region_Basil_Plant_Healthy/IMG_20191104_121535.jpg,Healthy,300,300,d812147e66dbd2bab825a47a6e8da5fc4c5c1dcaaf821ef622aef2d67285c10d,5499060994926395883,group-00349,development
Nagpur_Region_Basil_Plant_Healthy/IMG_20191104_121539.jpg,Healthy,300,300,07e863c73a63d7457f92d12b52545a90ac156ae768e39c33648201cf3178c744,501109694100357547,group-00350,development
Nagpur_Region_Basil_Plant_Healthy/IMG_20191104_121540.jpg,Healthy,300,300,0f769b3c0357e248573f255343cd4af84106d87bb1aa4d01980b4ad3181d9807,2448378552647900347,group-00351,development
Nagpur_Region_Basil_Plant_Healthy/IMG_20191104_121543.jpg,Healthy,300,300,951e5844cb5a0ba05ea78bc13be6386c4d98d7d9cd964575bb79ca714db2ff18,8401071766707050219,group-00352,development
Nagpur_Region_Basil_Plant_Healthy/IMG_20191104_121546.jpg,Healthy,300,300,61d02965b40a784dfee3886c901bd15392098832e7521e7f4db627a6e5e7e4f3,512482191088162027,group-00353,test
Nagpur_Region_Basil_Plant_Healthy/IMG_20191104_121548.jpg,Healthy,300,300,120451aac0bd1d477193bf7c312497922f6bd8a9b867c518f64815b35a2c809c,915606584542237931,group-00354,development
Nagpur_Region_Basil_Plant_Healthy/IMG_20191104_121549.jpg,Healthy,300,300,528ddd3679529dd772cd5f378b7c594975e5c5a8b83c9169386f062b83a7c9f2,5264164751581501102,group-00355,test
Nagpur_Region_Basil_Plant_Healthy/IMG_20191104_121551.jpg,Healthy,300,300,f831ad08741418e30fd152955576292ee024d7f023a967e091049b3ada50368a,3680088288114975230,group-00356,development
Nagpur_Region_Basil_Plant_Healthy/IMG_20191104_121553.jpg,Healthy,300,300,318d4c5610f7dfa36d7e4f58224fc74e8c39ce1246b2837a838df7db8ae45e82,5928527874407224043,group-00357,development
Nagpur_Region_Basil_Plant_Healthy/IMG_20191104_121555.jpg,Healthy,300,300,52b7634cc7e2457a660e8b0016ca15bad90bb99dabb16fa736bbb3c36a1121cb,6116792472684940079,group-00358,development
Nagpur_Region_Basil_Plant_Healthy/IMG_20191104_121557.jpg,Healthy,300,300,3337055c0b598f4fd7bbe492eb46e2ddac938fc2ed7c9fe92ae4313524710897,1599004593833593326,group-00359,development
Nagpur_Region_Basil_Plant_Healthy/IMG_20191104_121558.jpg,Healthy,300,300,ac3c9f18045ffe64bbd66623c8a651881039e5de89db66c4b8df4c70b655ed00,3610638534673646574,group-00360,development
Nagpur_Region_Basil_Plant_Healthy/IMG_20191104_121600.jpg,Healthy,300,300,2f55cd7fac85f8d77fb181431dca36cf7b4e17154f77856209d24d1bcd938bed,1304716637042794923,group-00361,test
Nagpur_Region_Basil_Plant_Healthy/IMG_20191104_121602.jpg,Healthy,300,300,70800ffcd476107dd8b730c60a4fb5df4f28bea9ea4dafcf1cb4373b8034a393,5826031630112725115,group-00362,development
Nagpur_Region_Basil_Plant_Healthy/IMG_20191104_121604.jpg,Healthy,300,300,2167948d647ce0344798c83055f98922037f2e0ef395cfae1b7d27df037457de,6398379307793862459,group-00363,development
Nagpur_Region_Basil_Plant_Healthy/IMG_20191104_121606.jpg,Healthy,300,300,9caa44b53433f871e50c57298fb8362ab6c3df677f31d6bec17b97063c431cbc,7917832028391933870,group-00364,development
Nagpur_Region_Basil_Plant_Healthy/IMG_20191104_121608.jpg,Healthy,300,300,ec18dc72384c576f8d924847dd37d5b53a191a2972306761cc682d67426e2b9a,2473558624611569900,group-00365,test
Nagpur_Region_Basil_Plant_Healthy/IMG_20191104_121609.jpg,Healthy,300,300,6f42a01ef965f9033eff956ae527baeab93834e2c09e7b1874e34fb63049df54,7103743711361890012,group-00366,test
Nagpur_Region_Basil_Plant_Healthy/IMG_20191104_121611.jpg,Healthy,300,300,b0e094de671f397c6c0d765f160a778a6916ad61200c2c857d381cf787f30cae,7075970979354549449,group-00367,development
Nagpur_Region_Basil_Plant_Healthy/IMG_20191104_121612.jpg,Healthy,300,300,651f592dcb56d246f1ab2a9295341822ed98bd47c2371be2d37f679a099199f0,2913972118551453129,group-00368,development
Nagpur_Region_Basil_Plant_Healthy/IMG_20191104_121614.jpg,Healthy,300,300,2522a816a0444e94ab65fc3b1370fb2c3eb5653dad046dc96857b71e5ea20a1a,681040244766078161,group-00369,test
Nagpur_Region_Basil_Plant_Healthy/IMG_20191104_121623.jpg,Healthy,300,300,a06a347e2654b894f07f0c762607906095aa8d4bcef059ed6617bc7eaf1b305c,7571574731038970430,group-00370,development
Nagpur_Region_Basil_Plant_Healthy/IMG_20191104_121625.jpg,Healthy,300,300,a90da4678d51894e5a9168984628c7e1e90f452c1820345f93a0ca8a77c9cbb9,3796995470269766779,group-00371,development
Nagpur_Region_Basil_Plant_Healthy/IMG_20191104_121628.jpg,Healthy,300,300,758d457f60ae85d079bfcf5d95f6c9211a2f749a211e5da5ca11b7a304651c62,2168874180336440878,group-00372,development
Nagpur_Region_Basil_Plant_Healthy/IMG_20191104_121630.jpg,Healthy,300,300,41fed1b33d3d65dc9e9ab2d4b5fc53ef2356d2af3973373bd49c94946c3e3800,6257841580384343598,group-00373,development
Nagpur_Region_Basil_Plant_Healthy/IMG_20191104_121637.jpg,Healthy,300,300,a156c28b0ec111d05e78b5775cd0f2a945f0df5f0e36a7274565793631d8d947,8071544999999479415,group-00374,development
Nagpur_Region_Basil_Plant_Healthy/IMG_20191104_121639.jpg,Healthy,300,300,d1ee9dddf0a4dd22994d229b6e2e16607c9ff2e672bd8773ec2232507ae84ac8,5792095406890872635,group-00375,development
Nagpur_Region_Basil_Plant_Healthy/IMG_20191104_121641.jpg,Healthy,300,300,e54a0f1ef62bc97f3595e0feb78fee50f3f33efc18aa4651fdff1c492bd18e61,1756854443460194169,group-00376,development
Nagpur_Region_Basil_Plant_Healthy/IMG_20191104_121644.jpg,Healthy,300,300,63076f9eaab2a4259ab90b7e9a4e5b247e7f5082ac7cefd4c8b77a6af2dba090,1783855485442782153,group-00377,development
Nagpur_Region_Basil_Plant_Healthy/IMG_20191104_121646.jpg,Healthy,300,300,3d1f5c0112d5ef106996522be05b2ccb6983850e6b09b65270d1d655d7940821,4783312210661650873,group-00378,development
Nagpur_Region_Basil_Plant_Healthy/IMG_20191104_121648.jpg,Healthy,300,300,ae022a9d09f13797a27882a1e4475599b37e78e385693dd6ad221606358c9676,6346108920333243323,group-00379,development
Nagpur_Region_Basil_Plant_Healthy/IMG_20191104_121650.jpg,Healthy,300,300,c46aaf335eaa2c1467c7f87f4b5a598224b7f5fa5706f1806d21817427915231,5769665795112469403,group-00380,development
Nagpur_Region_Basil_Plant_Healthy/IMG_20191104_121652.jpg,Healthy,300,300,041c771a9bacc6d619047415d7eb90aa3d81087f894ca5a0538efb8c4f279451,2310293990095505395,group-00381,development
Nagpur_Region_Basil_Plant_Healthy/IMG_20191104_121653.jpg,Healthy,300,300,8d6e4e72d24b337e8ad0b740e2b27ecb319db8a0ca30669a011de543bc09d8a9,2467833099432028119,group-00382,development
Nagpur_Region_Basil_Plant_Healthy/IMG_20191104_121655.jpg,Healthy,300,300,867b169d9a042622accfba75c3597d83fa07f20524f0ca3b372346472f2a5fa1,152982908235999187,group-00383,development
Nagpur_Region_Basil_Plant_Healthy/IMG_20191104_121658.jpg,Healthy,300,300,3063ecca67fa7511a9be0ae33e9da26fe6bb548595f3f9416ef2cc48d22faecf,1618693066336222381,group-00384,development
Nagpur_Region_Basil_Plant_Healthy/IMG_20191104_121706.jpg,Healthy,300,300,43388a1b4959c9ffca9f7346c87ee6dfad53ca2a9830792f8164cd54b6480c68,4681923469672752533,group-00385,test
Nagpur_Region_Basil_Plant_Healthy/IMG_20191104_121723.jpg,Healthy,300,300,a6546ddeea5d3a216b6f9f806fc418d490507a2d0fa166ab329e2d31ba896ef7,927940016701600942,group-00386,development
Nagpur_Region_Basil_Plant_Healthy/IMG_20191104_121727.jpg,Healthy,300,300,31ffd7e98bb6c78626855daf27e169b8cfa34fafa6b584a5a28c688035c97295,6666367062456550635,group-00387,development
Nagpur_Region_Basil_Plant_Healthy/IMG_20191104_121729.jpg,Healthy,300,300,4bcbb74ed8873b68b86307fc44c2dc10af067957ebb93c24646f08910c7e228e,462130125698458814,group-00388,development
Nagpur_Region_Basil_Plant_Healthy/IMG_20191104_121731.jpg,Healthy,300,300,7083b845549eb7c74e0cb27f3c929f92478456021d4efabb4700fd329933621d,451968483253752318,group-00389,development
Nagpur_Region_Basil_Plant_Healthy/IMG_20191104_121733.jpg,Healthy,300,300,e7dc19d2201ba9aeaf118ca306fc596e666414b5695cd88917b7869f052422d6,5062527858745495998,group-00390,development
Nagpur_Region_Basil_Plant_Healthy/IMG_20191104_121735.jpg,Healthy,300,300,c7d5853f4405494bf915e4d609980d7d034ba66ba2c306a45febc0ce6fbe52e1,4060233397380796926,group-00391,development
Nagpur_Region_Basil_Plant_Healthy/IMG_20191104_121737.jpg,Healthy,300,300,6fb6586dd0accd845b9fc80c00231d6d7413e2d12704b1f847ecf7ce33daa7f3,7846661173855601150,group-00392,development
Nagpur_Region_Basil_Plant_Healthy/IMG_20191104_121743.jpg,Healthy,300,300,43ddbd6cdf9562544e0a8cc73fcd486ae48e4449f0c6b3c851f4f2a8830ba5a3,2466869553203962347,group-00393,development
Nagpur_Region_Basil_Plant_Healthy/IMG_20191104_121746.jpg,Healthy,300,300,86703b39f907cca7c9b319e5c41ceeb14f045dc3a4f150ca01ceb66168825eaf,3238237177487212986,group-00394,test
Nagpur_Region_Basil_Plant_Healthy/IMG_20191104_121748.jpg,Healthy,300,300,4942dcd11df6522dc3f65e1c84473445b0f1c22cdd32f08261badfc50343226e,3510035261059947450,group-00395,test
Nagpur_Region_Basil_Plant_Healthy/IMG_20191104_121750.jpg,Healthy,300,300,e44993d23de6b53f6836825519795f7b82321ceebe36217ae470ff47197e96b8,8240269625554326126,group-00396,development
Nagpur_Region_Basil_Plant_Healthy/IMG_20191104_121753.jpg,Healthy,300,300,9849a8b0d7777371efe45dde3b279fc27aa2fee79f5175b51db9bc9f5abbc4b2,5068322002067936507,group-00397,development
Nagpur_Region_Basil_Plant_Healthy/IMG_20191104_121755.jpg,Healthy,300,300,90bb1d8007f0cbf3be34a904992968ab2ce9a960450552f4fb970caed09db338,2770395681650005243,group-00398,development
Nagpur_Region_Basil_Plant_Healthy/IMG_20191104_121800.jpg,Healthy,300,300,83c307fd9fad95e3869596f7226bcb2a923b60a486834bc706be8f63e36213b8,5412258928440580334,group-00399,development
Nagpur_Region_Basil_Plant_Healthy/IMG_20191104_121803.jpg,Healthy,300,300,4df6e66fa35939a8cb88b11b50c8d09477dc5dc243aa099c7e2d009be019b16c,2831801614964317374,group-00400,development
Nagpur_Region_Basil_Plant_Healthy/IMG_20191104_121806.jpg,Healthy,300,300,9e3334eb8bb852496e923fc06516f2ca80f12202da73ea59c6a19fc65407f233,2060690474663632062,group-00401,development
Nagpur_Region_Basil_Plant_Healthy/IMG_20191104_121808.jpg,Healthy,300,300,80793d8a8fba24956d46f7782bbdf418adc718ef8aad7995c2c66453bd95e59a,7791724898085456382,group-00402,test
Nagpur_Region_Basil_Plant_Healthy/IMG_20191104_121810.jpg,Healthy,300,300,f6d1ad18d7281203ef413516e0c0694b14235b33f9e9e11af91686a77866b7cc,4139532731341618347,group-00403,development
Nagpur_Region_Basil_Plant_Healthy/IMG_20191104_121813.jpg,Healthy,300,300,2ed991d625f5e3956e5be5af6926c08f34deb5527cdfd611b36625fec3cf11ac,6436160715765477886,group-00404,development
Nagpur_Region_Basil_Plant_Healthy/IMG_20191104_121816.jpg,Healthy,300,300,101cc22714e54995a566352a6907a1a57f6f33bf566e5b7f0c3fb257dfb3471c,1802411571398183422,group-00405,test
Nagpur_Region_Basil_Plant_Healthy/IMG_20191104_121818.jpg,Healthy,300,300,770464e6c6644cab5a5b991ac5f6b036ae1fffda829b10120f34e818f30caaea,7575923916973183854,group-00406,test
Nagpur_Region_Basil_Plant_Healthy/IMG_20191104_121823.jpg,Healthy,300,300,bd383b6621f8510b4b081ae50ec7e362d33ec42862b029be40910cf5fb40ff93,5931915366280420142,group-00407,development
Nagpur_Region_Basil_Plant_Healthy/IMG_20191104_121826.jpg,Healthy,300,300,7feebc3e45f285032d20b5639ff71c9a27ce61a9df189e118c6ca68110984c91,7945225650957074942,group-00408,development
Nagpur_Region_Basil_Plant_Healthy/IMG_20191104_121829.jpg,Healthy,300,300,a6e723fb6b676b93008265c05650b0eec2e40b07187a91d47960653a1dad2f4c,5824899638600026622,group-00409,development
Nagpur_Region_Basil_Plant_Healthy/IMG_20191104_121831.jpg,Healthy,300,300,566a471cac59e0a7b4c5acdb0dfdeb5c95317240a2ce5fde7a6a90dd94b00cf1,5300892370041987563,group-00410,development
Nagpur_Region_Basil_Plant_Healthy/IMG_20191104_121832.jpg,Healthy,300,300,476857ea4cc2d022b775c4f422f26f36909f51e3a290a89c80b3434fa6ac7bd9,1302140560374386427,group-00411,test
Nagpur_Region_Basil_Plant_Healthy/IMG_20191104_121834.jpg,Healthy,300,300,2720683d52502fae2bb89d6e0844d75d32d467644577ed0849b5a4af25f4b6e3,5490769689073028715,group-00412,development
Nagpur_Region_Basil_Plant_Healthy/IMG_20191104_121836.jpg,Healthy,300,300,9ec1363baf0dfe5e2336799a5e953a076983e91282f557ec134c23cbad2e7df9,412087983966256746,group-00413,development
Nagpur_Region_Basil_Plant_Healthy/IMG_20191104_121843.jpg,Healthy,300,300,7d1fde6b727d9bdb61f78046a8432134defa788c7acb36176fe6c003bc9a98bf,3783942176551893038,group-00414,development
Nagpur_Region_Basil_Plant_Healthy/IMG_20191104_121845.jpg,Healthy,300,300,d451602bd224928d3c454ad1ef3b3d20ca4dbb491e1c280a3a6059c17dda5f66,7188691240297058878,group-00415,development
Nagpur_Region_Basil_Plant_Healthy/IMG_20191104_121847.jpg,Healthy,300,300,cfaae5cd9002fe4467d908c7f59580887a520b31d690dcf6456c218aed43b315,1377108360429458238,group-00416,development
Nagpur_Region_Basil_Plant_Healthy/IMG_20191104_121848.jpg,Healthy,300,300,7b359f7d395dc709a59a6caf99d6c77c5bf7294b19341c23f6060983b3999cc8,1495702582855615358,group-00417,development
Nagpur_Region_Basil_Plant_Healthy/IMG_20191104_121850.jpg,Healthy,300,300,c741a1bb5b6e94b466cfd3e94d6184bd42cb1ecf5e6bc730234c4d7097b369c4,4092816880892793454,group-00418,development
Nagpur_Region_Basil_Plant_Healthy/IMG_20191104_121852.jpg,Healthy,300,300,37ed186d08cb1e168c8214028adca397901938dd9bf58dcdb24ab7211826fae6,2065848967678284410,group-00419,test
Nagpur_Region_Basil_Plant_Healthy/IMG_20191104_121853.jpg,Healthy,300,300,de269bd9c01d4bcff7b42504f72d20f89bde71f51493680ce765d2dde22a8f8b,3105593741933864619,group-00420,development
Nagpur_Region_Basil_Plant_Healthy/IMG_20191104_121857.jpg,Healthy,300,300,8516c2ccf65e063b63607b31c973037ba9bce108a75711ed2e06791918a426db,7087547824310827307,group-00421,development
Nagpur_Region_Basil_Plant_Healthy/IMG_20191104_121914.jpg,Healthy,300,300,0627d11a9f002142cfbe7cac8d09ae309ae38d9f886bd72b3cb8f35fe213f42a,3660137967215923438,group-00422,development
Nagpur_Region_Basil_Plant_Healthy/IMG_20191104_121923.jpg,Healthy,300,300,e954a94cdac4a87d8f975765c8564953a55cfa5d06f0beef3ddb3eaada2748f2,3920034958900190636,group-00423,development
Nagpur_Region_Basil_Plant_Healthy/IMG_20191104_121925.jpg,Healthy,300,300,cf4d53bdd5a7633cb62e261edc3a49698a95b4722d4cd94a158e980c0efe20e4,1380043526915086780,group-00424,test
Nagpur_Region_Basil_Plant_Healthy/IMG_20191104_121928.jpg,Healthy,300,300,65f9bb2be3d6c2931f39b5fc0257c30eadad8f963d2bec48206d867aaf966b62,6360461562601263528,group-00425,development
Nagpur_Region_Basil_Plant_Healthy/IMG_20191104_121932.jpg,Healthy,300,300,3a6e1e23d429392c2f9549a329443d37de9c6cbf062228b98d8fe80d448c0e02,4386954331862506309,group-00426,development
Nagpur_Region_Basil_Plant_Healthy/IMG_20191104_121937.jpg,Healthy,300,300,9adeac76ff041fb455faebfec2dff549a30a76d901e73de9ec294fb4c1e12df9,8178679537055413867,group-00427,development
Nagpur_Region_Basil_Plant_Healthy/IMG_20191104_121949.jpg,Healthy,300,300,993af12df9bf4399750fc5c027fe0d36e326742ce099258214d03dfd3bf8fca3,2980679411190967022,group-00428,development
Nagpur_Region_Basil_Plant_Healthy/IMG_20191104_121954.jpg,Healthy,300,300,4317f9b2c21731a1c82a8eb7d48cd5b1dce4b99b5025e29ead99157e6b5a754b,5480217963654457528,group-00429,development
Nagpur_Region_Basil_Plant_Healthy/WhatsApp Image 2019-09-08 at 18.12.29.jpg,Healthy,300,300,9ad706f2a9b660371b6d44ababf2e9b90f5ae5e35d36e847dd333a979f849ea9,7065398871037422014,group-00430,development
Nagpur_Region_Basil_Plant_Healthy/WhatsApp Image 2019-09-08 at 18.12.31.jpg,Healthy,300,300,6e7a581518425bd9cf732c2b627104ede7c870c45b74f4dc8795537a242e3769,5892879010479833515,group-00431,test
Nagpur_Region_Basil_Plant_Healthy/WhatsApp Image 2019-09-08 at 18.12.32.jpg,Healthy,300,300,390eccae7dc08580c38d2e32cdcdc303c2a20f3d154007f4dde9778ae8dab899,3766093191339313579,group-00432,development
Nagpur_Region_Basil_Plant_Healthy/WhatsApp Image 2019-09-08 at 18.12.33 (1).jpg,Healthy,300,300,f04d41cf19799391e6c70c338863e7d43228b35b684f54b88cafb69bbe0e697c,6119790137280086443,group-00433,development
Nagpur_Region_Basil_Plant_Healthy/WhatsApp Image 2019-09-08 at 18.12.33.jpg,Healthy,300,300,04c41de95bfaed2353218ffafcc96ac0e550bc19c6c8a2688c5c5a184e821492,8809980378669138347,group-00434,development
Nagpur_Region_Basil_Plant_Healthy/WhatsApp Image 2019-09-09 at 20.33.36 (1).jpg,Healthy,300,300,325347f63241ffcf8e8317e30e31557d5d31082c31a229b02cb9e9116c5bb257,2183796476811096851,group-00435,development
Nagpur_Region_Basil_Plant_Healthy/WhatsApp Image 2019-09-09 at 20.33.36.jpg,Healthy,300,300,abb2cf4e6a5822c801657ac5f92c2ccb555ab3c25d7d42a76ead1532b74a2222,5541315181291987347,group-00436,test
Nagpur_Region_Basil_Plant_Healthy/WhatsApp Image 2019-09-09 at 20.33.37 (1).jpg,Healthy,300,300,8233850e2c93dc99a72a2bad98e3acc469a4044cebe4e745f43720d74681f9b0,904365042287470150,group-00437,development
Nagpur_Region_Basil_Plant_Healthy/WhatsApp Image 2019-09-09 at 20.33.37.jpg,Healthy,300,300,356f50da226c376e7ed3d19f9fcd0014d6279e80ce7d019d874a906c05ac811f,6441948803163383302,group-00438,development
Nagpur_Region_Basil_Plant_Healthy/WhatsApp Image 2019-09-09 at 20.33.41 (1).jpg,Healthy,300,300,6e4ee82b23f3cd95748a4aacf4be25d8945bde51d11dfd765232f71d21342b46,4893264998800999064,group-00439,development
Nagpur_Region_Basil_Plant_Healthy/WhatsApp Image 2019-09-09 at 20.33.41.jpg,Healthy,300,300,7323595acef465a92fb0629d1bbeb2d5864d00d8f3a609db90addfd80e95a9c5,2438236861173054340,group-00440,development
Nagpur_Region_Basil_Plant_Healthy/WhatsApp Image 2019-09-09 at 20.33.42 (1).jpg,Healthy,300,300,975bb6ca6505014d58de2c79e281eff92f473d6712c4df9f1222729995b54cdd,6859619714016985984,group-00441,development
Nagpur_Region_Basil_Plant_Healthy/WhatsApp Image 2019-09-09 at 20.33.42.jpg,Healthy,300,300,2f4ff5ad73cb5f5a9e5a901ef49de9f89b63a8d6aa5b56758c70df8173d133e4,1410587623886395792,group-00442,development
Nagpur_Region_Basil_Plant_Healthy/WhatsApp Image 2019-09-09 at 20.33.43 (1).jpg,Healthy,300,300,769326ea8aa8b6c5662adc6e0e395a6a2432ffd8757b3c46b7d63bce573401fe,7951397222285494753,group-00443,development
Nagpur_Region_Basil_Plant_Healthy/WhatsApp Image 2019-09-09 at 20.33.43.jpg,Healthy,300,300,c4de39573435969984c60f5f2b83f13824d7923470002207757362295c56020e,4967892103240875732,group-00444,development
Nagpur_Region_Basil_Plant_Healthy/WhatsApp Image 2019-09-09 at 20.33.44 (1).jpg,Healthy,300,300,49492d53527844f25d4be24a38c88cb535b7567ab93697718f991d0b5af6251c,434161291421446611,group-00445,development
Nagpur_Region_Basil_Plant_Healthy/WhatsApp Image 2019-09-09 at 20.33.44.jpg,Healthy,300,300,46841b4791d0938e8865719518bf9de0778e190c1ec97e36cc98e9a183102567,5238879658380598580,group-00446,development
Nagpur_Region_Basil_Plant_Healthy/WhatsApp Image 2019-09-09 at 20.33.45.jpg,Healthy,300,300,0a34d94eef0816bb85f8aed5b6d3e8d73932f68f693356065fe2bbd726d97c4b,6587865596544043411,group-00447,development
Nagpur_Region_Basil_Plant_Healthy/WhatsApp Image 2019-09-09 at 20.33.46 (1).jpg,Healthy,300,300,d27ecfeec1f21d263cc2e3c6c45f92e3394d795117ab0fada51baf15dc1852ee,3702833123131018771,group-00448,development
Nagpur_Region_Basil_Plant_Healthy/WhatsApp Image 2019-09-09 at 20.33.46.jpg,Healthy,300,300,0b39f9ac55ae31a5527ffd04e9605f71d981017981767af48e2b99b5519be115,7400314851643824539,group-00449,test
Nagpur_Region_Basil_Plant_Healthy/WhatsApp Image 2019-09-09 at 20.33.47.jpg,Healthy,300,300,009cf578247ea640656b8ca735cc42941ce33d7b062d11b4f5fb16ba481cb08e,7617388190370057358,group-00450,development
Nagpur_Region_Basil_Plant_Healthy/WhatsApp Image 2019-09-09 at 20.33.48 (1).jpg,Healthy,300,300,00cad64096f0b4633d73f0b70ba0accc5a183a9f129809d16b18e69bfa7415e9,7198498805791485134,group-00451,development
Nagpur_Region_Basil_Plant_Healthy/WhatsApp Image 2019-09-09 at 20.33.48.jpg,Healthy,300,300,008f4da3640ad687e318540682f1b81c862b7c22077065cf7b4e4c72d1f0bd15,3208293786968095126,group-00452,development
Nagpur_Region_Basil_Plant_Healthy/WhatsApp Image 2019-09-11 at 17.30.03.jpg,Healthy,300,300,c801645969af0e7e97d06e3a9de32500044bad84b03f6253e3ee2ac68f046cfb,5804457817082642926,group-00453,development
Nagpur_Region_Basil_Plant_Healthy/WhatsApp Image 2019-09-11 at 17.30.04.jpg,Healthy,300,300,d303b5b8b315bdfa252693e631f6d6dfb71ccbbfe6e3a5882f10438b42eb3cca,8647126323307995630,group-00454,development
Nagpur_Region_Basil_Plant_Healthy/WhatsApp Image 2019-09-11 at 17.30.05.jpg,Healthy,300,300,c87a88ae1d595505b58d38ecddd51b1d4125f3a118d8de82274dfeab6da247c2,975470986436426554,group-00455,test
Nagpur_Region_Basil_Plant_Healthy/WhatsApp Image 2019-09-11 at 17.30.06.jpg,Healthy,300,300,ec82ed487f63128245ccf5b6cbe01ae361045985a2968c00ec2600b7ee0b8f75,3558692027346926462,group-00456,test
Nagpur_Region_Basil_Plant_Healthy/WhatsApp Image 2019-09-11 at 17.30.07.jpg,Healthy,300,300,7fe3a69cda586801a6f709596ad9c44e8190bc48684227f160c0bf6f635afb72,4936395469232160363,group-00457,development
Nagpur_Region_Basil_Plant_Healthy/WhatsApp Image 2019-09-11 at 17.30.08.jpg,Healthy,300,300,cc2f5fce10b2afdf4aab10beaaf4416f080f2f3cb8b769ff699254d1d20cd85e,7669298446636991925,group-00458,test
Basil_Plant_Unhealthy/IMG_20201217_112345.jpg,Unhealthy,240,320,ace12c600a2974de83fc78874ee7965de80e385ed6b77bf18b5dc42e1fa6b9c2,1958627780345248390,group-00459,development
Basil_Plant_Unhealthy/IMG_20201217_112348.jpg,Unhealthy,240,320,761b4c89a8645ad76a242e52ef63be4b835758a415566c8e459e2a11c6cd55a9,2110615746554419844,group-00460,development
Basil_Plant_Unhealthy/IMG_20201217_112352.jpg,Unhealthy,240,320,69bc49290c711019dfa6235877ef7123fa188d7798728f984efb26ae36f2c49f,7587312577024836250,group-00461,development
Basil_Plant_Unhealthy/IMG_20201217_112357.jpg,Unhealthy,240,320,b1f51408c49df66a241eb1667a4e27dbbb9099d2cb9eea2658fd371ab48652a3,6096891143213219546,group-00462,development
Basil_Plant_Unhealthy/IMG_20201217_112408.jpg,Unhealthy,240,320,eb74662c8e7e550e7133cf710788103c52473aa17c87b4d8b889159c477bfb31,1974129830337621704,group-00465,development
Basil_Plant_Unhealthy/IMG_20201217_112411.jpg,Unhealthy,240,320,2d876f6f13c6d84777e7b9177fc78a98f58360ee9bfd9d7d4c235fffdc092c7a,1974169412689170120,group-00464,development
Basil_Plant_Unhealthy/IMG_20201217_112413.jpg,Unhealthy,240,320,c6ef86d7a601959af48353cba2acb7f5052738d7157f8c6ed4d7cd93b213c221,821210524755070664,group-00465,development
Basil_Plant_Unhealthy/IMG_20201217_112415.jpg,Unhealthy,240,320,06eab81aacd8b24505a8a129a126a3e756489d8fd6eb09a659098a3d946f037b,7053915057699587784,group-00466,test
Basil_Plant_Unhealthy/IMG_20201217_112501.jpg,Unhealthy,240,320,1b0e4df688509975176069c276a58a36fb5a47b26cd9db29a2fb84ca4f05630a,8383332535912086258,group-00467,development
Basil_Plant_Unhealthy/IMG_20201217_112549.jpg,Unhealthy,240,320,45ee82cea581bb7fe0c811747ada4793fb9ebdef64bcfaeea5e7d7a852f2960c,2456881218162509284,group-00468,development
Basil_Plant_Unhealthy/IMG_20201217_112600.jpg,Unhealthy,240,320,273e53ceee54758e9be140e9e6d20cb764f56ae9913d911dc5fcc40f31ff76a2,423420468882422423,group-00469,test
Basil_Plant_Unhealthy/IMG_20201217_112604.jpg,Unhealthy,240,320,e0e9dd2483a080966a19cb30e96a23652ed1e9d863a5af06987db20af183d84e,2448009728623245973,group-00470,test
Basil_Plant_Unhealthy/IMG_20201217_112606.jpg,Unhealthy,240,320,0f481c15cad77f27632b87d9ca82ab0b57c8f28211fab4313045d042bd1a6a5f,2447024564040497815,group-00471,test
Basil_Plant_Unhealthy/IMG_20201217_112621.jpg,Unhealthy,240,320,4b30a20534bd9fd704a421241c908d69811cdf27ef738b0192b87ce51b21f59f,2189758009296931796,group-00472,development
Basil_Plant_Unhealthy/IMG_20201217_112623.jpg,Unhealthy,300,300,0f4eb1bb8becdf15b6868e789cd0bf856793a258047faaaa91565bec101d5812,1031788432830022590,group-00473,development
Basil_Plant_Unhealthy/IMG_20201217_112652.jpg,Unhealthy,300,300,7fb348a86c86e30ed08fb9c664b9a53e72bbe1983d0b847630d9fed133527199,434168125118315134,group-00474,development
Basil_Plant_Unhealthy/IMG_20201217_112654.jpg,Unhealthy,300,300,7dce998408091058bec4b6b4ab2a8f8420f748da760499c86af9acc85d3b22ff,362110534832183934,group-00475,test
Basil_Plant_Unhealthy/IMG_20201217_112658.jpg,Unhealthy,300,300,2f48323008793acb263ed077c9188350c559ad0a8a9f95528bbe86a82115376e,7371426889271645374,group-00476,development
Basil_Plant_Unhealthy/IMG_20201217_112712.jpg,Unhealthy,300,300,0ba7a98e3e60874c13cffe8e79785be08dd72e5a3ad25bdb6f81638ec90b2fdc,1789704092995107134,group-00477,development
Basil_Plant_Unhealthy/IMG_20201217_112714.jpg,Unhealthy,300,300,fed25a6aa03636330c20fd12cbaf613794add605f975ab34c7f63d048a246945,596267852647479614,group-00478,development
Basil_Plant_Unhealthy/IMG_20201217_112718.jpg,Unhealthy,300,300,37b5865299159531bbd6af26adf5f0a04f1b7883006ebbc60d306afe63e80b86,8740187136485066558,group-00479,development
Basil_Plant_Unhealthy/IMG_20201217_112722.jpg,Unhealthy,300,300,109bc95a2d9c9075a733c9919bd5dfbeb7b0f941693a0b8ee971872572667ead,1028622292792605486,group-00480,development
Basil_Plant_Unhealthy/IMG_20201217_112725.jpg,Unhealthy,300,300,94aa562512ed2908e6fee5dc323ee2317bef09c9e050bb188b61e25cdecbcbeb,5640325894843890222,group-00481,development
Basil_Plant_Unhealthy/IMG_20201217_112726.jpg,Unhealthy,300,300,167ad88bb5de9fec4ace04e386e1826dab44f8d8c8341cd47458aeb7468a090b,5064001469370034734,group-00482,development
Basil_Plant_Unhealthy/IMG_20201217_112729.jpg,Unhealthy,300,300,2f367b78ef8874d96c1c3c5493082cc346dd850eef0e94e32191f2596e038477,1843769976113811070,group-00483,test
Basil_Plant_Unhealthy/IMG_20201217_112731.jpg,Unhealthy,300,300,7d4e1cc59e4fc6ca51c1a853564c660eb9b57d8e2d71966999309a162a0bc238,1844726689203178622,group-00484,development
Basil_Plant_Unhealthy/IMG_20201217_112739.jpg,Unhealthy,300,300,724cf8c96f8569cc5cd9bb0d15456479d54aae283bf635553d0e6e16070fd8c9,3320060099669571194,group-00485,development
Basil_Plant_Unhealthy/IMG_20201217_112744.jpg,Unhealthy,300,300,aa871c9d51e1fadfecd584ac2ceed29e85e75f8b08834cbc794ee946b2cae773,5487962858418599550,group-00486,test
Basil_Plant_Unhealthy/IMG_20201217_112752.jpg,Unhealthy,300,300,6c773c16405940222877d8b666816c33a21f0e575b8c06e4607004005d11baab,526905795975741617,group-00487,test
Basil_Plant_Unhealthy/IMG_20201217_112754.jpg,Unhealthy,300,300,a89cefd7a1c61400a5d6e329883d0a889a5e48cf9db0b2b4050eeccbe5150938,2836652071465944305,group-00488,test
Basil_Plant_Unhealthy/IMG_20201217_112755.jpg,Unhealthy,300,300,9e6b5739441c9f3015f444899597ac21b1b0fa1f5019b1a1b79418c495e8e829,5140227921916112049,group-00489,test
Basil_Plant_Unhealthy/IMG_20201217_112757.jpg,Unhealthy,300,300,faaa31710d9356ac06bfccd3beca67203c5781b75b9710c1850137557973cf42,7423227872956438949,group-00490,development
Basil_Plant_Unhealthy/IMG_20201217_112759.jpg,Unhealthy,300,300,1bb61968954aa2d527ca9cfdc609a2560afe727949172e03073e669c17133058,5588312325449880461,group-00491,development
Basil_Plant_Unhealthy/IMG_20201217_112801.jpg,Unhealthy,300,300,e295fcf1672b94222146ff6a210e9e1ceb9652e7cc2f5163f8c1b50d93e77eee,4037915833819129057,group-00492,development
Basil_Plant_Unhealthy/IMG_20201217_112805.jpg,Unhealthy,300,300,9c6cd8ee3c459d590023b37ac55a2f40139812693d2b97bfdddff10f5ef42821,2752503620297157638,group-00493,development
Basil_Plant_Unhealthy/IMG_20201217_112809.jpg,Unhealthy,300,300,1d98e63e493e17283a09fd0cfc696b397041e80beec525bfcfb0534a0845978b,5047931897023938798,group-00494,development
Basil_Plant_Unhealthy/IMG_20201217_112810.jpg,Unhealthy,300,300,b469a5b43b96067a8009fafac2db12a64e541b79b1eee6fccef7f7e954f57715,449719294081221358,group-00495,test
Basil_Plant_Unhealthy/IMG_20201217_112812.jpg,Unhealthy,300,300,66af771ad4eb2d124e1888a354d5a280f90d814efb40a64af799e78a4ccc5fd4,900072338499012494,group-00496,development
Basil_Plant_Unhealthy/IMG_20201217_112814.jpg,Unhealthy,300,300,c79dcf314c72ddf6135cd6725b025a202072d420c1142848cf62948e44af97f7,76559345503160076,group-00497,development
Basil_Plant_Unhealthy/IMG_20201217_150537.jpg,Unhealthy,300,300,57fab73105deb94f62402a10a52fa4f7cbbeff82f6df6704f6a036b7cae1f9a2,50874673302571448,group-00498,development
Basil_Plant_Unhealthy/IMG_20201217_150541.jpg,Unhealthy,300,300,a0cafce31a540d1d7647dc2fed72c8e8449a63925b0e89517a119756f913fc1e,397389464014142448,group-00500,development
Basil_Plant_Unhealthy/IMG_20201217_150544.jpg,Unhealthy,300,300,4896fff6ff77b607517399df9210eddef0a38fd2cebf280f5a39eabeba285456,396826514060717046,group-00500,development
Basil_Plant_Unhealthy/IMG_20201217_150547.jpg,Unhealthy,300,300,dbbcb31ca853e7bb65eb864d2b1957fa2a14242336b77486667720650b9323b9,4720774841765168126,group-00501,development
Basil_Plant_Unhealthy/IMG_20201217_150556.jpg,Unhealthy,300,300,5ec6edafb3cd51cce1c8ed1e89a6802238f6c3ccd1ac6e43da05cdadd7337a21,7164292497722887355,group-00502,development
Basil_Plant_Unhealthy/IMG_20201217_150600.jpg,Unhealthy,300,300,6f79330d6560f8dee025d703a825dd24e7208e51a8105c621b1f5308bd7ea442,2184828253457805755,group-00503,development
Basil_Plant_Unhealthy/IMG_20201217_150604.jpg,Unhealthy,300,300,ef05316d58eb8e27531be5cd7ac41361f5e7f8a989786be1258e3039bc0d8b98,1031985793411250363,group-00504,development
Basil_Plant_Unhealthy/IMG_20201217_150605.jpg,Unhealthy,300,300,5ae36701d995cd931ef0410767c92668b533a39c19d1f610c7c8ee383ea060e0,1042144181324542139,group-00506,development
Basil_Plant_Unhealthy/IMG_20201217_150606.jpg,Unhealthy,300,300,e0d06fcca6b0c9da8e6a41a98c24a6f401a4b36f85062f0d8bc5a8284ab07177,1024130882326687931,group-00506,development
Basil_Plant_Unhealthy/IMG_20201217_150609.jpg,Unhealthy,300,300,abd4c9fbec80a5fcd77054bccb5cd88cb8f9dd855ebde6b1dc807ed7dccf7888,3188043020752056507,group-00507,test
Basil_Plant_Unhealthy/IMG_20201217_150610.jpg,Unhealthy,300,300,61ada71d0325df7a29eb04a0021fc4b35df9ff579222c29f4bb820bb38902438,1003286843801530555,group-00508,test
Basil_Plant_Unhealthy/IMG_20201217_150612.jpg,Unhealthy,300,300,ac662a4a5be78b460371d150c0d199f89f26250c03c633efa603a21ecd9fda00,3223570389197975739,group-00509,development
Basil_Plant_Unhealthy/IMG_20201217_150615.jpg,Unhealthy,300,300,20ddf38fc207bf9e09860b1e1e08eba954081cc1ae566a6db7d8390f613d7fd2,7373328946693358763,group-00510,development
Basil_Plant_Unhealthy/IMG_20201217_150617.jpg,Unhealthy,300,300,12b22def733d6195571c9d59bb01cd545f0616d304cf5fff5aaca7771f00a4f0,8679091088776185003,group-00511,development
Basil_Plant_Unhealthy/IMG_20201217_150620.jpg,Unhealthy,300,300,11bd1b0aad37f07f77848e796c49dea58ee95cb707f2b5f006dad8bcda1711df,2052076346631418043,group-00512,development
Basil_Plant_Unhealthy/IMG_20201217_150623.jpg,Unhealthy,300,300,4c18a43377e408ba901c106c9c77260d7a54c852f3d1d26cc410cce99e1142cf,8698917738685963499,group-00513,development
Basil_Plant_Unhealthy/IMG_20201217_150626.jpg,Unhealthy,300,300,10523eaa97035cb0e0cc1a7adfc6d30a1ff1e4b2c7b7eb916b6301dd3c58a859,2169694976946587115,group-00514,development
Basil_Plant_Unhealthy/IMG_20201217_150627.jpg,Unhealthy,300,300,df9478a79201d6cc34344a1f270b4d5bc39bfeb368e5507311cef065dbf26e1b,9087257539690743019,group-00515,development
Basil_Plant_Unhealthy/IMG_20201217_150629.jpg,Unhealthy,300,300,8bf69453b370cf9efa9edf5840a4e497ac22ab1721184f5224cd37b9e8f4159e,8519770588976366827,group-00517,development
Basil_Plant_Unhealthy/IMG_20201217_150629_1.jpg,Unhealthy,300,300,bab0b22a413eaac9e1adf5b3dc7cc32ba2b33df251df787e60b04a940a3685d9,8511466939724449003,group-00517,development
Basil_Plant_Unhealthy/IMG_20201217_150630.jpg,Unhealthy,300,300,ecd4f69e229a9324e717ebd8f04f21315798ed47d2a52444def4ee822e093732,2170433780040647915,group-00518,test
Basil_Plant_Unhealthy/IMG_20201217_150631.jpg,Unhealthy,300,300,23e9f8673ac289c68b1c5222383bd7a5644b276f88e7fe6a992ac66d2464f1c8,2170423061409195179,group-00519,development
Basil_Plant_Unhealthy/IMG_20201217_150735.jpg,Unhealthy,300,300,4839b259757e57769fe4eb427156be37f07b10ba8d601fa7c3aa0de19f9ee4b0,5298184115182801086,group-00520,development
Basil_Plant_Unhealthy/IMG_20201217_150737.jpg,Unhealthy,300,300,0e07da5f98dcd815bceaa0f1f754340c27937fa1db5846b1151571eddc73e645,3897212657110127806,group-00522,test
Basil_Plant_Unhealthy/IMG_20201217_150739.jpg,Unhealthy,300,300,cc34d15822ba879cb4036a64d49a591fce46f14c4f01f0cecbae84b6d8ee7e34,3897212657110127806,group-00522,test
Basil_Plant_Unhealthy/IMG_20201217_150741.jpg,Unhealthy,300,300,89cddca70dfb8d786e771f43a2f80f9d1f4317f73492024c7a5846fa5f8e5290,3329493021610513598,group-00524,development
Basil_Plant_Unhealthy/IMG_20201217_150744.jpg,Unhealthy,300,300,29720eb21c58a521aab7bb4ba6e64814351e5405937c12273fc08550e770c51d,3347507420119471294,group-00524,development
Basil_Plant_Unhealthy/IMG_20201217_150748.jpg,Unhealthy,300,300,b6c508e840c2e4a88d1e5d995fce8482dd34aa37113dbe67746ad2f871572905,970773745140794606,group-00526,development
Basil_Plant_Unhealthy/IMG_20201217_150750.jpg,Unhealthy,300,300,4b0e07eb67e4cc56e59bfba8ad0ea2e0bcbeb8ae21e48540c681c203cbaf59ec,970773744603927790,group-00526,development
Basil_Plant_Unhealthy/IMG_20201217_150752.jpg,Unhealthy,300,300,3dcc88df8242156bac69f6f10c59dc3df67cc345fb063926c0dcfdb894090db9,6981451734120322219,group-00528,development
Basil_Plant_Unhealthy/IMG_20201217_150753.jpg,Unhealthy,300,300,7e5f91de3136282a8130241c664f9dd371849f9bfd286fe5ac059c0bd347582a,6963419743427941547,group-00528,development
Basil_Plant_Unhealthy/IMG_20201217_150757.jpg,Unhealthy,300,300,b1dc27f7da0d72993deb6a992cc0a8f83a105bd644ce943e1d75628ee87a735a,5261545639853208826,group-00529,development
Basil_Plant_Unhealthy/IMG_20201217_150759.jpg,Unhealthy,300,300,619a98f61be9ddb315d9287df57690c061db9792e77016aa2e795f3fefc91077,4325674116309095610,group-00530,test
Basil_Plant_Unhealthy/IMG_20201217_150801.jpg,Unhealthy,300,300,36c302f8da3f77288266497cbf6871e1367cd2a21e71517d723048e67e254d57,5797473857818653882,group-00531,development
Basil_Plant_Unhealthy/IMG_20201217_150802.jpg,Unhealthy,300,300,540f5415729b4d76ad9efb0dbd84cabead32ef4cc9023b010dcbaba7c6fca63b,1874878164393317626,group-00532,development
Basil_Plant_Unhealthy/IMG_20201217_150929.jpg,Unhealthy,300,300,62b7bc8f9945c4a6bd4c110eead475a4c56d8b3980e4da99108d4576311ec526,7864005819256075217,group-00533,development
Basil_Plant_Unhealthy/IMG_20201217_150930.jpg,Unhealthy,300,300,9abd84cd159bfd5930f7c25fbdbfb337da4a848c196f465b8cb435f34ea733ed,8003687226693039041,group-00534,development
Basil_Plant_Unhealthy/IMG_20201217_150931.jpg,Unhealthy,300,300,3cf16aa50d37b9ca667e40f581399d878e36e9c259ab427c267496164d1f5c35,3804671115863700417,group-00535,test
Basil_Plant_Unhealthy/IMG_20201217_150933.jpg,Unhealthy,300,300,2ede87eff8b7af35d9180d546276b0b6deee748d6f82e71f6c580f4021aa511f,1471736002715300801,group-00536,development
Basil_Plant_Unhealthy/IMG_20201217_150938.jpg,Unhealthy,300,300,2441572ae4b9801b73ebd7495c2685d9b6e6ae7817ea8d773a3acb0359ea3cd8,5226418853565415926,group-00537,test
Basil_Plant_Unhealthy/IMG_20201217_150939.jpg,Unhealthy,300,300,5406edb06a5f0d348f7afbe76cad12b13a6e910e1f273a37390e6b0d9c9e5ed3,5089058789918360054,group-00538,development
Basil_Plant_Unhealthy/IMG_20201217_150941.jpg,Unhealthy,300,300,121b21505f1a32b70590cb8c226e1b756c6df27e42b630ca884a1d0fa9adcae9,881828398516791710,group-00539,development
Basil_Plant_Unhealthy/IMG_20201217_150942.jpg,Unhealthy,300,300,659a66aa75792d21be05addaf3719d106fd0e8c5dc1549ad5d890bff8b689c06,1763373975072793022,group-00540,development
Basil_Plant_Unhealthy/IMG_20201217_150944.jpg,Unhealthy,300,300,695842e403ca05c6402096cc34df0ea1a2bb06edb317eaf1befdc50e22ddb7c0,448372903069204918,group-00541,development
Basil_Plant_Unhealthy/IMG_20201217_150947.jpg,Unhealthy,300,300,c70b1ddd1521cd2402df62451337c74026937fb6b469394dcbd35706b5afc7c7,826553089074512310,group-00542,test
Basil_Plant_Unhealthy/IMG_20201217_150953.jpg,Unhealthy,300,300,c92f7ee8501b655ac3f7caf0ebedd5db2feace26bafc40ff988d4610e1a0c5c4,2193485259801601366,group-00544,development
Basil_Plant_Unhealthy/IMG_20201217_150954.jpg,Unhealthy,300,300,184eb4cac66f2eeb6567e75d1177aae2a0967f3505846afb0dd4443e44419fa0,2193485122362649942,group-00544,development
Basil_Plant_Unhealthy/IMG_20201217_150959.jpg,Unhealthy,300,300,d247722a7765ac5abdd87cd2191238986a81092ce030e1d79ce13e34aa07af5e,3324209285202155844,group-00545,development
Basil_Plant_Unhealthy/IMG_20201217_151001.jpg,Unhealthy,300,300,93b5df28d23b9a60fd1608b8d66fd87df4e96ff525084735bb2a1ad372a77ecc,1018367642325454916,group-00546,development
Basil_Plant_Unhealthy/IMG_20201217_151003.jpg,Unhealthy,300,300,a7fc6ad440c28880779dd289accac78607fecc330b30795bf52f41136c7f7fe8,9205518620263827958,group-00547,development
Basil_Plant_Unhealthy/IMG_20201217_151006.jpg,Unhealthy,300,300,9cee4441ed65d71305856f79eae98356ea9a75a709ffb85f6a2a18736510a856,3182985209863951610,group-00548,test
Basil_Plant_Unhealthy/IMG_20201217_151008.jpg,Unhealthy,300,300,3a559e7a28fd4709aa17408bd41cab45d60ee3de1e7ccb5142234dd4991dca96,2069876849077540094,group-00550,development
Basil_Plant_Unhealthy/IMG_20201217_151009.jpg,Unhealthy,300,300,840c7f5ad8ee6e37a37b90a2cad21408cb9e701e7f2e11c65a3994110dba1410,4339691044109178110,group-00550,development
Basil_Plant_Unhealthy/IMG_20201217_151012.jpg,Unhealthy,300,300,89f74648e0efd2060abab407b269628c6bca518b0695919f53c3a2426228fc31,7053829066096531182,group-00551,development
Basil_Plant_Unhealthy/IMG_20201217_151015.jpg,Unhealthy,300,300,7485625a4402cf31565a774967a07ead9a7e8a88962b5db6702be4b8771d3e1f,1824629941799719867,group-00552,development
Basil_Plant_Unhealthy/IMG_20201217_151021.jpg,Unhealthy,300,300,04fe935d053c6597cc218084bea0cb0d28b38a7a89fd191c73e36d0b03a0b2ad,8949178075686474991,group-00553,development
Basil_Plant_Unhealthy/IMG_20201217_151025.jpg,Unhealthy,300,300,c12c66ee05a204fa7d69e6e51180a5baf5fbd8d62837552d57c246604448e2a1,1406686981885314238,group-00554,test
Basil_Plant_Unhealthy/IMG_20201217_151031.jpg,Unhealthy,300,300,af67bf3849efcc09c4b97a0cd6ebf6143328a5c020a3879367b04c9096969510,1429407322845983547,group-00555,test
Basil_Plant_Unhealthy/IMG_20201217_151032.jpg,Unhealthy,300,300,c31f3d50909382520c33f9896fe16e22ac40d27a91107059087e6e983a824c9e,1429407202721133099,group-00556,development
Basil_Plant_Unhealthy/IMG_20201217_151033.jpg,Unhealthy,300,300,3c4406920d0a8b039e7e406f3a5a3e9f9511aafe5980b7d968c8705073a32b77,7392109613032927851,group-00557,development
Basil_Plant_Unhealthy/IMG_20201217_151034.jpg,Unhealthy,300,300,4a5bf36d24bcfe3d3a31e969fe50a579c5c2a6be51e12fde98aea44807f76031,8216269995182912123,group-00558,development
Basil_Plant_Unhealthy/IMG_20201217_151035.jpg,Unhealthy,300,300,21d70a3b6902c62a062e34c7dc36e9f89c3be392813f0e7c5b473d5dcb16c15c,78265502888351482,group-00559,test
Basil_Plant_Unhealthy/IMG_20201217_151036.jpg,Unhealthy,300,300,8797bd54f212dbcaf96489c9a400466a23707053e78b578e5cc38fff3e93e1d0,2348080771912423162,group-00560,development
Basil_Plant_Unhealthy/IMG_20201217_151037.jpg,Unhealthy,300,300,7db251ef7554dbe5698325785b707fb853bd488ab1ea5b89afb230e214d45419,269701601235785466,group-00565,development
Basil_Plant_Unhealthy/IMG_20201217_151038.jpg,Unhealthy,300,300,54a2d3a0676a13851e73f970ed5aa702ad482a1670cadef250659655b7817484,269701599633561342,group-00565,development
Basil_Plant_Unhealthy/IMG_20201217_151039.jpg,Unhealthy,300,300,22b0489beff50df39b786dcbafebd7e3fe0da9aa6c24cce20403a72ead01dbdf,125586411561899774,group-00565,development
Basil_Plant_Unhealthy/IMG_20201217_151040.jpg,Unhealthy,300,300,ae0534fbe7484cf5d41413d4059ee9cd0070dc0c3b8cdd694f658731216144d7,125586411561899774,group-00565,development
Basil_Plant_Unhealthy/IMG_20201217_151041.jpg,Unhealthy,300,300,e7d55c13b9dbc133e0b9826fd2f440d14147c99617a96c556f66cc67cf9200cb,125025523461215998,group-00565,development
Basil_Plant_Unhealthy/IMG_20201217_151045.jpg,Unhealthy,300,300,28b3f9b7ae16dbc320c87d3d933974f85ad66c34c34051a8571d1705daa4f2b5,1079951892007819003,group-00566,development
Basil_Plant_Unhealthy/IMG_20201217_151046.jpg,Unhealthy,300,300,fdb3fa62af7c7594a22666681fa74e48f114340b2d24be3ec654bdf0845d0a3d,1003415161939367675,group-00567,development
Basil_Plant_Unhealthy/IMG_20201217_151048.jpg,Unhealthy,300,300,601f6380a376c03f2b059b2c35c6a788ed6ec8da834cf69f4233334b465b43e7,694923125162481339,group-00568,test
Basil_Plant_Unhealthy/IMG_20201217_151049.jpg,Unhealthy,300,300,11719c8f8151fd1634b103f291e12dc2c5fc72c639f0a9eaddf0bc7fe5c589fd,983470152073056443,group-00569,development
Basil_Plant_Unhealthy/IMG_20201217_151055.jpg,Unhealthy,300,300,217b2482e4e0338e5c9ed7d84f84289a66a10e4a7b08836e2e57e10440b98179,5674762128440332669,group-00570,development
Basil_Plant_Unhealthy/IMG_20201217_151122.jpg,Unhealthy,300,300,2d53d73934f481f4454aa868d77b7a3206c294ceaca08628e87955433521e28d,5661738181252128567,group-00571,development
Basil_Plant_Unhealthy/IMG_20201217_151123.jpg,Unhealthy,300,300,313ac1fa80e133708fa0713ba844d6944acacb6fe1d4132dca69343e94918f41,7390658651998686007,group-00572,test
Basil_Plant_Unhealthy/IMG_20201217_151123_1.jpg,Unhealthy,300,300,2dd9204e472c0e2716c61fe1b41449872f5786978930f2f254979bf18630adaf,4024112197136712465,group-00573,development
Basil_Plant_Unhealthy/IMG_20201217_151126.jpg,Unhealthy,300,300,d7f51ffe905ea6b5b3b0212c2197ce1ff713170aed644780f162a28744231d89,1054625993485762415,group-00574,development
Basil_Plant_Unhealthy/IMG_20201217_151128.jpg,Unhealthy,300,300,04663270805b86dd9e1a58d4e4b54a7ee272d9f9260f4f9f9ea9810df97d6e2c,5666241789470482211,group-00575,development
Basil_Plant_Unhealthy/IMG_20201217_151132.jpg,Unhealthy,300,300,6b34321e896e9507ec2ab7199efcac757a44bc7274ee30a90440c0529d5a1ec7,5258146190111581011,group-00576,test
Basil_Plant_Unhealthy/IMG_20201217_151133.jpg,Unhealthy,300,300,1db7e2d80015ba6958494c6d60dd37c1621dcc0e12ac03b58c2b43db5fb6b948,3078474608448692723,group-00577,development
Basil_Plant_Unhealthy/IMG_20201217_151135.jpg,Unhealthy,300,300,6adc876260cd47af39b8ced1928b359fa8cc0f7efd19613f0b2000b39f9cb37c,1306291129765328715,group-00578,development
Basil_Plant_Unhealthy/IMG_20201217_151135_1.jpg,Unhealthy,300,300,4f2114fb318ec410287fd5e9271f95d4f766e4486553622a2915f1eae7d07a83,3918273069774733139,group-00579,development
Basil_Plant_Unhealthy/IMG_20201217_151136.jpg,Unhealthy,300,300,d389cf4da5c4eb85a5f5be014b84c7d2d95501e574ac430aa794fd6f99028deb,5878007650190817115,group-00580,test
Basil_Plant_Unhealthy/IMG_20201217_151137.jpg,Unhealthy,300,300,ae449bd878fb8449af10f6148c250c891de3fdce6db0452c653d410628f46bb4,1580942169077043706,group-00581,development
Basil_Plant_Unhealthy/IMG_20201217_151549.jpg,Unhealthy,300,300,6c116e8197c340fd28a36220a4c5a63021cb6849c6512141ebed71eb328d9c7e,6467601913259773099,group-00582,test
Basil_Plant_Unhealthy/IMG_20201217_151552.jpg,Unhealthy,300,300,8776fcd91626fc5cd136b0aed32211492f9d851b6a624c617b1a06fe1bc3f75b,250584788597759147,group-00585,test
Basil_Plant_Unhealthy/IMG_20201217_151553.jpg,Unhealthy,300,300,509be3a2d6ef4caebba32205d99b09d2044851314b2ab00cb4f323fc1697fcf4,250584805710519467,group-00585,test
Basil_Plant_Unhealthy/IMG_20201217_151555.jpg,Unhealthy,300,300,135b1fd2637932f8497b4806e4177b73ad473aca6a24c6bc8a8d8d8a16dee934,824793741622271147,group-00585,test
Basil_Plant_Unhealthy/IMG_20201217_151557.jpg,Unhealthy,300,300,5fc2c3e86061999525090ceb0ea8c758f0b64a029eec43bf8fc8dc20c5ec6afe,4265546027183798443,group-00586,development
Basil_Plant_Unhealthy/IMG_20201217_151600.jpg,Unhealthy,300,300,56c15ddde89884bb0b7d2cbf703dff689fd31e11fc463c8e0d210c2700f2c80f,3707029442080438507,group-00587,development
Basil_Plant_Unhealthy/IMG_20201217_151601.jpg,Unhealthy,300,300,8868c96fcac974608d8c0419e5ae689638dca6d9bf3a82844866ca115f82593f,230373262742141051,group-00590,development
Basil_Plant_Unhealthy/IMG_20201217_151602.jpg,Unhealthy,300,300,ef802ce11de2efb702890df4d177fc7909c57e6678b7da282ecac590a5852c91,230373262742141051,group-00590,development
Basil_Plant_Unhealthy/IMG_20201217_151604.jpg,Unhealthy,300,300,2610e84a22e5abb2171c0cc5fdb27c4688a83256b92c7747f075d7f9f21f03bd,806834015041370235,group-00590,development
Basil_Plant_Unhealthy/IMG_20201217_151605.jpg,Unhealthy,300,300,fc3df9c388123fef1b3067d000624803595c9407ae4386720305f82530371bd6,248353026630908027,group-00591,development
Basil_Plant_Unhealthy/IMG_20201217_151607.jpg,Unhealthy,300,300,08bf4450a90e0c8b04cab543f1a42c48639f956325982da0006d789f1548fb52,7351637123427138107,group-00592,development
Basil_Plant_Unhealthy/IMG_20201217_151608.jpg,Unhealthy,300,300,9895f4d22a95a274c3444d96c1245282ab289540f6a6f1166ed2bc787f38d547,1614051610467678779,group-00593,development
Basil_Plant_Unhealthy/IMG_20201217_151609.jpg,Unhealthy,300,300,0a3bbb6ddb05041198861efc5ae0c7cd9a6bc3bace05348f68eb3b896c6237bb,794396478829378107,group-00594,development
Basil_Plant_Unhealthy/IMG_20201217_151609_1.jpg,Unhealthy,300,300,6f667e1a79a476dc759d12a20c694a4b7f3f684e8544e6c71d7752b8d144a369,8963925790008965675,group-00595,development
Basil_Plant_Unhealthy/IMG_20201217_151610.jpg,Unhealthy,300,300,98b79ceac37191a1e9ebc6c8e27830abe449899ae4f052a39de8ba94bd39e22b,5259767872803199019,group-00596,development
Basil_Plant_Unhealthy/IMG_20201217_151611.jpg,Unhealthy,300,300,8251e01468136e0b50ce181c4ff04f4bc2f68c673398e0db5c517adf22db68c9,7378676312170191403,group-00597,development
Basil_Plant_Unhealthy/IMG_20201217_151612.jpg,Unhealthy,300,300,ac3dc44ef4cc18c60ec4e476a1fd475c2260d13054006eb36c89013277b6a02f,2766979299833969195,group-00598,development
Basil_Plant_Unhealthy/IMG_20201217_151613.jpg,Unhealthy,300,300,d4b181a6282371d2603fc59a1066f532ac782dfefae0d2640d8bbdb1fde78c72,5532217783195163435,group-00599,development
Basil_Plant_Unhealthy/IMG_20201217_151614.jpg,Unhealthy,300,300,c4630767ab0a789beaf556e112768462fb10e77d48301c33f6056d78c4fb6a12,8408839542957308203,group-00600,test
Basil_Plant_Unhealthy/IMG_20201217_151615.jpg,Unhealthy,300,300,3e113305c622e2313c4a45a3d1c922fd2ec55d97205ce84aa24bbdc8956fa010,3691574019986582571,group-00601,development
Basil_Plant_Unhealthy/IMG_20201217_151616.jpg,Unhealthy,300,300,065416bc83fe97faafcc5b30498ba27ef20bdfbce9d1aaa823c037f04fd5da40,3682549228816321707,group-00602,development
Basil_Plant_Unhealthy/IMG_20201217_151617.jpg,Unhealthy,300,300,368e8b68c3e96536ca00607d81b33f91d5fb2b76282217c3b4061005bf0f1b41,3680288651213556907,group-00603,development
Basil_Plant_Unhealthy/IMG_20201217_151620.jpg,Unhealthy,300,300,9659d60817a869c53de3b745a8a6ff6b7e8afac4d8b05b3ef93e9f8d7b9dba24,4346478354964102715,group-00604,test
Basil_Plant_Unhealthy/IMG_20201217_151621.jpg,Unhealthy,300,300,edf796ae9c3d47f4de35ee8849b1ca811053007d9b3b5b52035b3ba73fcf50ef,2051610395940961851,group-00605,test
Basil_Plant_Unhealthy/IMG_20201217_151622.jpg,Unhealthy,300,300,c7e645f6b398f74304987c0d1e496e5f280322a14b64af441a915deb2e184d60,449511534923038270,group-00606,development
Basil_Plant_Unhealthy/IMG_20201217_151623.jpg,Unhealthy,300,300,6dedf86cc7f37425af2868bf852798b28cda41d7fccf3906198e1bf99b30f30f,5537309096889760826,group-00607,development
Basil_Plant_Unhealthy/IMG_20201217_151624.jpg,Unhealthy,300,300,7d32323ede78da837e92b9bc39ab4ea095943455287325416379523141fe840a,350428963520331323,group-00608,development
Basil_Plant_Unhealthy/IMG_20201217_151627.jpg,Unhealthy,300,300,f56182d7516f8c9459f8064d28c103a0316e58f2127d46072ec61c3f9b82763f,807013894978743870,group-00609,development
Basil_Plant_Unhealthy/IMG_20201217_151629.jpg,Unhealthy,300,300,bd5add53270078eb64ca0e68ce8f81042f2a9ffcc3262e0a18dbed6d46e138b2,2334162964776954923,group-00610,development
Basil_Plant_Unhealthy/IMG_20201217_151630.jpg,Unhealthy,300,300,0d4415f0904fa5349d03bc0a15ef7a0750249fb563d8fa40e75fe02711c1d691,3526561266143538219,group-00611,development
Basil_Plant_Unhealthy/IMG_20201217_151631.jpg,Unhealthy,300,300,776331ff99623e944e02c8107358a1792cf4745472b649ec69a935d4733800ce,2140596346003078715,group-00612,development
Basil_Plant_Unhealthy/IMG_20201217_151632.jpg,Unhealthy,300,300,115d3d136d2cb0666590c269e6b0ccd7267b1bd35c6c8b6a90778b61e7ee753f,1655646229971221562,group-00613,development
Basil_Plant_Unhealthy/IMG_20201217_151635.jpg,Unhealthy,300,300,04ce73afbf01a7cb3f3dd478f81c7c3d2e849e1fa64fb4c5b6770acf7d598662,2636462149610208366,group-00614,development
Basil_Plant_Unhealthy/IMG_20201217_151636.jpg,Unhealthy,300,300,fe25eb7a38d40a9d6047a3fc5141ae6756d511a294315376f05457cad8a42bfc,7027331048808606846,group-00615,development
Basil_Plant_Unhealthy/IMG_20201217_151636_1.jpg,Unhealthy,300,300,1667d098886cf2a5a47b835d090d3b6f3404980de4e03b311823c680638a083a,712024322315611258,group-00616,development
Basil_Plant_Unhealthy/IMG_20201217_151637.jpg,Unhealthy,300,300,68fac7152a46807c976b67cf74d178a27f4e5c75a36b55110c5fe7495ea1d77e,2819696027858073979,group-00617,test
Basil_Plant_Unhealthy/IMG_20201217_151638.jpg,Unhealthy,300,300,a37b2f1cbb91033514a47e6d3433d2ecde7ec9beec46691c8cc1557412201c3b,2748310919397468539,group-00618,development
Basil_Plant_Unhealthy/IMG_20201217_151639.jpg,Unhealthy,300,300,e4d3872a0a1c97150c840ecfc427138e91d5474d279fc550e652e691af31cafc,3184524980004285563,group-00619,development
Basil_Plant_Unhealthy/IMG_20201217_151644.jpg,Unhealthy,300,300,ad19cb1f6a45025a243185a977141c26f4701a89694ec2d4300f12e35d6941eb,3508817052395010859,group-00620,development
Basil_Plant_Unhealthy/IMG_20201217_151645.jpg,Unhealthy,300,300,1a605bb7eabaf61f6a242917f8e79539cb604a82e625eed2ce86cccb7ef6daa0,3185758578278818667,group-00621,development
Basil_Plant_Unhealthy/IMG_20201217_151647.jpg,Unhealthy,300,300,e7d8cd77ba9650d279901ec1c108ee6a89e5978ea0d1fe42d2e89ac7eb4a7110,1391127013807766315,group-00622,test
Basil_Plant_Unhealthy/IMG_20201217_151648.jpg,Unhealthy,300,300,82679e7d75e3c8b4b555fc44ae78cb887598ce70fe9f05c3bf2d5f4a94539fb0,8013200108773313323,group-00623,development
Basil_Plant_Unhealthy/IMG_20201217_151650.jpg,Unhealthy,300,300,902237e12b96fa32393ae0f35078ab61fafdad31fca03a5c5f41b1425e84e56c,2621961195166251819,group-00624,development
Basil_Plant_Unhealthy/IMG_20201217_151651.jpg,Unhealthy,300,300,7017f0218f1cc09cbe96c24caa0e005f3f7eff794e4f11f19a3c5ba4a2e1c69f,928200585556945390,group-00625,development
Basil_Plant_Unhealthy/IMG_20201217_151653.jpg,Unhealthy,300,300,857b3f1ac0d2748faea1d5c100eb48979338fbb6ed73ab9e449a93b209c6c36e,2781119982107245630,group-00626,test
Basil_Plant_Unhealthy/IMG_20201217_151655.jpg,Unhealthy,300,300,0604d7ca6d60f61677a9a52c6ae181aa216f258775d76398e4f3a1b65fa2d45d,8652002604215660158,group-00627,development
Basil_Plant_Unhealthy/IMG_20201217_151657.jpg,Unhealthy,300,300,cd131ea417da5a408db12e01e38a0dfda7fc96081d2180f5eb72fab00092588e,8653161489203416702,group-00628,development
Basil_Plant_Unhealthy/IMG_20201217_151658.jpg,Unhealthy,300,300,6ae85780e840c27ed27a5e583e025260c665e1dfef1dd589c76f4db7d4cdcbc5,7521628127430119038,group-00629,development
Basil_Plant_Unhealthy/IMG_20201217_151700.jpg,Unhealthy,300,300,e06f7bd4606da68947adc0ccd3433bc917f1b78737d27a990dfb1d1d3c9c1f8d,2435152605289844286,group-00630,development
Basil_Plant_Unhealthy/IMG_20201217_151701.jpg,Unhealthy,300,300,ea0d638d4497717cbc687a3bc9391e005c496b87c49146d26d7770e452a4d3a2,469371648030219838,group-00631,development
Basil_Plant_Unhealthy/IMG_20201217_151703.jpg,Unhealthy,300,300,8cfffb489be7d744900b608bc342c9c01af2594775ccbcc19d0008e862cfea2c,253260700697955966,group-00632,test
Basil_Plant_Unhealthy/IMG_20201217_151705.jpg,Unhealthy,300,300,4d0a494a982bd800ce0a0e0e864b3172dfa5beac8e980a5182b0abf04d855515,5927208824954625598,group-00633,development
Basil_Plant_Unhealthy/IMG_20201217_151705_1.jpg,Unhealthy,300,300,06f072e078237db1d2ae36ea08c6b68fce0d8a53fd7e2f469da1c9cda477f64e,5931676149221105214,group-00634,test
Basil_Plant_Unhealthy/IMG_20201217_151707.jpg,Unhealthy,300,300,65ae86d8adde485ec5ae56331a7c58b784ba14c08fcbe6cf9b29f12a5ceca7ed,2739811091924377150,group-00635,development
Basil_Plant_Unhealthy/IMG_20201217_151708.jpg,Unhealthy,300,300,181b3873f11ba382001d041efda46e3b72495e83ad8064222f4409cd12475762,2440431834401789486,group-00636,development
Basil_Plant_Unhealthy/IMG_20201217_151709.jpg,Unhealthy,300,300,fca15498f7289967be02237d8dfe7dd6815cc54760fcc5337439c82ca3ad2e71,7417617719140406846,group-00637,test
Basil_Plant_Unhealthy/IMG_20201217_151710.jpg,Unhealthy,300,300,8244214b1b66c33ac45b9acf1a5fb53e8e3adf8ff814b7c8def2710b3694d064,2955989766016128747,group-00638,development
Basil_Plant_Unhealthy/IMG_20201217_151716.jpg,Unhealthy,300,300,58e4d6b72aa7aca04b2d4d3a86dc077714558f865984de3f77ff102dffa522f9,2970575036856452779,group-00639,test
Basil_Plant_Unhealthy/IMG_20201217_151718.jpg,Unhealthy,300,300,aeb895ee0962a598078e19f2503e6a5496c2ab0c0801748604dfd84080a3e1e0,1741086359929275627,group-00640,development
Basil_Plant_Unhealthy/IMG_20201217_151720.jpg,Unhealthy,300,300,a18333484aff6c96f57da14a83f08a7ac2ea3b99549020db256b7857189409ab,6357178529152287982,group-00641,development
Basil_Plant_Unhealthy/IMG_20201217_151723.jpg,Unhealthy,300,300,24ec14033c39db979b4a2ab36c6b04e7f1986e13ce36958a636de0167a7ae08f,4813006810906412270,group-00642,development
Basil_Plant_Unhealthy/IMG_20201217_151724.jpg,Unhealthy,300,300,4a4fd7b305fc4dcddbb56b4ac174dae162e5d3e3d4a42acb7b425df2de1dbeac,453026521428319471,group-00643,test
Basil_Plant_Unhealthy/IMG_20201217_151725.jpg,Unhealthy,300,300,d45ac77480cc68b66735ef559e540ca78d33e9c1059b138b4a466c5bd9262150,6645395710354447599,group-00644,test
Basil_Plant_Unhealthy/IMG_20201217_151727.jpg,Unhealthy,300,300,911a13830a85bc2a8edbf0a99bfdf91751957f206ba18afefc8330fca3397d3d,8950957948834923758,group-00645,development
Basil_Plant_Unhealthy/IMG_20201217_151728.jpg,Unhealthy,300,300,9603e4b3042fba5147d7e66689d4d3ffa831e03d9d06c79479c32aa1d9494320,8680728502175515886,group-00646,development
Basil_Plant_Unhealthy/IMG_20201217_151730.jpg,Unhealthy,300,300,3ab55de026b9c1387e27f196f6ed35aac0aae84d277e5894ee868135eaa5f2af,4338290899613435119,group-00647,test
Basil_Plant_Unhealthy/IMG_20201217_151735.jpg,Unhealthy,300,300,e25bf8808710de308ebd5048d17e841d2297991ecd315811e57ae3824f3062b3,1278525348790783659,group-00648,development
Basil_Plant_Unhealthy/IMG_20201217_151736.jpg,Unhealthy,300,300,1349c76be501439e1a4fd82c270cde77f224f7c0914a8729521cb76920d2de90,5813650264015621547,group-00649,development
Basil_Plant_Unhealthy/IMG_20201217_151737.jpg,Unhealthy,300,300,922b2c6bebf9640f63029f87a96aafffa80a086c869d06ee8ca1f4cb1cac2d09,8191553072716154283,group-00650,development
Basil_Plant_Unhealthy/IMG_20201217_151738.jpg,Unhealthy,300,300,c36215b03d324fc168e9c05a32d78051c00cffa3a7cd6f4f8fa5e426cdf3521c,7047636696938173627,group-00651,development
Basil_Plant_Unhealthy/IMG_20201217_151740.jpg,Unhealthy,300,300,4dc2fc25f79e9d72d369eb1b83261ed4a766a63255665a190e8ea7c7d8d70d59,7053195699197939899,group-00652,development
Basil_Plant_Unhealthy/IMG_20201217_151741.jpg,Unhealthy,300,300,e2ff2984ff849b6f238153d9318ca2755d88d6b3231d5ca6ba7c64ed41a769a7,7184644513254707390,group-00653,development
Basil_Plant_Unhealthy/IMG_20201217_151742.jpg,Unhealthy,300,300,da635b7dc0c4c54bda2981429874e146e913a9884455b971b18d486c81b2b528,7204664322088358590,group-00654,development
Basil_Plant_Unhealthy/IMG_20201217_151744.jpg,Unhealthy,300,300,6e4686bb74eef3253ea401b35f91ce6b2f5855be99653633241340e1f771c1b7,7034196060025230266,group-00655,development
Basil_Plant_Unhealthy/IMG_20201217_151745.jpg,Unhealthy,300,300,440c31ba296ad86117653fa76431fd48421b9eca601f17ce10176e55efbb5ca8,7044681004518330814,group-00656,development
Basil_Plant_Unhealthy/IMG_20201217_151748.jpg,Unhealthy,300,300,ced76db589e64e3d37d0192429fbd096cf68aa4775562783881cd38b2cc7f0a7,3342742177634890387,group-00657,development
Basil_Plant_Unhealthy/IMG_20201217_151749.jpg,Unhealthy,300,300,ba06f24fac2a814b649517bc6488f17f43a649a9850f634c3f7eae2fdc9ff0e5,2767125850320319379,group-00658,development
Basil_Plant_Unhealthy/IMG_20201217_151752.jpg,Unhealthy,300,300,2f60c79f87858d64096e36dff41c20b24c49f812b0087f881b70a00efa8390b4,3414175094933987679,group-00659,development
Basil_Plant_Unhealthy/IMG_20201217_151753.jpg,Unhealthy,300,300,effbd922b91b49a9cf861ddb0d21a4165dfd268c99b510d1b502082f5cd7b87d,1036283287255294431,group-00660,development
Basil_Plant_Unhealthy/IMG_20201217_151754.jpg,Unhealthy,300,300,a58930bb4b880c9710cbfc553a1b755403fee0272fe8e23e40fbd4a54ff79100,3404103567807000851,group-00661,test
Basil_Plant_Unhealthy/IMG_20201217_151755.jpg,Unhealthy,300,300,62f1ac825dedacfcecccd13d8288d354c5ddeb2681ce3c57e46384e306b3148d,1087775633511463195,group-00662,development
Basil_Plant_Unhealthy/IMG_20201217_151755_1.jpg,Unhealthy,300,300,2703e5836c14767d1727597a95ece62b6d3b3e83f3ec0f25af5554d84950f9c6,1540458090682825163,group-00663,development
Basil_Plant_Unhealthy/IMG_20201217_151759.jpg,Unhealthy,300,300,869ce34841951e4b5d2110835c751428d1be1bbb0358b2f4942505496cddefeb,6323802182703576605,group-00664,development
Basil_Plant_Unhealthy/IMG_20201217_151801.jpg,Unhealthy,300,300,241372564f71d66a9afeb08840c3d9cc565454ef79249ef648f760fbeea3babd,4351547004054553003,group-00666,development
Basil_Plant_Unhealthy/IMG_20201217_151802.jpg,Unhealthy,300,300,eb859825f9c28729c645667f1e098ea4447a4692212f2ba814bcf31dd1264047,2189810386832081323,group-00666,development
Basil_Plant_Unhealthy/IMG_20201217_151803.jpg,Unhealthy,300,300,d4b9b190fb08ba01028d22bc1de3258e3f426ecd4102cb628f665fee15efa50f,2145434006686237099,group-00667,development
Basil_Plant_Unhealthy/IMG_20201217_151806.jpg,Unhealthy,300,300,2bb0556aa03ba260b2bdabea900178a624c58603c83cffcb8eb058c34bf8e4c7,3611014812077883819,group-00669,test
Basil_Plant_Unhealthy/IMG_20201217_151806_1.jpg,Unhealthy,300,300,0d0675f5334c699db9846111d8b051581cac13949c4599e7455852addbd62b7a,8294723240171045291,group-00669,test
Basil_Plant_Unhealthy/IMG_20201217_151808.jpg,Unhealthy,300,300,79163d6d7486577bbe7ccd273b61711d3679ace27d1efe3053c4a3cbc9b5792f,8184807261832642987,group-00671,development
Basil_Plant_Unhealthy/IMG_20201217_151808_1.jpg,Unhealthy,300,300,67360b0320869667eb09e0fa32e4172b4445fdfe80167ebe597dc06a174085a3,8184877630576820651,group-00671,development
Basil_Plant_Unhealthy/IMG_20201217_151809.jpg,Unhealthy,300,300,97df07a5127e96f18336300c6c0c9f3159632d9516979721624b94f8002ce96a,1136704107269820843,group-00672,development
Basil_Plant_Unhealthy/IMG_20201217_151810.jpg,Unhealthy,300,300,58e8a73c98265031df080a76db5428cd7e3ae804d18e2d501871bd30a0eab4ec,5640299438217298347,group-00673,development
Basil_Plant_Unhealthy/IMG_20201217_151811.jpg,Unhealthy,300,300,161fb3e539e0248591de07e3fb9635b29f0da2e7bcf685282ef84b3e19ec616c,2050260091861615019,group-00674,development
Basil_Plant_Unhealthy/IMG_20201217_151823.jpg,Unhealthy,300,300,6baf81ef20a0631cd60dc56765252882aa5921b442ef699ed86fa8b8865d30a1,3593357947995820971,group-00675,development
Basil_Plant_Unhealthy/IMG_20201217_151828.jpg,Unhealthy,300,300,66e16e4d3ac2e6c4301bb08e21d20531a27ba8470ff5e1510648c502474a2fa1,2585530109712767518,group-00677,test
Basil_Plant_Unhealthy/IMG_20201217_151833.jpg,Unhealthy,300,300,665726f1721c6044435c8150b9d00018fc6455de9c3861442efd33077814aec7,7179197331651271198,group-00677,test
Basil_Plant_Unhealthy/IMG_20201217_151834.jpg,Unhealthy,300,300,e4790b397e6ee441147f05cec53035538ba26c05cc1f5f486793cba9f0ab521c,2243287128071051806,group-00678,test
Basil_Plant_Unhealthy/IMG_20201217_151835.jpg,Unhealthy,300,300,d3ada5adc75cfcdd40d277caf77bc1da1979660c526ac698ce2d81a5cd8de342,1085237233769893982,group-00679,development
Basil_Plant_Unhealthy/IMG_20201217_151836.jpg,Unhealthy,300,300,82e9aea750e901b8d69eebcd5d1e7a3963ede3c22d0c1b752915cc71f5170058,954388752984297566,group-00680,development
Basil_Plant_Unhealthy/IMG_20201217_151837.jpg,Unhealthy,300,300,6ee43b10dbafa0b12c1dffc51a97331d477bc8c0dfcfca4863454649b883a82a,5291425613884805234,group-00681,development
Basil_Plant_Unhealthy/IMG_20201217_151838.jpg,Unhealthy,300,300,52fe14227aaac43201a81395e96ea4ab0c0a2d9a01d4e6567e4c454efcfce629,4781393067888726258,group-00682,development
Basil_Plant_Unhealthy/IMG_20201217_151839.jpg,Unhealthy,300,300,5fc3bfa3c52fc3de6543c9edbbccbca2f36b88bdadf18d586467f3178a3ac9e9,466379493608493138,group-00683,development
Basil_Plant_Unhealthy/IMG_20201217_151841.jpg,Unhealthy,300,300,ee3dfb7725bf96a813ee6388d7be64ff8d5982514b17af5fdf7797777e999f0a,7548570901865529874,group-00684,development
Basil_Plant_Unhealthy/IMG_20201217_151841_1.jpg,Unhealthy,300,300,7043063bbfc182f21f12858cb28ab3ae5c19a8e2cf0a3f44ad28c98d8be6b141,4705639191140995762,group-00685,development
Basil_Plant_Unhealthy/IMG_20201217_151842.jpg,Unhealthy,300,300,5b292fca304f937c66293ccd028a743d3db7e4fb220a9c4e8b94160ab5237091,8737486620109673106,group-00686,test
Basil_Plant_Unhealthy/IMG_20201217_151843.jpg,Unhealthy,300,300,ecd08e9cdb6dfa7e59fdb4e900437d574e0256d11b7a1844d3a0eda396e06aae,8212188188110864986,group-00687,development
Basil_Plant_Unhealthy/IMG_20201217_151844.jpg,Unhealthy,300,300,4491375dc4abf2680057ab0eca8e30fe82c84150bda6b1a4e8df331d57bb0603,4432814879439452890,group-00688,development
Basil_Plant_Unhealthy/IMG_20201217_151845.jpg,Unhealthy,300,300,cf17bd00584b7b7b012b19a656cdcecb6c5dda6fb604b22270cd3fb747b9ea76,1132573562436436050,group-00689,development
Basil_Plant_Unhealthy/IMG_20201217_151846.jpg,Unhealthy,300,300,b1f3b6e4920103560c032234c96996f7bee7cebadef6c36f749a6adb8fc8eeae,987956997830509130,group-00690,development
Basil_Plant_Unhealthy/IMG_20201217_151847.jpg,Unhealthy,300,300,c5a92b0ce2057e071a11fd8ad7b663d335f187439ebf4e584f742b063087b674,9062620832313739978,group-00691,development
Basil_Plant_Unhealthy/IMG_20201217_151849.jpg,Unhealthy,300,300,b72c91706f781b9ee6bd7d1346f9b0df6ea5e3424b87eeca1c0a40987af52518,7947874235600177882,group-00692,development
Basil_Plant_Unhealthy/IMG_20201217_151850.jpg,Unhealthy,300,300,3855034784f307074365c2da8b7222e87f4519670361ff381f0930103b92af71,7477243744273533642,group-00693,development
Basil_Plant_Unhealthy/IMG_20201217_151852.jpg,Unhealthy,300,300,0f809de57b3a5bed47d9602a4523298701a0da69236122ff57c6d7fb9eea786c,7313990594695498924,group-00696,development
Basil_Plant_Unhealthy/IMG_20201217_151853.jpg,Unhealthy,300,300,7dae2c65bd05d015cc0a099ca0c32287c28e940f7ad38be49a04021592fd9a9a,8466909933565086892,group-00696,development
Basil_Plant_Unhealthy/IMG_20201217_151854.jpg,Unhealthy,300,300,e14695cf6dddc9594524e53e515fd5c48934b7c33d0464a870bcc91e083ff58b,7890451345925180588,group-00696,development
Basil_Plant_Unhealthy/IMG_20201217_151855.jpg,Unhealthy,300,300,ff9f75280181482b2702689a917bd971c8daa4b556f6f6895378f62f03c4f63b,7602256429018762444,group-00697,development
Basil_Plant_Unhealthy/IMG_20201217_151857.jpg,Unhealthy,300,300,c79dfc5bb3a94b72cb1da9c1e9116628fc8bee2951683a7ee1a6080744377656,4685339912612333772,group-00698,development
Basil_Plant_Unhealthy/IMG_20201217_151858.jpg,Unhealthy,300,300,fbd3e66f6d74747ab37db7dedfd1f745b9bc55d9d871ad2db661646112a24af1,3763805943928056878,group-00699,development
Basil_Plant_Unhealthy/IMG_20201217_151906.jpg,Unhealthy,300,300,2338d8ae2b5e766a86e5de6fbd60d249534d29f0fe71e8225564674fa202ee83,361329842608794796,group-00700,development
Basil_Plant_Unhealthy/IMG_20201217_151907.jpg,Unhealthy,300,300,d5dbc80fb493c047efeda5c11dc31014fa5bf1770c0fc46f491dee5569711a43,5006748430689993940,group-00701,development
Basil_Plant_Unhealthy/IMG_20201217_151908.jpg,Unhealthy,300,300,cfa2f671af181b42f02f7cbd5aaa02ce097d6975e57311ad8e6b23fbec791743,4696121552440509460,group-00702,development
Basil_Plant_Unhealthy/IMG_20201217_151909.jpg,Unhealthy,300,300,0f06ef8a9c9f9b1ef9b084e0a2a98028bafbc2bb590a2dfbdd9f3fc7a1e122c6,7137002043632632900,group-00703,development
Basil_Plant_Unhealthy/IMG_20201217_151910.jpg,Unhealthy,300,300,d040460a34af980abf4cba4be8bace0727fd50a03e255d9153136fb841aad65d,4084408317513942214,group-00704,development
Basil_Plant_Unhealthy/IMG_20201217_151911.jpg,Unhealthy,300,300,bd54c094b5779fe91497e98df47345bcc643dbd76babb3448bbf1f4d293bfaa9,2570635893032731844,group-00707,development
Basil_Plant_Unhealthy/IMG_20201217_151913.jpg,Unhealthy,300,300,239a120e2bcc958149d6119804ba567d04e9332d35967a951938b1bf9595b48a,264775291637187750,group-00707,development
Basil_Plant_Unhealthy/IMG_20201217_151913_1.jpg,Unhealthy,300,300,1ba9bb84f1741dd0acdaec8ca98586ff7a77c2fc602718ae95f9eacaa5bc0de6,265338241590609092,group-00707,development
Basil_Plant_Unhealthy/IMG_20201217_151915.jpg,Unhealthy,300,300,90516036aa00e6964669e6241af81a1693399ada857242ddd87872bdfec32b87,1407246900261151974,group-00708,test
Basil_Plant_Unhealthy/IMG_20201217_151916.jpg,Unhealthy,300,300,5eb1407c5f9de9782909e9a2cd0c7dfc9433777d515c93f89dd658ffe70b57aa,695669295265461990,group-00709,development
Basil_Plant_Unhealthy/IMG_20201217_151917.jpg,Unhealthy,300,300,48799b105bb117ec250a0d9e0c63d56a78520845fd4de86a0d44685f1fd11e3c,1839581677004371638,group-00710,development
Basil_Plant_Unhealthy/IMG_20201217_151918.jpg,Unhealthy,300,300,da0ab5dae580a735d49b45dbc3cd56630a07e775b3d40caa1938d2f366f195e6,834225627959236278,group-00711,development
Basil_Plant_Unhealthy/IMG_20201217_151920.jpg,Unhealthy,300,300,20c1896492925dac03df98cf0b771a0820aaac918cd5877331dab3d68fe299ef,6994024172981162642,group-00712,development
Basil_Plant_Unhealthy/IMG_20201217_151920_1.jpg,Unhealthy,300,300,ae1d3d912621ce12cfa1407ac03402e5cc548b0305e0ee9923b1d7856c7bb63c,3427104822699086354,group-00713,development
Basil_Plant_Unhealthy/IMG_20201217_151922.jpg,Unhealthy,300,300,003a690345a15549a84f873de6ce3752f8823dec7974d73982f80620067c3f55,2865843619424172650,group-00714,development
Basil_Plant_Unhealthy/IMG_20201217_151924.jpg,Unhealthy,300,300,829c1430bfa368ec71555c3f8a3c832dd8f4fed52b1d4bc7580bce00a5276283,7188193428013103658,group-00715,development
Basil_Plant_Unhealthy/IMG_20201217_151926.jpg,Unhealthy,300,300,24094534ad57b83f4631cb541a8a296a14851abaa946222f340441a7c36baa34,7650394258942587972,group-00716,development
Basil_Plant_Unhealthy/IMG_20201217_151927.jpg,Unhealthy,300,300,ead7d71317e335dcbd3ab21f168ae0a8eb52ad4c5185e5fbdfd5cc82e3db093f,1126965538349761556,group-00717,test
Basil_Plant_Unhealthy/IMG_20201217_151928.jpg,Unhealthy,300,300,b27e979886d0d3571f90e52d25b5160c03497a6f2f159be425d54128d48d5da5,3315656305843743908,group-00718,test
Basil_Plant_Unhealthy/IMG_20201217_151929.jpg,Unhealthy,300,300,03b734793f90f62cded38d0c57b0d1d18af822680a6e60b504398c90146b0b0a,5838784116346423544,group-00719,development
Basil_Plant_Unhealthy/IMG_20201217_151930.jpg,Unhealthy,300,300,1c153d95d58038078cd50b3f608405ac8e4f48d3f082e3d03c95501be2565e84,195791512560056464,group-00720,development
Basil_Plant_Unhealthy/IMG_20201217_151931.jpg,Unhealthy,300,300,d5d45a668aa537b77ca5fafa6d1dbcab9da706ea88a253f7c94f43383cd5c108,49433311771079056,group-00721,test
Basil_Plant_Unhealthy/IMG_20201217_151932.jpg,Unhealthy,300,300,e4cf9b88f9b2bf47b69b4c70e07a263b254bec31376bccf7f2895eefbc99972b,130603931983905488,group-00722,development
Basil_Plant_Unhealthy/IMG_20201217_151933.jpg,Unhealthy,300,300,b96d838a9e3879b4be3b03398310be9404588b7041a4a2414f541b6447617bd5,3826822791406277332,group-00723,development
Basil_Plant_Unhealthy/IMG_20201217_151936.jpg,Unhealthy,300,300,7f1d0905d29d168cf2ce0d63f5944518dcebe163b250dd3cd665823980769ead,2054140393873412587,group-00724,development
Basil_Plant_Unhealthy/IMG_20201217_151937.jpg,Unhealthy,300,300,d76ac89a378db37a0d9fa818da5bfe42c7db505d4fa51c456def53c6ab0beb63,1768122341265461499,group-00731,development
Basil_Plant_Unhealthy/IMG_20201217_151938.jpg,Unhealthy,300,300,4896d437236a6c7c62d32248f750ac22dd3caecb98892b2529371792981eb431,1769213056800215291,group-00731,development
Basil_Plant_Unhealthy/IMG_20201217_151939.jpg,Unhealthy,300,300,8af900aa8a4637e54e3cd3603007068b4af7afda79c7434c22ec0539ff1906c5,1841305834136490171,group-00731,development
Basil_Plant_Unhealthy/IMG_20201217_151940.jpg,Unhealthy,300,300,6138038b80161bacee9cae35b9dea779b89a4c7886d3748493c8bbc3320fc865,976614703533871355,group-00731,development
Basil_Plant_Unhealthy/IMG_20201217_151941.jpg,Unhealthy,300,300,46271b759e12250490c8823e39b1ab08505272f435ae75dfa932ffeb5a3573e0,1841305831989006587,group-00731,development
Basil_Plant_Unhealthy/IMG_20201217_151942.jpg,Unhealthy,300,300,203d273d27aca057faef14f5c3ef5fcd85cf5d42684372070a8458e0df0561ec,1841305831989006587,group-00731,development
Basil_Plant_Unhealthy/IMG_20201217_151943.jpg,Unhealthy,300,300,2d8ac6c9c501296d21c0b065c675bb8689976246c66da3c11f370336c594028f,1786101555939660027,group-00731,development
Basil_Plant_Unhealthy/IMG_20201217_151950.jpg,Unhealthy,300,300,5c0e06c4043daf034256eaf5d51c92a9b037c07cbfbd0c26d9cff8e7a657dae9,3905495018772025594,group-00734,development
Basil_Plant_Unhealthy/IMG_20201217_151952.jpg,Unhealthy,300,300,1da9cd5bb5744c5339178a3ea74be26a188e33240bcb9f923e5fc06e9db72a34,3905495018837037306,group-00734,development
Basil_Plant_Unhealthy/IMG_20201217_151952_1.jpg,Unhealthy,300,300,e9e2472ade4b5c26351c03a8c3ec64209b3f5601040e6e31f22bdb4b42c614cf,3905495018838872314,group-00734,development
Basil_Plant_Unhealthy/IMG_20201217_151953.jpg,Unhealthy,300,300,4b8532f12a0c79afeeaaa2459f2b7f37dcdbf4afedca392c72a4b5e649b72992,1369968837909445882,group-00735,development
Basil_Plant_Unhealthy/IMG_20201217_151956.jpg,Unhealthy,300,300,9202d8faf6bd5743f32e517455fa9ff7fd407a61173af7e5b9ccc881bb870e64,8946162093759824378,group-00737,test
Basil_Plant_Unhealthy/IMG_20201217_151957.jpg,Unhealthy,300,300,5e27fa9557b4987d48bb1d171f8ebb705596eaa91d21ce3c811bcf5c9724ff35,8504809330277532154,group-00737,test
Basil_Plant_Unhealthy/IMG_20201217_152000.jpg,Unhealthy,300,300,aea5d1be75ff5eefa055dd0708635d2cadcf8a98d5b5ac8ebab8c9fce766321d,1119664138073162234,group-00738,development
Basil_Plant_Unhealthy/IMG_20201217_152001.jpg,Unhealthy,300,300,f006f4414f317c046c4ee48ecb676255bf445d88f8acdd1636c0aa5b75da94f0,5015277814691807738,group-00739,development
Basil_Plant_Unhealthy/IMG_20201217_152004.jpg,Unhealthy,300,300,541dff34d525bd90007660e79f03072df43fb17eb61604d82816c12a026776f8,4140614649871991995,group-00744,development
Basil_Plant_Unhealthy/IMG_20201217_152005.jpg,Unhealthy,300,300,dcdbd570536ccdb30d3c75895246f6f82ad1892c91f6dd5b6080ce5ab591d29a,4140544281128862907,group-00744,development
Basil_Plant_Unhealthy/IMG_20201217_152007.jpg,Unhealthy,300,300,f99079230c7ee70d9d550962b1c9de28d23fdba8d259312ca45b9c4859e457a1,8788256897483818171,group-00744,development
Basil_Plant_Unhealthy/IMG_20201217_152008.jpg,Unhealthy,300,300,6be497bc4232805dc776fa93b6a517b2f3ea36e49235ce3dd4ba2405404fc17d,4176643446823847099,group-00744,development
Basil_Plant_Unhealthy/IMG_20201217_152009.jpg,Unhealthy,300,300,f9e1838e90ab950e5629855900994d0098e0774619100322e654a7348c6c6317,4176571430959711419,group-00744,development
Basil_Plant_Unhealthy/IMG_20201217_152012.jpg,Unhealthy,300,300,0b40f9284c1b1ef2a1066c253601ce6e5ff28b361639d922d8f03af93d90a937,8725409346090844651,group-00746,development
Basil_Plant_Unhealthy/IMG_20201217_152013.jpg,Unhealthy,300,300,be9bf8cfe018b8840678cc73871b11a4e38d2ab1ec2a3a63206ad4df06e79426,8725416630355378667,group-00746,development
Basil_Plant_Unhealthy/IMG_20201217_152014.jpg,Unhealthy,300,300,43cd49dc7f0d40f77f388578e8adb09669030f667ed26e53a207c0b5ca6bdae4,7149052857335808427,group-00747,development
Basil_Plant_Unhealthy/IMG_20201217_152015.jpg,Unhealthy,300,300,44403c86237fb303cd31c27c7318c60c79bf1d6b7ac3bc9e4bf18a8773f364e5,3536603298305806763,group-00748,development
Basil_Plant_Unhealthy/IMG_20201217_152015_1.jpg,Unhealthy,300,300,b82cd40646bc93a5c8857e516e78a63ce58f32e867621dbbd4cb352482e29e79,3519042447399080363,group-00750,test
Basil_Plant_Unhealthy/IMG_20201217_152017.jpg,Unhealthy,300,300,29c35824081bca997274deb9a04bd89ba5434dff2961bb32daa35be576440318,4100006799329870251,group-00750,test
Basil_Plant_Unhealthy/IMG_20201217_152018.jpg,Unhealthy,300,300,3471bf9dfef66ebc292ebbe1d4892b7231f2d9e62609b6055f496a75e830f1b6,4050466929641406891,group-00751,development
Basil_Plant_Unhealthy/IMG_20201217_152019.jpg,Unhealthy,300,300,1d48c49b01615ea9cdaab3748be9ac4562892e29cb7251026e4a06b15dd8a0f3,4131600442133987755,group-00752,development
Basil_Plant_Unhealthy/IMG_20201217_152021.jpg,Unhealthy,300,300,52f321450debb36491689284ef2e15f04c1fd4b66461b07695ca9c8febd705de,7140168270701806763,group-00753,development
Basil_Plant_Unhealthy/IMG_20201217_152021_1.jpg,Unhealthy,300,300,10fa8086c2e33525eb978683109712a12b4c945198d9ea878ae66318b88966f8,2438315960182182379,group-00754,development
Basil_Plant_Unhealthy/IMG_20201217_152022.jpg,Unhealthy,300,300,b16eaa57c9c1d165ac573c22ae02ddb1a0ce933aeab516cd61d37acf39f76bd0,2577998076087304619,group-00755,development
Basil_Plant_Unhealthy/IMG_20201217_152024.jpg,Unhealthy,300,300,a7eceadc1b96128d810133063b8447f1334ea64939ed251ee3b1ea3393e5af96,7572771738559578539,group-00756,development
Basil_Plant_Unhealthy/IMG_20201217_152025.jpg,Unhealthy,300,300,d7d7d913eae76a6c4fb322d32f2f6e08e6e9ecffc191ef52edc2a99ade19b056,7715725568618399147,group-00757,development
Basil_Plant_Unhealthy/IMG_20201217_152027.jpg,Unhealthy,300,300,85a02eea19b582c0bb648d4ab9e0a6e415f97bad696cefd87016e054cb93072b,7140113914133874091,group-00760,development
Basil_Plant_Unhealthy/IMG_20201217_152028.jpg,Unhealthy,300,300,ef87ce843c5cec673ed72aa3412bca69b222dc862aa47c17a118c6c43cd11f3c,7140113982316479915,group-00760,development
Basil_Plant_Unhealthy/IMG_20201217_152029.jpg,Unhealthy,300,300,a62ffcbe7b97dc854d07ef39b1b8b189935cee312bb1a55d58b0aa09f81441cf,7014013192750106027,group-00760,development
Basil_Plant_Unhealthy/IMG_20201217_152030.jpg,Unhealthy,300,300,53a84128b19ce3d781647bd52c1f4026a0985201c1dd08dc7d71dc4f566e1943,8672393318600410539,group-00761,development
Basil_Plant_Unhealthy/IMG_20201217_152031.jpg,Unhealthy,300,300,4afb057ac7e481555a4966d3a862a5a6411bafb49a21d6a30800d492c5896024,3807808492763809195,group-00762,development
Basil_Plant_Unhealthy/IMG_20201217_152032.jpg,Unhealthy,300,300,93cfc75e63f4a2f68eacf0c086385cbc76a6ad633d3c10c3e09db114cfde198b,2043585186736047531,group-00763,development
Basil_Plant_Unhealthy/IMG_20201217_152034.jpg,Unhealthy,300,300,4b2cad6b49f968314ad6aea8d0f2b29f8b25af7979325a7c1931e56d8a77526e,2051497139265537451,group-00764,development
Basil_Plant_Unhealthy/IMG_20201217_152035.jpg,Unhealthy,300,300,68f57bdf3de2febf7c38c15e36abb939efae072bf27ffe953bbedf82452dfc66,4357342343176013227,group-00766,development
Basil_Plant_Unhealthy/IMG_20201217_152036.jpg,Unhealthy,300,300,54d5243de4fdfcc35e77c8a18b4d443af311b38583b58a129a57b78d324c7118,4348335148216239531,group-00766,development
Basil_Plant_Unhealthy/IMG_20201217_152037.jpg,Unhealthy,300,300,3335601146d1642e138a544ab9f4fc4235cb62f9d826a16b497bdbafc6755297,3772153792127517099,group-00767,test
Basil_Plant_Unhealthy/IMG_20201217_152037_1.jpg,Unhealthy,300,300,c203aec2040c65f981fa7e8977b3ff831789a0602bde7a65d5f06dc9cc372a21,8144163867886567851,group-00768,development
Basil_Plant_Unhealthy/IMG_20201217_152039.jpg,Unhealthy,300,300,8c58e069965d7145848f5a44426b302e0a5bddf0905919a0b453b74e49268c6b,8086362632371977454,group-00769,development
Basil_Plant_Unhealthy/IMG_20201217_152041.jpg,Unhealthy,300,300,c5f7983abcdd4b85acd193323f7ab9e13ca20069cec97a8f74e6462817b27cb7,8663808544946404542,group-00770,development
Basil_Plant_Unhealthy/IMG_20201217_152042.jpg,Unhealthy,300,300,0e37e528a4ffc37b6e55f0c1193c674dbc5d88576bb52d06359815c1600b9fb8,4214321933166451898,group-00771,development
Basil_Plant_Unhealthy/IMG_20201217_152046.jpg,Unhealthy,300,300,a75a76eac6fa5173d5cdd5eadbeeda3a9017d7a45da65a12a7290304e04a88d8,2070733943951057323,group-00774,development
Basil_Plant_Unhealthy/IMG_20201217_152048.jpg,Unhealthy,300,300,086a16c34ec48183fc7f1187dfba097b4966636b0742dd86e93fda713e444f75,2070725150005518763,group-00774,development
Basil_Plant_Unhealthy/IMG_20201217_152049.jpg,Unhealthy,300,300,659f262589513eeb80eec3856e59c85c2886d1e19432ce3ba3fcc619970db7fb,2071015418927735211,group-00774,development
Basil_Plant_Unhealthy/IMG_20201217_152050.jpg,Unhealthy,300,300,e8d7cfb40c681bc8364b66ab65e9907598b150bb010b7f8faae0716227de76c8,1871801512750170539,group-00775,development
Basil_Plant_Unhealthy/IMG_20201217_152051.jpg,Unhealthy,300,300,012f2b1f6bea1ca8b6b917f0bfe6d152fbf69a0273666dc85d6089f9f0caeb22,2141911938349883819,group-00776,development
Basil_Plant_Unhealthy/IMG_20201217_152052.jpg,Unhealthy,300,300,d3cde316a8b9dd880a3dcb7ee956cfcdd20e8c07dff390ae53226c824990e51d,1851526520783454635,group-00777,test
Basil_Plant_Unhealthy/IMG_20201217_152052_1.jpg,Unhealthy,300,300,7c70091a139d7969fdf89334201e5a16a90d61d41e24713c79e952270f46e239,6213960578349337007,group-00778,development
Basil_Plant_Unhealthy/IMG_20201217_152054.jpg,Unhealthy,300,300,9f3ad110035b53d64b06386040f2d33b70e5da7b7a66b0e98cdf7a6cc1b11376,6659105189959797163,group-00779,test
Basil_Plant_Unhealthy/IMG_20201217_152054_1.jpg,Unhealthy,300,300,d44149753f053079ab7632ab557bb9c74b5bceec26f8022ac5a78f33a744d80c,8122510799585378731,group-00782,test
Basil_Plant_Unhealthy/IMG_20201217_152056.jpg,Unhealthy,300,300,050f85000a8464bcfc3bf397d406685711c1ed92a241ec4ad6187c07238b9857,8122510874730529195,group-00782,test
Basil_Plant_Unhealthy/IMG_20201217_152056_1.jpg,Unhealthy,300,300,1d38f4b214abe8800a9d20696ead174932c4a0bc8bcdd53ea001bc04e8d43eb9,8123636705917895083,group-00782,test
Basil_Plant_Unhealthy/IMG_20201217_152058.jpg,Unhealthy,300,300,523ff4f431b31d2978f23f508dbffd422d20dd0325261ea21c6cec40b4295f67,8700053478829425067,group-00783,development
Basil_Plant_Unhealthy/IMG_20201217_152059.jpg,Unhealthy,300,300,5650cd5e3534e9422e18dd6d4da9f61848908907c552fbc89b0cd4e797c1a431,495858729268885935,group-00784,development
Basil_Plant_Unhealthy/IMG_20201217_152101.jpg,Unhealthy,300,300,eb8b6fddc0f02047e0fd2dadcfd6d2159b0d82d4d1853239e8222bc9ffb35e8a,5449573335316693499,group-00785,development
Basil_Plant_Unhealthy/IMG_20201217_152102.jpg,Unhealthy,300,300,e81218ac6d879e494f3e7f6040cd44846db0e6191e80efb87ca95e1913c3938c,124382060238210027,group-00786,test
Basil_Plant_Unhealthy/IMG_20201217_152106.jpg,Unhealthy,300,300,9ec6f3d98c41fd47556e21095f958e8be98b951c97dadda1deb4a17a2f566436,2038162210974220715,group-00789,development
Basil_Plant_Unhealthy/IMG_20201217_152107.jpg,Unhealthy,300,300,9cffb4038ed6ca87023a46378f3686a01aed8b8579c2350d3409d135c00f0d86,2020218112489443755,group-00789,development
Basil_Plant_Unhealthy/IMG_20201217_152107_1.jpg,Unhealthy,300,300,3c716515318f9f1305a3a18047cf6d762e9b97d5ccff690ecf212b2121759f0b,2020235567236534699,group-00789,development
Basil_Plant_Unhealthy/IMG_20201217_152108.jpg,Unhealthy,300,300,ebd1e9f918547fce1bcde28a3c11b999ab7a85b4f9d1e9795b8cf4ba8351468c,892083877760090539,group-00791,test
Basil_Plant_Unhealthy/IMG_20201217_152109.jpg,Unhealthy,300,300,12bdf117afda3b9ba4ddc193fc425b63df92f4590c4229671853cfade548858d,892083877726540203,group-00791,test
Basil_Plant_Unhealthy/IMG_20201217_152111.jpg,Unhealthy,300,300,e6c86027e13cec6c2f1660a2caed76ae414f3366b69715ab03692797b151e568,2201222886304142251,group-00793,development
Basil_Plant_Unhealthy/IMG_20201217_152112.jpg,Unhealthy,300,300,6fc578ef7ebe856a20004461796d66fc169ea7477f9d7d89fdaeaf0475d9ebca,2201785836257039275,group-00793,development
Basil_Plant_Unhealthy/IMG_20201217_152116.jpg,Unhealthy,300,300,99f72a16a7a911db5af65c24651528cd728d0a653602d4357be9687720545412,4388313917902176683,group-00794,development
Basil_Plant_Unhealthy/IMG_20201217_152118.jpg,Unhealthy,300,300,288243aa144d9e126f229f30306188934f974198ea545459f98aa0302edadf4b,1773473654709830123,group-00801,test
Basil_Plant_Unhealthy/IMG_20201217_152118_1.jpg,Unhealthy,300,300,9944fffaf6db80b4d9b8f2ed272fb9648b7097f8a5c8f31cb3ba8212aff3d3ad,1780229054150885867,group-00801,test
Basil_Plant_Unhealthy/IMG_20201217_152119.jpg,Unhealthy,300,300,e7e95e56dbd103280c299c31b374a67e1a90eed0124cf50651b83f3266bd84e8,2068459428155113963,group-00801,test
Basil_Plant_Unhealthy/IMG_20201217_152121.jpg,Unhealthy,300,300,cd73c4e5a9ed36fd21259fb03e63c74ef6d78b60c0613f78e94032bcafe9b165,4086072095572640235,group-00801,test
Basil_Plant_Unhealthy/IMG_20201217_152122.jpg,Unhealthy,300,300,8d877b34309ea6a4f8d32a2aea8b06e61d2e4ca88709a5d0c5553e26a4da1d0a,4374302437498307051,group-00801,test
Basil_Plant_Unhealthy/IMG_20201217_152123.jpg,Unhealthy,300,300,64d640795ae6bad6fded84cb684889f9f65b03e6dd1a865337e892c51a30f81c,4374302437368283627,group-00801,test
Basil_Plant_Unhealthy/IMG_20201217_152124.jpg,Unhealthy,300,300,8fca186ba1bfaca7cdc39066cdba1672d2696983e3c6ccc34e0d5482187fa394,4082131420132557291,group-00801,test
Basil_Plant_Unhealthy/IMG_20201217_152138.jpg,Unhealthy,300,300,b9f279decd831fd5818a8c39339fb8c2a8165c717da4525067eb4be633c71417,3172395283375870398,group-00802,test
Basil_Plant_Unhealthy/IMG_20201217_152142.jpg,Unhealthy,300,300,02a6b74780bcaa7b8b0fa0c4f6be68ba88e73e8303776f17696324b089e685b8,3171937954991600058,group-00804,development
Basil_Plant_Unhealthy/IMG_20201217_152143.jpg,Unhealthy,300,300,2bf6368c10c2bf6f76c9825f7690885897103af26c03eb2604db3f81751a8fa5,3171937946401927610,group-00804,development
Basil_Plant_Unhealthy/IMG_20201217_152144.jpg,Unhealthy,300,300,7ee13d11cf481a66e83800108e701f503e1281996eaf320012c832eccf832e41,4861718746568031406,group-00806,development
Basil_Plant_Unhealthy/IMG_20201217_152145.jpg,Unhealthy,300,300,55c6a53a2332e2b5163cea0a67163c8a511329c09050b453147705f00e634326,5149946923696487598,group-00806,development
Basil_Plant_Unhealthy/IMG_20201217_152146.jpg,Unhealthy,300,300,b59c1195554cdfea5d09a1bccd4569af1f9ca4e0b9817e28f7402f56de82ea8f,250066297545784494,group-00808,development
Basil_Plant_Unhealthy/IMG_20201217_152146_1.jpg,Unhealthy,300,300,8ee684e121dd5d1c0bb36aeda6566b6bff96210c0346f45861bb437f1901cb2e,250057501453024430,group-00808,development
Basil_Plant_Unhealthy/IMG_20201217_152149.jpg,Unhealthy,300,300,f0f60f418f6e306344baef8e2e38ab7317144751875da01cdafd0ea4b0b90988,4082298218015308990,group-00812,development
Basil_Plant_Unhealthy/IMG_20201217_152151.jpg,Unhealthy,300,300,d07da80ba7101df29cad80f84e758d93e1094682dc4978179b45972cb6b7798a,1776420024463097022,group-00812,development
Basil_Plant_Unhealthy/IMG_20201217_152153.jpg,Unhealthy,300,300,68e506aa749ca32b38dd22d592363db25caa816c321b5b556616512c237444a0,1776419475781024958,group-00812,development
Basil_Plant_Unhealthy/IMG_20201217_152154.jpg,Unhealthy,300,300,0b841a963c7b31055f292213731b9a1e88f50ffa05830aa2e100dea222ee9ab5,1776454659616242878,group-00812,development
Basil_Plant_Unhealthy/IMG_20201217_152203.jpg,Unhealthy,300,300,a37c9cbde38eaf6e41849dfe8f2a00d851827c4447381fdbc08f4f7c07f0dd97,3900607907138261230,group-00813,development
Basil_Plant_Unhealthy/IMG_20201217_152204.jpg,Unhealthy,300,300,63db1bd461d1b6801a05677d03c3383aa904c973bff962b588a279700be3099d,5044588184530211306,group-00814,development
Basil_Plant_Unhealthy/IMG_20201217_152207.jpg,Unhealthy,300,300,a8d408a701f3660bca65cb5d07421f80f6e6d01c84f869590c5774cad66610f4,5046150781419278842,group-00815,development
Basil_Plant_Unhealthy/IMG_20201217_152210.jpg,Unhealthy,300,300,e417d61fc7fd311c6da57e91a4a1ea372ae428185d5ebc791bbe1c2dcafafc1d,5682490619575120363,group-00816,development
Basil_Plant_Unhealthy/IMG_20201217_152212.jpg,Unhealthy,300,300,faa08fcf23f0cda2a691b7cfb517dfa26cbc2ab0a9c25ba11904464383c0dddf,7039590381780185515,group-00817,development
Basil_Plant_Unhealthy/IMG_20201217_152216.jpg,Unhealthy,300,300,3e8e0c2643b8266f8a4e04db8914f93cc54e5889ab72e14643eddb8d71cec9d2,5606494188177920443,group-00818,development
Basil_Plant_Unhealthy/IMG_20201217_152217.jpg,Unhealthy,300,300,725df52288a0eeb8d1d3c5fc11501fd8c9d8dba903445fe2777f2a4ec12a589b,976802571620684219,group-00819,development
Basil_Plant_Unhealthy/IMG_20201217_152218.jpg,Unhealthy,300,300,a1fb9a2d98342b81b357386fe63f224e5cb90976149c2faa5709fe388fa51946,1809352775912616430,group-00820,development
Basil_Plant_Unhealthy/IMG_20201217_152219.jpg,Unhealthy,300,300,23dfc4bb04f0219b68bd53746e3bca5290f4d85d46cd2d39590457a4d4b5d766,5541149441484702974,group-00821,test
Basil_Plant_Unhealthy/IMG_20201217_152221.jpg,Unhealthy,300,300,6bf0d92265bb779a4b1c3f2ad40875ec37837b58b825a89e312f9a4f331d8e5c,6693367254354935998,group-00822,development
Basil_Plant_Unhealthy/IMG_20201217_152345.jpg,Unhealthy,300,300,f850c8cbb175d886d43062e1e47b063c7964da4aa2be06ae446e62fbd634af81,6101736370565072651,group-00823,development
Basil_Plant_Unhealthy/IMG_20201217_152347.jpg,Unhealthy,300,300,c2ce1a71f3e45e5b515972e9189f1bbc0205d13852cfa79096bb30d8ccca8e6d,3261381284619126539,group-00824,development
Basil_Plant_Unhealthy/IMG_20201217_152348.jpg,Unhealthy,300,300,ed05bbb5f296774673fa5f63c170e0a5c8b224d1568fa4bddef8c1b9b0b16268,2690505932062627091,group-00825,test
Basil_Plant_Unhealthy/IMG_20201217_152349.jpg,Unhealthy,300,300,5f3da3c7fd8b83131815c17b5b7b4fa355d3f5eac8fc82ded35e22a389b0ca3e,1283400492608959787,group-00826,development
Basil_Plant_Unhealthy/IMG_20201217_152350.jpg,Unhealthy,300,300,c2b6f10b18b26a60c8a806ad94e2eba0d358124c20ffa4fa692be05b897b1b54,2440262647023970059,group-00827,development
Basil_Plant_Unhealthy/IMG_20201217_152351.jpg,Unhealthy,300,300,f02edf1fb4f2b5661e11a8a12392e9e09378ecc127a27f779dc2af952de3023f,2436321997618972419,group-00828,development
Basil_Plant_Unhealthy/IMG_20201217_152352.jpg,Unhealthy,300,300,c045ea3b39f39bf0b229e6c29d24fbc429a9ef13d88e5300d073fa7b348fbd05,56169595090020139,group-00829,development
Basil_Plant_Unhealthy/IMG_20201217_152353.jpg,Unhealthy,300,300,08ccad84571736cce78b7905020d0d4b375e8b4752f2d430e0356795bd2f7f02,4105248703160554763,group-00830,test
Basil_Plant_Unhealthy/IMG_20201217_152354.jpg,Unhealthy,300,300,d679394ab59a4969d1251610b767149f3142b422234147628a0e8c617e33380e,7550502452459771147,group-00832,development
Basil_Plant_Unhealthy/IMG_20201217_152354_1.jpg,Unhealthy,300,300,97013f9a532b4c6bcd9eff45e9bdff4165974f86742227f846a3661717ce681f,8703423957066618121,group-00832,development
Basil_Plant_Unhealthy/IMG_20201217_152357.jpg,Unhealthy,300,300,de73bdf9898f2b5bcfb7e1c91d629cd0e279a0d087fde756a09d402be91d585c,1778575205645587725,group-00833,development
Basil_Plant_Unhealthy/IMG_20201217_152359.jpg,Unhealthy,300,300,7a4d25f700348099cf59269fcc52637e66131150c63edf45df74b97492475260,2930933760298227019,group-00834,development
Basil_Plant_Unhealthy/IMG_20201217_152400.jpg,Unhealthy,300,300,8da7781dfb9cbc539496b18125d8bdbaab73f4bd3f679cd6829346bda05655c1,4091737672417317195,group-00835,test
Basil_Plant_Unhealthy/IMG_20201217_152403.jpg,Unhealthy,300,300,0feac4efe621d9ced600f46d3c8151f15253aaae31900c292e91519a5977bd68,1054647987112031515,group-00836,development
Basil_Plant_Unhealthy/IMG_20201217_152411.jpg,Unhealthy,300,300,53998ac2782bd4d23555405698a81b1353abf7c576abde21e51a40b4a75ec019,1771271900612324223,group-00837,development
Basil_Plant_Unhealthy/IMG_20201217_152413.jpg,Unhealthy,300,300,e3b42eaefcca473cec6a01f816c49d747575f7a730d97df0828904747bcdd452,859290605246278527,group-00838,development
Basil_Plant_Unhealthy/IMG_20201217_152420.jpg,Unhealthy,300,300,943b7575c2f3f4405e73b600061499f802388b03b9da9ec3430cd399bd82db55,256393763109590266,group-00839,development
Basil_Plant_Unhealthy/IMG_20201217_152421.jpg,Unhealthy,300,300,8364fa185598d960637a85226ef201125475cd0baef7755404066f461cd91665,1409257543358076154,group-00842,development
Basil_Plant_Unhealthy/IMG_20201217_152423.jpg,Unhealthy,300,300,f9d90fc96ef2fd19362819dc85ec1586841bac3bb09276834552deb466ab7d07,1408696795649135866,group-00842,development
Basil_Plant_Unhealthy/IMG_20201217_152424.jpg,Unhealthy,300,300,2fa7f96b224eb63148abc58e5e2e6973863934ec3ac21361a26cc8d5e941935e,1408978270625584378,group-00842,development
Basil_Plant_Unhealthy/IMG_20201217_152424_1.jpg,Unhealthy,300,300,7c14495a15481716ddd83e3b6be1068cd3415dbe59a8903e6d13143e87e101d2,1371832353695061246,group-00844,development
Basil_Plant_Unhealthy/IMG_20201217_152425.jpg,Unhealthy,300,300,0f2a913af624336f2824c349e07dc8c34c75126eb1dbbbb41a8b5682f7c01e63,1372958253585388794,group-00844,development
Basil_Plant_Unhealthy/IMG_20201217_152426.jpg,Unhealthy,300,300,b13c1e1ef7319bb5384bc09f5f2b6044fa216fff7f5f7247cf52cc7aa451c023,3700921627094414586,group-00845,development
Basil_Plant_Unhealthy/IMG_20201217_152429.jpg,Unhealthy,300,300,ca154ddb2bb88b43f9b63861e4da0f764051200b96db2369200a7dce69fcfb7f,2998351548171736303,group-00846,development
Basil_Plant_Unhealthy/IMG_20201217_152430.jpg,Unhealthy,300,300,c867f8222c550b0d906edcdec08fee1e23664793b4e16daebd9feb11b79e09f0,8761991362863531243,group-00847,development
Basil_Plant_Unhealthy/IMG_20201217_152431.jpg,Unhealthy,300,300,2fddc794eb7449cc57da116db221bf9c7311eba1668cbe919d32bc705064d797,8761975011444884719,group-00848,development
Basil_Plant_Unhealthy/IMG_20201217_152439.jpg,Unhealthy,300,300,1837535ba51ac3510ae18fd4161653a19537c03660c543e056eb85edfcbfe67b,8399944157489126638,group-00849,development
Basil_Plant_Unhealthy/IMG_20201217_152441.jpg,Unhealthy,300,300,794e8be9052edfb7223c7be245827b449441b9d0932dfb24aaac89162b0437b8,3789244400488537322,group-00850,test
Basil_Plant_Unhealthy/IMG_20201217_152444.jpg,Unhealthy,300,300,d2c2a62f876e6f9abe05ad46c2942874f204269399412785e849668fa80b9073,8950423779701544174,group-00855,development
Basil_Plant_Unhealthy/IMG_20201217_152445.jpg,Unhealthy,300,300,3106256e0d094f3f11cbd5c58c630b0c1f7038fd5326a6c262a06d1905d4aecc,8680225394245342446,group-00855,development
Basil_Plant_Unhealthy/IMG_20201217_152446.jpg,Unhealthy,300,300,72559027b34de6bc691a2cf9c81da0b78d54fc6e38439072a602dc944306acbc,8680208076937204974,group-00855,development
Basil_Plant_Unhealthy/IMG_20201217_152447.jpg,Unhealthy,300,300,81ce3b7d830ad143a1296d69f4261f04049b6642d34817a6d5d4fb9c03918ab3,8680155300379071726,group-00855,development
Basil_Plant_Unhealthy/IMG_20201217_152448.jpg,Unhealthy,300,300,cb6b103c0bc61badc80ec403d704d865bf295af13378865cc3a5146f3e02d809,8680208076937204974,group-00855,development
Basil_Plant_Unhealthy/IMG_20201217_152452.jpg,Unhealthy,300,300,36b02aa14b1e693a04c5d570981d439e2ccfd767b13f9589308a270f0e631a41,1622353144434497263,group-00856,development
Basil_Plant_Unhealthy/IMG_20201217_152457.jpg,Unhealthy,300,300,d6f438962a481f738a66b068f95646953bd75d55680962e328db23ab2e5bcd38,4355485954153553451,group-00859,development
Basil_Plant_Unhealthy/IMG_20201217_152458.jpg,Unhealthy,300,300,803d38d2a60b6df838360993e7b4921b64e39b1a9451806b677e3730add3fb1b,4355204565076188715,group-00859,development
Basil_Plant_Unhealthy/IMG_20201217_152500.jpg,Unhealthy,300,300,435a3d34904230e7c10f204255f1cc5ac693a1d0b7fd02067242bd9fd8125225,4357454715622428203,group-00859,development
Basil_Plant_Unhealthy/IMG_20201217_152502.jpg,Unhealthy,300,300,1b1ab5f5127ff9a43cf98ef5dbf691f2e4748f109812ab64c11c97ffa04da505,4358455820959518315,group-00860,development
Basil_Plant_Unhealthy/IMG_20201217_152509.jpg,Unhealthy,300,300,f8f0f469d7bbefce65c47dcc1dc8d2e0043d9ddea10f466149b932a6b2a04a23,5649256156757523691,group-00861,development
Basil_Plant_Unhealthy/IMG_20201217_152510.jpg,Unhealthy,300,300,e56794ea92d614e76c7b89e1fa965ba04fa7711658515b3c1e75ec15d529c3d9,893454950413663471,group-00862,development
Basil_Plant_Unhealthy/IMG_20201217_152515.jpg,Unhealthy,300,300,5687a4616909aab69e88cf8e81945886f55220f1055d2fcce7a2179b55a9455a,654766094811987067,group-00865,development
Basil_Plant_Unhealthy/IMG_20201217_152516.jpg,Unhealthy,300,300,e9871b019e00659a16a2e9f01aafd07ddc13a287112e916db80c81c891d8cdbb,654766103804574843,group-00865,development
Basil_Plant_Unhealthy/IMG_20201217_152517.jpg,Unhealthy,300,300,7fc1436f844b82c8e97be85f6daa126a96f4aadc40b48a698eaed5e20656fef0,657018951590280315,group-00865,development
Basil_Plant_Unhealthy/IMG_20201217_152520.jpg,Unhealthy,300,300,87be6dfceb11eae7f85c402cf9ea67e8d3c8b8e2dd5831f52d10101967031547,5591892435552468155,group-00866,test
Basil_Plant_Unhealthy/IMG_20201217_152521.jpg,Unhealthy,300,300,0873bd912fe30afcb74de282f7f0d7c85315ef69ada10fb3970c870e94b38d16,976337785599065275,group-00867,development
Basil_Plant_Unhealthy/IMG_20201217_152523.jpg,Unhealthy,300,300,c957dfee450884c5049fe620af5fce5c7f1ac2725a776f045495b012754d158e,332323605820767418,group-00868,development
Basil_Plant_Unhealthy/IMG_20201217_152527.jpg,Unhealthy,300,300,f4068804f748374fd554f373f1804c903c990c070a94650c83223464def53c62,2640064355595222202,group-00869,development
Basil_Plant_Unhealthy/IMG_20201217_152530.jpg,Unhealthy,300,300,4a9f8a8c9ae5f9ac3f3bcfffa1ae2717d115c1a2fd316c00f1ff58663eb5084b,8674581710197546155,group-00873,development
Basil_Plant_Unhealthy/IMG_20201217_152531.jpg,Unhealthy,300,300,a70f5f8a9dabe9abed934d6cdd4b1a4f1e9c8bc8bfd665447f9c6e04fdee7100,8242236146020310187,group-00873,development
Basil_Plant_Unhealthy/IMG_20201217_152532.jpg,Unhealthy,300,300,c811c0b301307ad82d63c28307ce4e8e2def69b54ab8fd393d8907caa333ea7a,8242236146020310187,group-00873,development
Basil_Plant_Unhealthy/IMG_20201217_152532_1.jpg,Unhealthy,300,300,a4d29290f66eaadb9a67bfe6415c0f0a299ee0764ae49e97da20e027b6889739,8818696898290179243,group-00873,development
Basil_Plant_Unhealthy/IMG_20201217_152534.jpg,Unhealthy,300,300,438d5ea2eacacf32ec837abc04396e4a33a1511801c6510882640e24015bc5f8,4207010811194432683,group-00874,development
Basil_Plant_Unhealthy/IMG_20201217_152535.jpg,Unhealthy,300,300,8bb9d6a3cf6a913ff1d7261952a23ff5598b39198ff1157f5359a0576ce43be8,8809267418371775659,group-00875,development
Basil_Plant_Unhealthy/IMG_20201217_152537.jpg,Unhealthy,300,300,41785ef47e17275bf48177d793f3563a96b4116a63a3d059dbdcf8fb23f88df7,6513983581717034155,group-00879,test
Basil_Plant_Unhealthy/IMG_20201217_152538.jpg,Unhealthy,300,300,2e95d3a581b595e0e8b394ead84af50e6a42ae5ddaf8d2763dcb05c36e3966a9,6658098907231835307,group-00879,test
Basil_Plant_Unhealthy/IMG_20201217_152538_1.jpg,Unhealthy,300,300,176190f22d201aea17678e82fdddc2af91839d4f7616847de25be0e92bf34954,6658081315045799083,group-00879,test
Basil_Plant_Unhealthy/IMG_20201217_152539.jpg,Unhealthy,300,300,75506c15df99dda32893c883e414bb674b24aade93b2a9c91d01724adfeb7736,1758200104838790315,group-00879,test
Basil_Plant_Unhealthy/IMG_20201217_152540.jpg,Unhealthy,300,300,5e0c22fe14fe0ceb88baaf21824c71f481152eb28265393d4f95b6bf9d33af0c,956490720472585899,group-00881,development
Basil_Plant_Unhealthy/IMG_20201217_152542.jpg,Unhealthy,300,300,2524ff14ee97bb0b874b8f1f94b620b9a0cb5452bce6605cff8b36a80427fa03,3262333695324452523,group-00881,development
Basil_Plant_Unhealthy/IMG_20201217_152548.jpg,Unhealthy,300,300,5d55aafe24e3923a66e48c29b56bca1460c5b89ad2d1a32fd9b9829e6d1e4c62,3764462157352010222,group-00882,development
Basil_Plant_Unhealthy/IMG_20201217_152549.jpg,Unhealthy,300,300,4a7cec32e85f0f3d7594d6e5fbad54c61da4f750108d7ef43d04e4aec6e4e69c,8519154918695502254,group-00883,test
Basil_Plant_Unhealthy/IMG_20201217_152550.jpg,Unhealthy,300,300,286f0c16763dac31e8da101cd787cd6a4f040d83f8b996c5780646cf5349cf33,8546449779307970990,group-00889,development
Basil_Plant_Unhealthy/IMG_20201217_152551.jpg,Unhealthy,300,300,4e19be25e707c8bcfbc59c2462af98ed90b36328fc8fc2b13861d2eaf3348a2f,8546168304868131246,group-00889,development
Basil_Plant_Unhealthy/IMG_20201217_152554.jpg,Unhealthy,300,300,5884f6b20077c1cd0aef125cafd33eae1536abba0c043fb5b6abbd01c9f7a819,8564182669017874862,group-00889,development
Basil_Plant_Unhealthy/IMG_20201217_152555.jpg,Unhealthy,300,300,864e8ba689179db9444db288aa589ebe1ebfcd2e591dba02246b293eae020b03,6258339659804180926,group-00889,development
Basil_Plant_Unhealthy/IMG_20201217_152556.jpg,Unhealthy,300,300,5a89776d891a0fd9741e51506618d767be79682b7de218ae3ac1c70ece2748c6,1655660840631534014,group-00889,development
Basil_Plant_Unhealthy/IMG_20201217_152557.jpg,Unhealthy,300,300,5a82693ecce5d983fa23fa4f0afd176d3ae5f349ca08a3fd57bc06f8f774a538,6258339659804180926,group-00889,development
Basil_Plant_Unhealthy/IMG_20201217_152602.jpg,Unhealthy,300,300,0f0a9d5c31110463987b697fff9ae61563778b9635780eeec31c4eb0174f762f,2978183115650763582,group-00890,development
Basil_Plant_Unhealthy/IMG_20201217_152608.jpg,Unhealthy,300,300,41d393429f2cc9746402634969ef95250e0bb82895e589e3328e2ac2337cd3df,3585371311707849982,group-00896,development
Basil_Plant_Unhealthy/IMG_20201217_152609.jpg,Unhealthy,300,300,45d39b976a62d97803193c837169d0a14b1cec08131e01322e84a682f23ee056,3585371311707849982,group-00896,development
Basil_Plant_Unhealthy/IMG_20201217_152610.jpg,Unhealthy,300,300,9a0cb18cc0f5f0d026d9687d1bb7f2090a1e5dbfbdd3889cc8e4c4ed96f75d75,3567286819336291582,group-00896,development
Basil_Plant_Unhealthy/IMG_20201217_152611.jpg,Unhealthy,300,300,076908e7e440b80bcdb5c6e0612130a313bc983b892fb5bfd5fa4073e963fd6a,3567286819269313790,group-00896,development
Basil_Plant_Unhealthy/IMG_20201217_152612.jpg,Unhealthy,300,300,f8cf369fe79d81a13d69a893e693f852d4cb6295965cabe27d0b3f4f2b7049e6,3567304411454833918,group-00896,development
Basil_Plant_Unhealthy/IMG_20201217_152614.jpg,Unhealthy,300,300,ff63e71c3a5cbf9d76c1622ec976f832c085d5ec53f259c7cb3a9409514b32b5,3567286819331720446,group-00896,development
Basil_Plant_Unhealthy/IMG_20201217_152618.jpg,Unhealthy,300,300,4d9fa0b027acbc6640f4ce75473e96317294495814b4b7d10429af91f4f2daad,5298966973377205419,group-00897,development
