0,1,2,3,4,5,6,7,8,9,10,11,12,13,14,15,16,17,18,19,20,21,22,23,24,25,26,27,28,29,30,31,32,33,34,35,36,37,38,39,40,41,42,43,44,45,46,47,48,49,50,51,52,53,54,55,56,57,58,59
-0.3022474,1.1687543,1.2818978,-0.53026044,-0.6983246,-0.81008935,-1.0646256,-0.41499063,0.43142217,2.106674,-0.051395737,-1.4471753,-1.0772171,-0.39241156,0.8990744,-0.33055058,0.83027625,2.2381134,-0.5579375,-1.3615361,-1.232109,-1.0121896,-0.59643626,-0.40774772,-1.0819485,-0.98222214,-1.5135186,0.75455505,1.4291708,0.97233415,0.5339726,0.68901104,-0.8117021,-0.65461296,-0.55011797,-0.31949297,-0.22008035,-0.4700763,-1.1418862,-1.4156075,-1.1428429,1.543499,2.5890965,1.1676368,0.21984692,-0.5371568,-0.058433898,1.5146079,1.2940469,-1.3408655,-1.1631508,-0.48381275,0.7185967,-0.42631456,-0.9626924,1.44555,-0.96488786,-0.9233726,0.30521002,1.2694045
-0.52211004,0.33162117,1.763003,0.3614171,-0.6954762,-1.1419662,-1.0054108,-0.41499063,-0.524744,-0.06317642,0.91619897,1.0473078,-0.18165687,-0.35725114,-0.7757653,-0.45550787,1.5598907,1.7358606,-1.3467516,-1.3900669,-1.0977247,-1.0121896,-0.51797503,-0.44793642,-0.84536994,-0.35653773,-1.641653,0.2941971,0.056567308,1.1987057,-1.3276583,2.3636272,-0.7444293,-0.4274057,-0.31815127,-0.3080893,-0.2949376,-0.4553665,-1.0501662,-1.2689257,-1.6263859,-0.9578775,0.1919009,3.3049147,4.011331,-0.5278419,-0.37348944,-0.10449248,0.86853224,1.0843284,-0.23840795,-0.44168538,-0.8776653,-0.5489144,0.08115863,2.375743,-0.54136616,-0.7528717,1.5880305,0.20303886
4.214496,0.069488585,-0.8682266,-1.2493552,-0.74390036,0.04836549,0.7879515,-0.55755836,4.1700315,0.06446184,-0.47610334,-1.0010391,-1.0957094,-0.07277139,0.32129124,-0.5341847,1.6978694,-0.02332566,-0.36285445,-0.80043304,-0.6566684,-0.68779737,-0.26297593,-0.57352614,-1.2650837,-1.3896855,-1.3001364,2.3445418,2.0862172,1.3488351,-0.5844704,1.3046787,-1.1256417,-0.65461296,-0.6214924,-0.28528196,0.7281117,4.9578414,-0.8769175,0.105419606,1.1081334,0.4909832,0.4737029,0.48611867,-0.75637406,-0.5371568,5.4223437,0.30182168,-0.45432612,-1.0299431,-1.2061621,-0.22503033,0.39795017,-0.5534551,0.8295169,0.20083208,-1.5803561,2.072881,-0.29320434,2.3967512
-0.5938044,1.3519652,2.0332534,-1.004863,-0.87493056,-1.2127666,-0.946196,-0.3437068,0.2927781,2.8860822,0.87557477,-1.3463098,-1.2489321,-1.0221027,-0.9878629,-0.3999713,0.6024024,2.3812425,-0.44343224,-1.4154274,-1.232109,-0.9298043,-0.5277827,-0.30225235,-1.1903592,-1.7764469,-1.3816705,0.7487512,1.4110105,0.9501243,1.7842125,-0.39456403,-1.1648841,-0.65141284,-0.4490043,-0.3080893,-0.34484246,-0.4553665,-0.9971725,-1.3167567,-0.8468812,3.8334916,2.0668237,-0.38548273,-0.85991263,-0.5371568,-0.421045,1.7116088,2.414279,-0.8550494,-1.2948729,-1.0645686,-1.079812,-0.49442557,-1.730341,0.7870391,-1.5883445,-1.2275674,-0.42944393,1.1177771
-0.1779772,2.5329711,1.0235265,-1.7383398,-1.3477788,-0.5180377,-0.48939618,-0.3793487,1.4306158,3.1223488,-0.2766754,-1.7226158,-1.5659446,-1.1084055,0.21158558,-0.089892134,2.0344536,1.5745151,-1.647858,-1.6024618,-1.2562292,-0.9555497,-0.24336062,-0.5484082,-1.4073058,-1.7763146,-1.8091654,1.300409,1.936182,1.3462645,2.1338403,-0.72228867,-1.1732932,-0.65141284,-0.5025351,-0.31949297,-0.494557,-0.4406567,-1.0807396,-1.4761934,-1.2720656,0.4117142,3.4232306,1.6405269,-0.011882303,-0.5371568,0.09017721,3.0044265,1.3345721,-1.624582,-1.6658453,-1.1608597,0.03548021,-0.15387055,-1.7006637,1.5403283,-1.664289,-1.3623352,0.41602567,1.7209626
-0.6129229,-0.37867358,2.7400622,0.65265054,-1.0145062,-1.274717,-0.9969516,-0.4048072,-0.31916824,1.8513975,2.2937288,-0.7954285,-1.1670372,-1.0380846,-1.2072742,-0.4601359,-0.6456774,3.0968876,0.8882216,-1.4090873,-1.1459651,-0.9246552,-0.802397,-0.26206365,-0.8170142,-1.5180169,-1.052896,0.076336294,0.983205,0.38749635,2.1777725,-0.84352785,-1.1200356,-0.65461296,-0.3657342,-0.31949297,-0.494557,-0.4553665,-1.0318222,-1.2306608,1.833448,3.3182433,0.34971002,-0.6404725,-0.97824246,-0.5371568,-0.4448228,-0.10449248,3.0250518,0.67624295,-1.1873446,-1.0886414,-1.2889293,-0.5534551,-1.9266663,0.32493478,-1.2353264,-1.2669888,-0.9255771,0.55462426
4.4869347,0.61912143,-0.59500635,-1.6412619,-0.87493056,-0.36758685,-0.11718889,-0.49645787,3.629798,0.7243788,-0.23974432,-1.2182881,-1.3440359,-0.43396476,0.47487915,-0.3120384,2.2330594,0.13801983,-0.7996709,-1.1523113,-0.95300305,-0.7753318,-0.5081673,-0.45296,-1.7510692,-1.4723532,-1.6244527,2.4129243,2.0694182,1.549864,-1.351455,1.5831499,0.3823897,-0.6002112,-0.34194273,-0.011593734,0.079348706,0.13302566,-0.8035415,-0.9309196,-0.28830558,0.37648356,1.1049393,1.9094251,0.10644751,-0.5371568,4.756566,1.0651999,-0.23433216,-1.2398157,-1.415842,-0.5259401,0.31430328,-0.40815163,0.38583744,1.0112522,-1.730915,-0.0380905,0.5736696,2.3692381
-0.6129229,-0.96776724,-0.33663502,-0.077230714,1.1446439,0.88469523,-0.12564816,0.09927144,-0.63948387,-0.74481905,0.18496327,0.81454116,0.56596416,0.067870274,-0.54904026,-0.057495803,-0.41780353,-0.4969527,-0.5749012,-0.2805409,0.84567934,1.6601847,0.21759921,0.12475265,0.8844489,0.36067685,0.8102586,-1.1236906,-0.5547486,-0.33503255,-0.28243583,-0.16534622,-0.8733688,-0.35700342,1.1390756,2.9989767,1.1772553,2.3983355,1.4649985,-0.43347678,-0.5092347,-0.7332821,-0.6009021,-0.4272083,-0.06118639,-0.27634078,-0.4448228,-0.76629204,-0.21696422,0.45859733,0.78848666,0.23536162,-0.4942836,-0.090300284,1.630664,-0.8903795,0.41168287,2.3746982,0.17769475,-0.60200673
-0.38828063,-0.07426154,0.92552364,1.06613,-0.31662792,-0.8764647,-0.946196,-0.4048072,-0.1422775,0.42565095,1.6068105,0.28305718,-0.56999713,-0.66410565,-0.8708435,-0.4277396,-0.12094034,0.5882258,1.1681234,-0.10935691,-0.64633113,-0.5590703,-0.2923989,-0.41779488,-0.52267283,-0.817095,-0.5299195,0.05340674,0.581641,0.24444553,0.65844744,-0.5309581,-0.2763229,-0.41460526,-0.56201375,-0.3080893,0.0044914433,3.9722846,-0.61398697,1.7826948,0.39949274,-0.25326443,-0.6009021,-0.58020216,-0.4013846,0.65514493,-0.18326722,0.14175853,1.0422117,0.89388853,-0.36744183,-0.6643586,-0.9404005,-0.5125885,0.25683346,-0.22802305,-0.7522712,2.0904937,-0.09505389,0.46019608
-0.560347,-0.29975194,-0.07826374,-0.030489549,-0.026082639,0.03066539,0.9232997,0.7713763,0.80910784,-0.19624609,0.29944965,0.38780218,-0.6624591,-0.8015509,0.7235453,0.57654667,0.5794059,-0.32780018,-0.9353808,-0.51195633,-0.41546577,0.069117896,1.7868243,0.7828427,0.6477821,-0.1609663,0.28333983,-0.13188879,0.9511285,1.1238036,0.09464969,-0.40782455,-0.629505,-0.22899933,1.2342415,-0.057208437,-0.12027066,3.854606,0.704742,-0.5674037,-0.9427561,-1.023935,-0.46939445,0.068862684,1.6398046,0.63651526,-0.3794339,-0.070632964,-0.19670162,0.6879025,0.008906979,-0.74259514,0.46765596,0.6997873,1.1059139,0.2279993,0.24682604,2.3289623,1.5781155,0.21363392
-0.6129229,-1.007228,-1.070172,-0.5374514,-0.09729472,-0.110935405,0.37344798,5.1451497,-0.6442647,-0.9104772,-1.2184184,-1.2803591,-0.50131106,0.03910266,1.337897,5.204594,-1.0658852,-1.0122173,0.23935843,-0.06497588,-0.05021609,-0.68779737,-0.05701516,5.1081524,2.6358178,2.717239,2.424967,-0.7958446,-1.2992798,-0.20439364,0.2630568,0.20784311,0.34875333,-0.6322122,-0.6274402,-0.31949297,-0.36979488,-0.4700763,1.4629602,-1.0776014,0.08685713,0.3412529,-0.24395286,-0.7378322,-0.96838164,-0.5371568,-0.4448228,-0.80630785,-1.0390469,-1.2942271,-0.5690573,-0.07457545,1.1368313,5.0044026,-1.0381708,-1.1769676,2.5933185,-0.52535295,-0.53171533,-1.1055014
-0.6129229,2.079172,2.6509688,-1.0767725,-1.820627,-1.5711937,-1.0900034,-0.4048072,0.56528544,3.975081,0.2699048,-1.5053669,-1.2832751,-1.5559018,-1.4193718,-0.46476397,1.1940382,2.7481732,-1.6987493,-1.6278224,-1.2837952,-1.0224878,-0.68470514,-0.36253542,-1.74951,-2.3842604,-1.7473423,0.91172594,1.5968536,1.1469867,2.7141128,-1.3114352,-1.150869,-0.65461296,-0.57390946,-0.31949297,-0.494557,-0.4553665,-1.1153893,-1.4411174,-0.7968595,3.0584173,2.4538317,0.24503744,-0.7514436,-0.5371568,-0.4448228,2.5765655,2.7587433,-1.3330925,-1.3701426,-1.5821334,-1.4980466,-0.5534551,-2.1479044,1.0354335,-2.1108825,-1.4682558,-0.262499,1.2130632
-0.35482326,-0.1080851,0.1949565,0.7065826,0.13058393,-0.34546173,-0.35404807,-0.38444042,-0.108811684,0.20567864,1.0602303,0.6632428,-0.8103982,-0.6481237,0.277409,-0.18245308,-0.465887,0.2551254,1.1766052,0.4168754,-0.3052017,-0.41489595,-0.44932142,-0.34746465,-0.14954054,-0.47493327,-0.1888752,-0.08216238,0.56330746,-0.15780161,0.31248066,-0.008114168,-0.094125785,-0.6162117,-0.5798573,-0.22826357,0.079348706,2.5601432,-1.0970453,1.3585929,2.3545074,0.4205219,-0.51072544,-0.8722814,-0.82539976,-0.5278419,-0.12976722,0.08943019,0.40249243,0.8666829,-0.29486027,-0.6673677,0.14700943,-0.26738888,-0.0182902,-0.36213395,-0.37815836,1.4544703,-1.3179212,0.41185093
0.15659639,0.22451323,0.19198671,-0.04846692,-0.5017793,0.42006758,-0.3878851,-0.18586397,0.9477519,0.31430694,1.322441,0.054169923,-0.8790843,-0.44675037,-1.0975685,-0.2935262,0.23027809,-0.07797494,0.4132368,-0.24884017,-0.29831022,0.383212,-0.4787444,-0.19173342,-0.25285015,-0.9815899,-0.22224611,0.5325057,0.982236,0.42558223,2.8733673,-1.4573011,-1.1760963,-0.65461296,-0.5977009,-0.31949297,-0.46960455,-0.4259469,0.015823333,0.27761135,0.8371826,0.39409888,0.12051106,-0.7007428,-1.0275465,-0.5371568,0.5122328,0.55115086,0.5993291,0.4663704,-0.6954029,-0.36946702,-0.9194887,-0.35820356,-2.0562577,-0.53929484,-0.8417727,-1.7184105,-0.9548091,0.892789
0.47683114,1.8536813,2.2144103,-0.9725038,-1.9032329,-1.5756186,-1.0561664,-0.42517403,0.37405223,1.1263036,1.6732864,0.6089306,-0.7707717,-1.6517937,-1.3535484,-0.5064164,1.6581483,1.3819414,-0.5409738,-1.5073596,-1.3113612,-1.0224878,-0.5866286,-0.4127713,-1.9557506,-1.5621941,-1.7000246,1.2388566,0.9167854,1.2009698,-0.86636925,0.99400336,0.7804203,-0.5874108,-0.54417014,-0.25107092,-0.22008035,-0.35239786,-1.0583191,-1.1349987,-0.6634683,0.75080925,1.424315,2.0160573,0.5304627,-0.5371568,0.5360105,1.2960601,1.5458819,0.63349116,-0.84863067,-1.6724063,-1.4841055,-0.56253654,-0.0591811,1.3951093,-1.7632449,-0.57169884,0.618306,1.0751827
-0.30702704,0.41899872,0.11180251,-0.43677813,-0.33656728,0.61919373,-0.24407774,0.033079293,-0.09446919,0.14864878,1.1414787,-0.0854901,-1.0058893,0.34595722,-0.33694267,-0.015843378,-0.17947675,-0.5750231,-0.29499948,-0.24884017,-0.23284094,1.8764462,1.1983649,0.18001212,-0.020021109,-0.27853543,0.7349589,0.3937274,0.55886585,0.011532933,-0.40141913,-0.7090281,-0.45571697,-0.24819994,3.934572,0.5813974,1.2521125,1.0450335,1.9602861,0.2552902,-0.71349,-0.75530124,-0.924035,-0.9696411,-0.9190775,-0.5371568,-0.22487834,0.48343182,0.67748487,0.1282424,-1.0448697,0.066852145,-0.00634325,-0.08575955,1.8055398,-1.6156374,-0.36417273,1.9326961,-1.51901,0.69507515
-0.60336363,-0.23774208,0.7027897,1.7384837,-0.0830523,-1.2171917,-1.0646256,-0.4048072,-0.49127814,-0.13378482,-0.029237079,0.69427836,0.29122004,0.3555464,-1.0317452,-0.4601359,-0.34045187,1.2075843,1.1257141,-0.38515335,-0.48093507,-0.8422699,-0.83182,-0.2871816,-0.44543356,-0.041010752,-0.63887924,-0.22151232,-0.20061325,0.18025601,-0.9340982,0.87844723,0.9878447,-0.49460784,-0.49063936,-0.31949297,-0.22008035,-0.4700763,-1.0053254,-0.38245702,0.5829056,0.7464054,0.81938,0.95900875,-0.31263724,-0.5371568,-0.43887833,-0.13835199,-0.025916846,0.9793922,0.22933985,0.22031613,-1.1216354,-0.5534551,0.13036665,0.6794726,-0.19181408,-0.63775265,0.07902792,-0.129468
-0.5699063,-0.87475246,-0.87416613,-0.016107654,1.0734318,2.1679525,-0.49785542,-0.4048072,-0.5438673,-0.64976925,-0.5573517,0.32573107,0.99657273,0.9692555,-1.1560782,-0.47402006,-0.794109,-0.9055211,-0.7530206,0.4644265,1.3418676,2.4531436,-0.5081673,-0.27713442,0.906731,0.41462815,1.103674,-1.4215034,-0.82598495,-1.3293557,0.07451405,-0.765859,-0.7528384,-0.39540467,1.4245732,2.770903,2.0256376,2.8249197,2.243599,-0.26766253,-0.6843107,-0.9887044,-0.8977335,-0.87691754,-0.7218612,-0.4998974,-0.3913228,-0.6462447,-0.57300705,0.16710769,0.8503154,1.1140182,-0.9404005,-0.5489144,1.7446716,-1.6448073,0.41643333,2.624945,-1.1055092,-0.80755264
0.20439263,0.706499,0.18307735,-1.0911543,-0.060264435,0.40679252,-0.45555916,-0.34879848,0.5126963,1.0366852,0.5431949,-0.32989514,-0.35865548,-0.54903525,-0.9951766,-0.4971603,-0.13766503,0.023516579,0.3156953,-0.4422147,0.65616304,0.34201932,-0.6356669,-0.35248825,-0.4059158,-0.9923274,-0.033790518,0.6576137,0.8726188,0.058341525,1.3247539,-1.6183219,-1.1676872,-0.65141284,-0.3835778,3.1586282,5.9182153,4.4282885,1.6606677,0.095853396,-0.98444086,-0.5835518,-0.32661477,-0.733196,-0.8549822,-0.5371568,0.5657328,0.62502617,0.94958264,-0.7112478,-0.26797822,-0.31229416,-0.9125182,-0.49442557,1.4925182,-1.2295991,-0.90314317,3.5049975,-0.9728103,0.9211917
2.355223,0.78823924,-0.59797615,-0.9509309,-1.0885668,-0.58441305,0.6441442,0.66954225,2.1381786,0.36047396,0.580126,-0.47731405,-1.1300524,-1.1435659,0.32860494,0.5858028,1.3842815,-1.0070126,-0.95234454,-0.5309768,-0.6118736,-0.19863445,0.92375046,1.1998005,-0.73502856,-0.88032436,-0.0069523333,2.0465226,1.7505351,1.7943766,0.37837908,-1.4970827,0.42723823,-0.20019841,2.6498332,0.35332388,0.15420598,0.16244526,0.90041125,-0.082715824,-0.87189204,-0.1695916,-0.42054877,-0.7192875,0.36282876,0.23597638,2.188566,0.92976177,0.22591832,-0.38089287,-1.1631508,-1.0976686,-0.3200192,0.87687594,0.75120544,-0.4587991,-0.94600487,1.3407205,0.5584374,1.9055051
0.6775753,3.1643443,1.2551697,-1.5405886,-1.9772935,-1.5756186,-1.0900034,-0.4048072,1.1007385,0.99051815,2.3491256,0.1977094,-1.2251562,-1.6741686,-1.3828032,-0.4879042,3.1529171,0.16924798,-1.3637153,-1.6817137,-1.3113612,-1.0224878,-0.05701516,-0.6840451,-2.3094893,-1.809248,-2.0264423,1.5684171,1.083115,1.5329595,-1.0933528,1.389925,0.66269296,-0.65461296,-0.5798573,-0.3080893,-0.2949376,-0.4700763,-1.1602302,-1.3390778,-1.2012016,0.4249257,1.0673658,2.5770347,1.9652116,-0.5371568,0.83323276,1.7516245,1.8295584,0.1826538,-1.3136903,-1.69347,-1.4980466,-0.5534551,-0.011696119,1.9121507,-2.0568056,-0.7952003,0.9837354,1.2906364
-0.048927393,0.33725843,0.043497454,0.23198006,0.34137166,-0.45166233,-1.0730848,-0.4048072,1.2346016,0.36862108,0.8349505,0.78350556,-0.60698193,-1.2969931,-0.8708435,-0.3120384,0.033763014,-0.4449058,0.5404649,0.8321551,0.10828849,-0.69809556,-0.66508985,-0.31732312,-0.45970467,-1.1757576,-0.22329621,0.2597406,0.9926802,0.0042760177,2.8276045,-2.0938067,-0.7920808,-0.5426094,-0.52632654,-0.25107092,0.079348706,1.765814,-0.2002281,1.6870327,0.7871609,-0.42501387,-0.5933873,-0.69147044,-0.864843,-0.37880424,0.25662166,0.6065573,0.5067001,0.65292376,-0.06367458,-0.99535936,-1.0240474,-0.37182575,-1.4750562,-0.7604731,-0.9130423,0.96770173,-1.107008,0.73988533
-0.60336363,-0.680267,-0.69597906,-0.246218,0.52937156,1.747575,1.1686181,-0.24696441,-0.49127814,-0.5845923,-0.9562076,-0.23290901,0.38896555,1.6596782,0.42368317,-0.40459934,-0.6582209,-0.5177715,-0.12536205,0.2805622,0.49765843,1.2534071,1.1395189,-0.24699289,0.97989714,0.810379,0.79733163,-1.1078166,-0.9282903,-0.6770749,-0.46548706,0.70984906,-0.17261069,-0.4818074,-0.12187173,-0.080015786,0.628302,1.383359,0.53556967,0.61242867,0.12854187,-0.46464837,-0.5520564,-0.5477489,-0.47041032,-0.18319221,-0.4329339,-0.5138848,-0.72931856,-0.44696385,0.32073885,1.3577551,0.8719494,-0.4036109,0.40007856,-0.7267894,0.769033,0.94360894,-0.34564492,-0.8618086
3.4019601,0.38235652,-0.6603416,-0.9653128,-0.26250672,-0.44281226,-0.32021105,-0.6441173,2.754906,0.43108237,-0.39854804,-1.1639758,-0.8949349,0.08385228,0.75280017,-0.54344076,1.6665106,1.3715321,-1.5248709,-1.1459712,-0.9495573,-0.9555497,-0.25316828,-0.5835733,-1.32043,-0.9366288,-1.6385795,1.8125039,1.6158551,1.3876454,-1.4448111,2.1931345,-0.34079263,-0.54900956,-0.09213241,-0.23966725,-0.31989002,-0.3818175,-0.92175835,-0.9564295,-0.546751,-0.3765717,0.68411505,2.451858,1.5510573,-0.5278419,3.5855103,0.76662046,-0.33564517,-1.1854043,-0.97228813,-0.038466275,0.565244,-0.6261068,0.20074596,1.4747512,-1.1813301,-0.5504947,1.0427314,1.8962823
-0.51255083,-0.2490166,-0.1257803,-1.0947499,-1.1654758,0.7165443,4.290084,1.4383895,-0.46259314,-0.2369817,0.45086715,-0.56654125,-1.262141,-0.37962595,2.924972,1.8723999,0.077665314,-0.7077428,-1.3255469,-1.1459712,-0.52572984,0.74879694,4.1014314,2.5009098,1.3472466,0.97719157,1.5450726,-0.03393429,0.29739958,0.745509,-0.43253785,0.0070407274,-0.84253544,-0.07859451,3.7026052,-0.25107092,-0.34484246,-0.4259469,2.0112417,-0.781049,-1.1011581,-1.1956844,-0.6685345,-0.0006799765,0.14589077,-0.5371568,-0.3259339,-0.21838357,0.18828778,-0.34202757,-1.2894964,-0.5409856,2.391535,2.1119554,0.8794801,-0.9402259,0.96294415,0.86639327,0.2951129,0.38001862
0.31432396,3.4772122,0.97304016,-1.353624,-1.9545057,-1.5756186,-1.0815442,-0.40989894,1.2967525,1.9573102,0.41762915,0.10072327,-0.81304,-1.6901506,-1.338921,-0.5156725,2.7034411,0.43208498,-0.92265797,-1.6500129,-1.3113612,-1.0224878,-0.26297593,-0.57854974,-2.2247221,-1.8754576,-1.8827319,1.5040138,1.2789453,1.381828,-0.5936229,0.730687,0.86451125,-0.65461296,-0.56201375,-0.31949297,-0.2949376,-0.4553665,-1.1643066,-1.3231342,-1.1428429,1.6095566,2.1269414,1.2139986,0.6142796,-0.5371568,0.2090661,3.127552,0.46617487,0.09715017,-0.89433014,-1.7085155,-1.4980466,-0.5534551,-0.30437115,1.4878649,-2.0489817,-0.7776835,0.4420545,1.3898858
-0.5268897,1.8649559,1.6293627,-1.0156494,-1.1255971,-1.1242661,-0.878522,-0.32843167,0.31668225,2.4352746,0.6798399,-0.5820591,-1.1406195,-1.0348883,-1.1487645,-0.3907152,1.1982193,1.964867,-1.1601504,-1.2917945,-1.1907599,-0.94010246,-0.37086016,-0.40774772,-1.2970687,-1.6441456,-1.5149285,0.9162349,1.3055702,1.1363803,1.1654993,0.29877248,-1.1788993,-0.65461296,-0.53822225,-0.31949297,-0.494557,-0.4553665,-1.0766631,-1.0074493,-0.36333814,1.4378071,1.8564113,0.8152873,-0.036534347,-0.5371568,-0.33782277,2.231814,1.5458819,-0.5091483,-1.1765918,-1.076605,-1.1774001,-0.48534408,-1.4373149,1.0623001,-1.6035423,-1.3472437,0.19103868,1.1780916
-0.60814327,-0.8888456,-0.0842033,2.658925,0.42397767,-0.9428401,-1.0561664,-0.4048072,-0.63470304,-0.717662,-0.44655845,0.26365995,0.28065297,1.4039661,0.028742827,-0.4601359,-0.64776796,0.64807975,1.7067223,0.27105197,-0.3775625,-0.9040589,-0.9200889,-0.2419693,0.012782579,0.6407143,-0.35248432,-0.8164283,-0.898154,-0.19108236,-1.0970138,0.67575055,1.6353452,-0.6162117,-0.5798573,-0.3080893,0.20411082,-0.4700763,-1.0542427,-0.8830886,1.1373128,1.2132117,0.74423283,0.46293777,-0.16472498,-0.17387736,-0.4448228,-0.7078074,-0.56432307,0.30702272,0.36912656,1.2554457,-0.08301959,-0.5534551,0.24401695,0.7737725,0.5271605,-0.5749003,0.1001946,-0.83986366
1.6621776,2.214466,1.1868647,-1.1271092,-1.8775966,-1.5579185,-1.0477071,-0.43026575,1.0099027,1.4005901,0.08524931,-0.011780641,-0.16580625,-1.2458508,-1.3608621,-0.5017883,3.188457,0.32018408,-1.7411586,-1.6468428,-1.301024,-1.0224878,-0.25316828,-0.5835733,-2.218602,-1.428429,-2.0798032,1.6153734,1.0835989,1.6134225,-1.1153189,0.7666799,1.6409513,-0.65461296,-0.59175307,-0.31949297,-0.41969973,-0.4700763,-1.1459626,-1.3996638,-1.5847012,-0.42501387,1.0297922,2.4054961,3.6415505,-0.4998974,0.88078827,2.1148448,0.06960684,-0.02333222,-0.23571974,-1.2902509,-1.4841055,-0.56253654,0.10143058,2.3376944,-1.6613811,-0.83671904,1.4075987,1.2875522
-0.6129229,-1.0241399,-1.6106728,-1.1450865,0.2502202,1.0174459,-0.10027038,5.328451,-0.6442647,-0.9131929,-1.3329047,-1.113543,-0.35073018,-0.6609093,2.2667382,5.315667,-1.051251,-1.3765458,-0.99051297,1.0382099,0.35982838,-0.91435707,0.07048437,5.0428457,2.9801977,2.764185,2.644632,-1.6077042,-1.3425539,-0.8265512,0.37471807,1.1341861,-1.150869,-0.6450127,-0.65717953,-0.31949297,-0.54446185,-0.4553665,2.0112417,-0.29954988,-1.1636853,-0.06830348,-0.6497477,-0.93718785,-0.8747038,-0.42537853,-0.4448228,-0.809386,-1.1490438,-1.21261,-0.448088,-0.61320394,2.0011828,5.131543,-1.5590196,-1.5792502,2.673092,-0.97772443,-0.8356032,-1.2181916
0.820964,0.6811313,-0.6395531,-1.4111515,-0.2852946,1.1015214,0.28039616,0.063629515,0.464888,0.59945625,0.13695285,-1.1600964,-0.9821133,0.7966498,0.3578598,0.08134561,0.51041657,-0.7207545,-1.6690627,-0.8448141,-0.12602262,2.6848524,1.423941,0.315649,-0.0825648,-0.16328467,0.7169569,1.0078889,0.90918684,0.7088788,-1.0713866,-0.2752192,-0.057686366,0.9102372,3.1672976,-0.3080893,-0.17017551,-0.4700763,1.7585022,-0.33462596,-0.93441916,-0.87420475,-0.18759246,-0.3298486,-0.77116525,-0.5371568,0.6430105,0.94515246,0.0927641,-1.1348795,-1.0636871,0.4911349,0.51645,0.01413658,1.5603508,-1.1046809,-0.32040548,0.77607954,-0.523627,1.1248869
0.46249226,0.2386064,2.205501,-0.6309337,-0.97747594,-1.0800159,-0.72625536,-0.38444042,0.7087104,0.6999374,3.2391648,-0.6518891,-1.2542157,-1.2842076,-1.0390589,-0.44625178,-0.29654956,0.020914232,3.7254076,-0.5309768,-1.021918,-0.88346255,-0.45912907,-0.31229955,-1.1580808,-1.5996732,-0.56247175,0.91144335,1.124103,0.082184464,0.3527519,-1.1333653,-1.1620811,-0.65461296,-0.43710858,7.1157036,8.313647,2.0747197,1.1490742,0.49763414,0.2744385,-0.34134105,-0.8751893,-0.9881858,-1.0078249,-0.5371568,0.88673276,0.46804112,2.5300653,-0.12049544,-1.1604625,-1.3083055,-1.1495178,-0.5125885,2.5180922,-1.2544628,-1.5963842,3.448222,-1.6335973,1.1398908
-0.60814327,0.8277001,3.0994065,-0.2318361,-1.7009907,-1.5136683,-1.0730848,-0.4048072,-0.03709922,2.7340026,1.4221549,-1.3036358,-0.95833737,-1.2618327,-1.3754896,-0.47402006,-0.024773391,3.5679123,-0.80815274,-1.5232099,-1.2390004,-0.9658479,-0.82201236,-0.2871816,-1.422749,-1.8259983,-1.4255798,0.61211044,1.2452235,0.8049036,1.6377715,-0.47223288,-0.8173081,-0.65141284,-0.50848293,-0.31949297,-0.34484246,-0.33768806,-1.0868542,-1.0871676,0.53288394,3.0275905,1.1274835,-0.17221855,-0.7218612,-0.5371568,-0.43887833,1.1790909,3.1205754,-0.9133473,-1.036805,-1.3052964,-1.4701643,-0.5534551,-1.584029,0.6251411,-1.6722509,-0.912847,-0.49977648,0.9631225
1.1077414,1.9692452,-0.3247559,-1.8282266,-1.2509303,-0.16846073,1.4816105,-0.05347967,1.2776291,1.4956398,0.6650675,-1.4471753,-1.3572447,-0.7248373,1.0014663,-0.09914823,1.2797523,-0.5021574,-1.4315703,-1.139631,-0.63254815,0.5273863,2.8852818,0.32569617,-0.89536047,-1.0977956,0.07772151,1.8395643,1.6122622,1.4940312,-0.7089452,-0.7109225,-0.7584444,-0.5394093,1.8647151,9.054328,1.4267795,0.5449002,1.6708587,-0.40477815,-0.6634683,-0.58795565,-0.42430612,-0.14440148,-0.97824246,-0.5371568,1.2136772,2.0255787,0.5964345,-1.5118728,-1.5368114,-0.8178226,0.96256685,0.11857345,2.9779255,-1.0973767,-1.1436901,2.5903609,-0.71477455,1.9075344
2.164038,0.76850885,-0.08123352,-1.0444132,-0.84644574,0.13244097,-0.43864062,-0.45063254,1.8895755,0.6673489,0.343767,-0.41912237,-0.9847551,-0.35405472,-0.29306042,-0.47402006,0.85536325,0.48673424,-0.0066158497,-0.3914935,-0.55329585,-0.87316436,-0.59643626,-0.40272412,-1.1257865,-1.1435088,-0.96555674,1.5402545,1.3338878,0.7550793,-1.1317935,1.6589245,-0.40245935,-0.5682102,-0.06834095,0.6726268,0.20411082,0.11831585,-0.8891468,-0.015752364,2.096062,1.072289,0.18062882,-0.44111684,-0.9881033,-0.5371568,2.3015103,1.1052155,0.21144505,-0.45085037,-1.0287404,-0.43867627,-0.38972494,-0.5398329,0.29504928,-0.04865603,-1.3525648,0.29459378,-0.9171543,1.5780388
0.9117768,2.6231673,-0.11093137,-1.1810412,-1.2908092,-0.75698906,-0.41326287,-0.42008233,3.4959345,1.131735,0.18127017,-1.2027702,-1.2119473,-1.073245,-0.46858945,-0.13154456,1.9571021,0.85626745,-1.0286814,-1.1935222,-1.0942789,-0.9658479,-0.4787444,-0.46300718,-1.6102003,-1.7759413,-1.618765,1.634373,1.9342473,1.2855475,0.6035321,0.6113422,-0.7920808,-0.65141284,-0.6214924,-0.31949297,-0.41969973,-0.24942924,-1.084816,-1.2147171,-0.5842673,2.4242654,2.2133605,0.39339513,-0.55915767,-0.5371568,1.4038994,2.8751447,0.330126,-1.1737447,-1.2760553,-1.1217414,-0.6476363,-0.19019642,-1.2504102,0.99198353,-1.8273358,-0.80871385,-0.12494386,1.8904991
-0.60814327,-0.53369826,0.36720404,1.8355615,-0.6442034,-0.7260139,0.5257146,0.053446107,-0.63470304,-0.3401786,0.9420507,1.9240624,-0.60169834,-1.0221027,0.32860494,0.044321235,-1.0449793,-0.7597897,1.7703363,1.168183,-0.29831022,-0.3685542,0.9629811,0.33071977,0.103520565,-0.14757696,0.7202806,-0.17313102,0.10811003,-0.8407296,0.1257684,-0.3813035,0.25905627,-0.34420303,1.0736492,0.14805773,-0.36979488,-0.4553665,2.3495865,0.6666371,-0.44670764,-1.2969726,-1.4613374,-1.3729886,-1.0719202,-0.5371568,-0.43887833,-0.30764955,0.45459625,2.219195,-0.5744337,-1.1277597,0.23065634,0.005055113,0.009716422,-2.1027608,-0.2771737,0.24015652,-2.8992658,0.25053075
0.8257436,1.0729209,0.2751407,-0.6093609,-0.47329447,-0.61981326,-0.582448,-0.5168247,1.6409723,1.2783831,0.2809841,-0.19799401,-0.97154623,-1.0892271,-0.4173935,-0.33980668,1.4428179,1.2518241,-0.53673285,-1.1586515,-1.2148802,-0.9606988,-0.40028313,-0.4981723,-1.0571902,-1.4342519,-1.5265447,1.0596654,1.4130603,1.1144015,1.2295673,-0.12367025,-1.1228386,-0.62901217,0.020877019,0.2050761,-0.22008035,-0.32297826,-0.9176819,-1.300813,-0.78852254,1.0899043,2.1306987,1.0007343,0.36775917,-0.5371568,1.225566,1.4653577,0.5038054,-0.27984312,-0.84594244,-0.89906824,-0.5918717,-0.3899887,-0.92888564,1.222563,-1.3639812,-0.33720273,0.47289526,1.3790919
-0.49821195,1.5577252,2.425265,-0.71003413,-1.4816575,-1.5003933,-1.0900034,-0.4048072,0.044174902,1.2213533,2.736902,-0.37644848,-1.1643955,-1.1819228,-1.3681759,-0.4879042,1.639333,1.4704212,-0.93962175,-1.3805566,-1.2217717,-1.0070405,-0.5572056,-0.42784208,-1.54523,-1.536077,-1.6762347,0.8497246,0.9163949,1.2189801,0.10563276,1.0432568,-0.72480804,-0.65141284,-0.53822225,-0.3080893,-0.0454134,-0.3965273,-1.084816,-1.1509424,-0.9177453,0.55263686,1.3454103,1.6590716,1.6250135,-0.5371568,-0.33782277,0.9666994,2.8311098,-0.18267989,-1.2196031,-1.2029871,-1.4841055,-0.5534551,-0.742026,1.6182967,-1.588346,-0.77778894,0.8724827,0.89309525
5.6436033,0.25551817,-1.0345346,-1.4039606,-0.43911266,-0.91186494,-0.48939618,-0.5830169,4.5668406,0.3360326,-0.5204206,-1.4122603,-1.3387523,0.23088676,-0.41007978,-0.38608715,2.9083185,-0.08317963,-1.1389457,-1.184012,-1.2975782,-1.0224878,-0.15509172,-0.6338092,-2.0160143,-1.5172461,-1.9910436,2.5569866,2.1326528,1.7189412,-1.6772861,1.2648971,1.6325423,-0.6194118,-0.6274402,-0.27387828,-0.12027066,-0.0876214,-1.0440515,-1.3709651,-1.276234,0.51300234,1.3904988,2.4101324,1.4771012,-0.5371568,6.028677,0.60347915,-0.4687994,-1.4419152,-1.4212185,0.09995222,-0.5291365,-0.48080334,0.48925284,1.7528545,-1.8025507,-0.45907137,0.9196015,2.4666834
-0.3787214,-0.6154385,-0.502943,-1.0803679,-0.5900823,-0.19501089,-0.024137072,5.2011585,-0.4052232,-0.6008865,-0.29883406,-0.9467269,-1.0640082,-0.52666044,1.286701,4.732533,-0.9299971,-0.7025381,0.7440298,-0.38832343,-0.72558343,-0.85771716,0.22740687,5.1031284,2.2412002,2.0765796,2.1708317,0.26425287,0.039423898,0.45638144,0.82502407,-0.21459962,-0.60147464,-0.6130116,-0.15161106,0.5813974,0.6782068,0.23599428,2.1559553,-0.65668833,-0.9927778,-0.82576257,-0.19886453,-0.65438104,-0.85991263,-0.5371568,-0.18326722,-0.4584783,-0.3327505,-1.0221701,-1.07444,-0.60116756,1.0740961,4.55487,-0.8216234,-1.5346884,1.960528,0.771594,-0.5628444,0.21677247
-0.26879004,0.40208694,0.12962122,-0.5122831,-0.29668853,0.5837935,-0.1933222,0.038170997,-0.10403085,0.14321736,1.086082,-0.05833398,-0.95305383,0.30120757,-0.278433,-0.025099473,-0.18783909,-0.6244677,-0.24410826,-0.24884017,-0.22594944,1.8867444,1.2964414,0.16494136,-0.019431068,-0.2705442,0.7601662,0.39996532,0.5501161,-0.016661607,-0.41423273,-0.78290826,-0.5173837,-0.20979871,4.172487,0.6726268,1.2271601,1.1774217,1.976592,0.35732976,-0.7718487,-0.8345702,-0.9428218,-0.97427726,-0.9289383,-0.5371568,-0.18921167,0.4926662,0.6601169,0.015533068,-0.97766453,0.05180666,0.042450786,-0.090300284,1.9647176,-1.6555649,-0.35647905,2.0455928,-1.5871246,0.695522
-0.54600817,0.92071486,3.1677115,-1.9684501,-1.5528696,-0.4472373,-0.14256667,-0.34879848,0.8234503,4.0266795,-0.498262,-1.8273609,-1.6953913,-1.0988163,-0.16872735,-0.18708113,1.2483934,2.4020612,-1.5630393,-1.5517406,-1.1873142,-0.9606988,-0.2727836,-0.5182667,-1.0879439,-1.9506893,-1.6882709,0.94092304,1.8618232,1.2272077,2.7232654,-1.3569,-1.1648841,-0.65461296,-0.41926497,-0.31949297,-0.54446185,-0.4553665,-1.121504,-1.5112696,-1.5888697,0.40290654,4.095798,1.8352463,-0.5640881,-0.5371568,-0.367545,1.3083727,3.4766183,-1.6712204,-1.7599324,-1.1608597,-0.257284,-0.25830743,-2.13877,1.5945799,-1.5395457,-1.5236144,0.2535258,1.3215592
-0.3165863,2.2285593,1.7511239,-0.47273287,-1.7608088,-1.5756186,-1.0561664,-0.42517403,0.9907794,2.8534937,0.0076940157,-1.148458,-0.95305383,-0.98694223,-1.3608621,-0.5017883,1.6163366,2.2329087,-1.6902673,-1.6341625,-1.2975782,-1.0224878,-0.61605155,-0.39770055,-1.7583094,-1.9027901,-1.8230993,1.0338472,1.5077521,1.2480417,1.1508553,0.11691373,-0.9182173,-0.65461296,-0.53822225,-0.3080893,-0.31989002,-0.4112371,-1.1418862,-1.4283624,-1.3429297,1.7416714,2.9535606,0.84774053,0.116308324,-0.5371568,-0.07626723,2.6042686,1.4590423,-1.0416027,-1.0341169,-1.046514,-1.4771348,-0.5670773,-1.2990053,1.437327,-1.8246889,-0.93734676,0.23343836,1.3005658
-0.4504157,-0.51678646,-0.06341481,0.73534644,0.8540986,-0.009159834,-1.0223293,-0.42008233,-0.40044236,-0.03873505,0.37700495,-0.19411455,-0.44583392,0.4993845,1.2501324,-0.5203005,-0.6164092,0.7209454,1.2868695,0.144249,-0.21905793,-0.82682264,-0.41009077,-0.3273703,0.09955837,0.12609425,-0.29768395,-0.585919,0.04436475,-0.111415945,-0.020672588,0.41432858,0.046025828,-0.63861245,-0.16945465,-0.00019005836,0.17915839,-0.04349199,-1.1276187,-0.7013306,1.9084805,1.7636906,0.30086434,-0.25103357,-0.36687174,-0.3415448,-0.28432277,-0.32611838,0.08118547,0.027192654,-0.21959051,0.44298935,1.157743,-0.5125885,-0.21322985,0.48319316,0.21719934,0.039440572,-0.39095947,-0.13875899
0.3047647,0.83051866,-0.654402,-1.1019409,-1.1284455,0.11031584,1.8622772,1.6267825,1.8322055,0.09976604,-0.6312139,-0.90793246,-0.52244526,-0.38601875,1.8206018,0.25258335,0.9348055,-0.60104656,-1.8344592,-0.9906375,0.001470186,1.1452763,3.9150858,-0.46803078,0.41737375,-0.18906902,0.3217835,1.2920738,1.2057153,1.033907,2.679333,-1.2924917,-1.1732932,-0.65461296,-0.56201375,-0.31949297,-0.46960455,-0.24942924,0.29913604,1.2278547,-1.3220873,-0.94906986,0.03409178,0.30067158,-0.075977616,-0.5371568,0.6786772,1.1513877,-0.4687994,-1.1037872,-0.7195968,-0.5590402,0.9346846,1.2582976,-1.8292049,-0.36623588,-0.051625546,-1.1885954,0.1592925,1.3657944
-0.58424515,-0.40122262,0.4889652,-0.33250937,-0.7495973,0.9023953,1.8199809,0.1858304,-0.62036055,-0.19081467,0.816485,0.27141884,-0.847383,-0.18144906,1.5573083,0.34051627,-0.26310018,-0.19247818,-0.6385153,-0.5880381,-0.22594944,0.753946,2.394899,1.0591401,0.61757225,0.3317276,0.9311765,-0.15542954,0.1514572,0.34911835,-0.70162314,0.38591313,-0.8397324,-0.41140518,3.500378,0.19367243,0.45363504,-0.23471944,1.4283105,-0.09228203,-0.6801422,-0.526302,-0.5783579,-0.30203152,-0.5542273,-0.5371568,-0.4448228,-0.29225886,0.67169553,0.38086677,-0.8755127,-0.4115944,0.976508,0.7361132,1.1257396,-1.0063372,0.27214146,1.1452115,-0.42613184,0.29215062
1.4996704,0.9799061,0.37908316,-0.98688567,-0.7097186,-0.42068714,-0.6585813,-0.47099936,1.961288,1.0394009,0.9605163,-0.6286124,-0.881726,-0.93579984,-1.0902548,-0.5341847,0.72992814,0.59343046,0.08668474,-0.45806506,-0.50160956,-0.85256803,-0.547398,-0.43286565,-1.228764,-1.6444165,-0.93515265,1.3643402,1.4066935,0.75520587,0.93851584,0.21542054,-1.1172326,-0.63541234,-0.41926497,-0.034401085,0.4286826,0.3978021,-0.70366865,0.7176569,1.74591,1.2132117,-0.27025437,-1.0762732,-1.0472682,-0.5371568,2.0577881,1.4068731,0.7411673,-0.5402405,-0.88895375,-0.9020773,-1.1146649,-0.5897809,-0.9944729,-0.44912696,-1.718641,0.08605957,-1.3972647,1.5516058
-0.54600817,-0.21519305,-0.21190406,0.1852389,-0.12008258,0.7165443,1.3378032,-0.3437068,-0.3287299,-0.24784455,0.2662117,0.61668944,-0.039001264,-0.36044753,1.0160937,-0.38145912,0.069302976,-0.34341428,-0.21018077,-0.2805409,0.084168226,0.32657206,1.8554779,-0.20178059,0.4577967,0.065960936,0.27986115,-0.3227905,0.026629461,0.3519362,-0.2458256,0.21542054,-0.9013991,-0.36340362,1.7160186,1.0261408,0.7031592,0.72141784,0.9370992,-0.672632,-0.6884792,-0.41180238,-0.14250414,0.013228556,0.28887263,-0.12730306,-0.36160055,-0.20299289,0.086974785,0.4663704,0.062671095,-0.45673087,1.4365661,-0.4580997,0.8155652,-0.27279028,0.08919884,1.4257956,0.73808855,-0.0006603277
-0.22099382,1.4731663,1.0532244,-0.51587856,-0.74674886,-0.9649652,-1.0561664,-0.42008233,0.82823116,2.0903797,-0.17696145,-1.435537,-1.0640082,-0.42117918,0.68697673,-0.3907152,1.2233064,1.8451592,-0.6724428,-1.3900669,-1.232109,-1.0173388,-0.5866286,-0.4127713,-1.1847143,-1.12189,-1.5747489,0.85633487,1.5276306,1.054555,0.64380336,0.57913804,-0.8004899,-0.64821273,-0.5858052,-0.31949297,-0.41969973,-0.3818175,-1.139848,-1.4124187,-1.2053701,1.1911925,2.987377,1.0285515,0.30366385,-0.5371568,0.03667721,1.8624375,1.0508957,-1.3408655,-1.1443332,-0.51390374,0.51645,-0.48534408,-1.0579187,1.4859741,-1.089901,-0.912897,0.3448788,1.3431557
-0.598584,-0.8042867,0.043497454,0.19602531,0.03943247,1.8051004,-0.14256667,-0.32333997,-0.5151823,-0.32660007,0.24405302,0.62444836,0.10365434,0.29161838,-0.19798219,-0.47402006,-0.36762947,-0.39285886,0.08668474,-0.11569706,0.36327413,1.2225126,0.72759736,-0.37258258,0.6174991,0.05774764,0.47894317,-0.8482234,-0.24722855,-0.2512727,0.37837908,-0.46844414,-0.7920808,-0.4754072,1.1569192,0.50157166,0.85287374,2.9278884,0.98805475,0.028889941,-0.29247406,-0.66722465,-0.42054877,-0.64510864,-0.20416825,0.1894021,-0.42698944,-0.6000726,0.055133555,0.6917891,-0.11206228,0.5633533,0.20974462,-0.48080334,0.88389915,-0.6669363,0.21676017,2.2103543,0.10443408,-0.36530545
-0.60336363,-0.5026933,0.05240681,0.656246,0.3157353,-0.00030978417,0.25501838,-0.18586397,-0.63470304,-0.5438567,0.22558747,1.214124,0.6267249,-0.54583883,-0.28574672,-0.31666645,-0.12094034,-0.2939697,-0.49432346,-0.03644521,0.67339176,0.5170882,0.41375235,-0.196757,0.33604532,0.08918086,0.3194901,-0.49637538,-0.39676726,0.0044034063,-0.1872492,1.164496,-0.806096,-0.5650101,-0.16945465,-0.20545621,-0.14522308,0.059476636,1.5811771,-0.6407446,-0.9302507,-0.9798967,-0.59714466,-0.24639739,0.4515761,-0.08072878,-0.43887833,-0.541588,0.04934424,1.1270803,0.7239697,-0.59214026,-0.36184263,-0.35366282,-0.43556425,-0.6701716,-0.012818274,-0.17622313,0.73405915,-0.279795
3.2059956,0.46691543,-0.43760774,-0.29295915,-0.72680944,-0.77468914,-0.51477396,-0.59320027,3.2234273,0.2654242,0.10740797,-0.5510235,-0.32695425,-0.96776384,-0.67337334,-0.64988583,1.5138978,0.026118925,0.48957366,-0.7687323,-0.9840148,-0.9246552,-0.40028313,-0.5082195,-1.5301977,-1.5662682,-1.3160782,1.8445717,1.6533039,1.1199523,-0.901149,1.7233328,-0.82852024,-0.6450127,-0.52037865,0.21647978,1.0524931,1.5598767,-0.964561,-0.56421494,1.7875948,1.6624025,0.35722473,-0.20003562,-0.7415828,-0.5371568,4.1086216,0.55422896,0.020397669,-0.47805607,-0.3997003,-1.0013776,-0.80795956,-0.7169215,0.3012926,0.254089,-1.7869297,0.94204646,-0.62434614,1.8866253
-0.58424515,-0.5872522,0.20683564,1.073321,0.8882804,-0.6375134,-1.0646256,-0.4048072,-0.5629906,-0.17180473,0.17019083,-0.5083496,0.1961163,0.7870606,0.33591866,-0.46476397,-0.32372716,1.2648358,1.5964578,-0.39466357,-0.870305,-0.970997,-0.57682097,-0.41779488,-0.0027577356,0.28200677,-0.7623079,-0.6428109,-0.25843206,0.18889382,-0.58080935,1.2838408,0.026404602,-0.65461296,-0.56201375,-0.28528196,-0.36979488,-0.4553665,-1.1785742,-1.2657369,0.24942765,1.6932293,1.3867414,0.61593163,0.07193465,0.13351294,-0.42698944,-0.4184625,0.12749998,-0.2098856,0.14062907,0.7860265,0.16095059,-0.5398329,-0.35020837,1.1894877,0.2399657,-0.89687043,0.29039243,-0.33369625
-0.5268897,3.3137317,1.4541454,-2.0403595,-1.5785059,-1.2393168,-0.7770109,-0.31315655,2.5206451,3.7714028,-0.4576378,-1.9515032,-1.6901078,-1.3545284,-0.95860803,-0.4369957,2.4274838,1.1893678,-1.910796,-1.5897815,-1.2493377,-0.95040065,-0.39047548,-0.39770055,-1.7861111,-2.5974019,-1.8412519,1.3439723,1.980711,1.4814409,3.1680799,-1.7982863,-1.153672,-0.65141284,-0.53822225,-0.31949297,-0.494557,-0.4112371,-1.0725867,-1.4315512,-1.3262558,1.1691734,3.43826,1.5802566,-0.840191,-0.5371568,-0.33782277,3.9217114,1.8092958,-1.7917027,-1.7733735,-1.383533,-1.1286061,-0.45355895,-2.3568256,1.3367976,-2.2556233,-1.6041589,0.09771011,1.5814538
-0.6129229,-0.9564927,-0.90683377,0.21759816,0.4524625,2.1591024,1.1686181,-0.3691653,-0.6442647,-0.78012323,-0.25082365,0.21322717,0.2674441,0.61765134,1.6670139,-0.40459934,-1.0847005,-1.4051716,-0.59610593,1.0413799,1.6933343,1.7580173,0.84528923,-0.2419693,1.1236415,0.72432053,1.4732991,-1.504515,-0.8443933,-2.1663718,-0.6174196,-0.56884533,0.8252688,-0.030592972,-0.2289333,0.9805261,2.824115,2.8249197,1.4996482,2.3407235,-0.5509195,-1.6845099,-1.4763669,-1.35908,-1.0423378,-0.5371568,-0.4448228,-0.76321393,-0.73800254,0.28370354,0.33417988,0.7438991,1.6526539,-0.4717219,1.7115341,-1.935859,0.75037885,2.1905894,-3.1410284,-0.94387686
1.7004145,3.136158,1.2017137,-2.2381105,-1.9545057,-1.5756186,-1.0477071,-0.43026575,1.6935614,1.1724706,2.5448604,0.2752983,-1.893524,-1.709329,-1.3096662,-0.5341847,2.2518747,0.6584891,-0.52401,-1.5454005,-1.3044697,-1.0224878,-0.32182187,-0.5484082,-2.5062866,-2.14383,-1.7956915,1.7495224,1.267564,1.3377388,-0.7400639,-0.19755037,1.7782999,-0.5138084,0.35395744,-0.20545621,0.054396287,-0.1317508,-0.93602586,-0.8288801,-0.4342022,0.7904438,1.2514764,1.9001528,-0.20416825,-0.5371568,1.6060104,1.9240003,1.9540286,0.3147958,-1.9911181,-1.7265701,-1.4980466,-0.5534551,0.47591445,1.0424522,-2.360433,0.24505743,0.4235294,1.4353151
-0.5316693,-0.3138451,-0.461366,-0.8394712,-0.71256703,0.60591865,4.9076095,0.7357344,-0.1422775,-0.16637331,0.43978783,-1.1251813,-0.83681595,-0.2997159,3.5173826,0.8866258,-0.29654956,-0.7441756,-1.0286814,-1.0857397,0.08072247,1.0474437,4.3466225,1.7222537,1.342871,0.743789,1.6353426,-0.34358665,0.37529758,0.06511776,0.9659735,-1.0803231,-0.95745975,-0.4818074,3.4706385,-0.19405255,-0.2699852,-0.30826846,2.0642354,-0.2772287,-0.880229,-1.182473,-0.7023508,-0.3066677,-0.6676267,-0.5371568,-0.34971166,-0.13219571,-0.017232874,-0.34980065,-0.9454061,-0.56204927,2.7749166,1.5352823,0.11383713,-1.3543642,0.8917355,1.0353515,-0.6435174,0.24792655
-0.6129229,-0.9198505,1.3115957,2.6984754,-0.641355,-1.3853426,-1.0138701,-0.4048072,-0.6299222,0.59674054,2.090608,1.2645568,-1.2885587,-0.7791761,-1.0902548,-0.4601359,-0.9843523,1.5172634,2.987485,-0.52146655,-1.1563025,-0.9349534,-0.84162766,-0.24699289,-0.40610996,-0.9610412,-0.6188157,-0.46205887,0.44156057,-0.14241049,1.7128226,-0.4911765,-0.9013991,-0.64821273,-0.49658722,-0.3080893,-0.2949376,-0.4406567,-1.0277458,-0.28998366,2.2919803,2.7545528,-0.35667366,-1.0113667,-1.0324769,-0.5371568,-0.4448228,-0.69857305,1.6182483,2.9420893,-1.1873446,-0.84791356,-1.1774001,-0.5534551,-1.515242,-0.069132514,-0.7736197,-1.1277269,-1.3218685,0.11084755
0.25696847,0.7656902,-0.5831272,-1.3320512,-1.1740212,0.18111624,1.989166,1.9221014,1.7270272,0.14321736,-0.6903037,-1.1096636,-0.5779224,-0.35725114,1.7182099,0.71538806,0.8470009,-0.6582982,-1.8683866,-1.1237806,0.042819206,1.2070653,4.709506,-0.42281848,0.5732408,-0.04653426,0.509224,1.2894808,1.2238865,1.0067189,2.7708585,-1.362583,-1.1817024,-0.65461296,-0.60959667,-0.31949297,-0.41969973,-0.30826846,1.2672911,-0.054017197,-1.3512666,-1.1164155,-0.010996538,0.3563057,-0.21895948,-0.5278419,0.6132883,1.0836686,-0.41380093,-1.2398157,-0.8217486,-0.5169128,1.0392432,1.5216601,-1.8620908,-0.50381505,0.08148989,-1.3079085,0.103356935,1.3628569
-0.12062173,-0.18700674,-0.24160191,0.062992774,1.3354923,-0.7171638,-0.6416628,-0.38444042,-0.1900858,-0.033303637,0.343767,0.4071994,0.9463791,-0.913425,-1.0829412,-0.32592255,0.2720898,0.70012665,-0.4985644,-0.48025557,0.6802833,-0.9658479,-0.69451284,-0.34746465,-0.01013327,-0.3199563,-0.5662496,-0.16713855,0.0953891,0.47288847,-0.9945051,2.556852,-1.1704901,-0.65461296,-0.6452838,-0.31949297,-0.41969973,-0.4553665,0.34601513,-0.8607674,-1.2553917,-0.5307058,0.5526075,1.955787,0.052213013,-0.5371568,0.030732766,0.11405529,0.06381752,0.45859733,0.97397286,-0.85694087,-1.163459,-0.42177382,-0.8778252,0.4538209,-0.4607393,-1.4684877,0.9119979,0.24602513
-0.60336363,2.5414271,3.2419562,-2.2740653,-1.9174753,-1.5623436,-1.0900034,-0.4048072,1.6409723,3.1277802,1.492324,-1.392863,-1.8882406,-1.6965433,-1.4047444,-0.47402006,1.4699955,2.4020612,-1.7581223,-1.608802,-1.2631207,-1.0070405,-0.6356669,-0.38765335,-1.9901441,-2.5858057,-1.7450565,1.0886353,1.5522485,1.1722165,2.4230614,-1.1125273,-1.0807931,-0.65461296,-0.49063936,-0.2624746,-0.54446185,-0.27884886,-1.056281,-1.119055,0.061846282,2.151228,2.5364935,-0.3066677,-0.91414714,-0.5371568,-0.4329339,2.9182386,3.216099,-1.3292059,-1.9830536,-1.7145337,-1.4980466,-0.5534551,-1.9313258,0.7316578,-2.4020371,-1.0950328,-0.42850256,1.2972722
4.5777473,0.26115543,-0.54748976,-1.2493552,-0.5644459,-0.54458785,-0.582448,-0.6543007,3.036975,0.583162,-0.3505376,-1.0475924,-1.1564702,-0.2997159,1.3013284,-0.60823345,2.6950788,0.4164709,-1.317065,-1.3615361,-1.2700123,-1.0224878,-0.05701516,-0.6840451,-1.7247266,-1.1260833,-1.9655118,2.1222534,1.7604948,1.612119,-1.6150488,1.8369944,0.79723847,-0.64821273,-0.5977009,-0.31949297,-0.2699852,-0.4406567,-1.0766631,-1.469816,-1.5680273,-0.40739855,1.0560937,3.471817,2.3941572,-0.5371568,4.132399,0.8835897,-0.33564517,-1.0688084,-1.243797,-0.399558,1.0810666,-0.6851364,0.25663018,2.1618798,-1.3947456,-0.88718504,1.2020005,2.074883
-0.41695836,3.6604233,1.0086776,-1.2241869,-1.8405663,-1.5756186,-1.0900034,-0.4048072,1.0768343,1.8622603,1.5034033,-0.52386737,-1.2594992,-1.319368,-1.4047444,-0.469392,2.4086685,1.0358293,-1.3297879,-1.6436727,-1.301024,-1.0224878,-0.21393766,-0.6036677,-2.0643373,-1.912318,-1.8675183,1.3174564,1.2808526,1.3231043,-0.34284276,1.2876295,-0.3043532,-0.65461296,-0.6155445,-0.31949297,-0.41969973,-0.4553665,-1.1561538,-1.3677764,-0.95943004,2.0059013,1.8376245,1.1490921,0.4515761,-0.5371568,-0.25460055,3.0967705,1.3345721,-0.52469444,-1.348637,-1.3594602,-1.491076,-0.5534551,-0.66065514,1.4045502,-2.0493126,-0.95519376,0.32999766,1.33221
0.6345587,2.191917,1.7689426,-1.0012676,-1.891839,-1.5711937,-1.0561664,-0.42517403,0.31190142,0.77054584,2.0093594,0.4421144,-0.7734134,-1.3417428,-1.3828032,-0.4879042,2.2372406,1.0176129,-0.95658547,-1.6309924,-1.3113612,-1.0224878,-0.37086016,-0.5232902,-2.0189705,-1.3925068,-1.8723881,1.3302189,0.7922057,1.3852572,-1.3203363,1.1303974,1.3774662,-0.62901217,-0.5858052,-0.31949297,-0.36979488,-0.4259469,-1.1500391,-1.3103791,-1.3470981,-0.050688148,1.2965647,2.6002157,2.2659667,-0.5185271,0.43495497,1.11445,1.6356163,0.4391647,-0.85400707,-1.3805239,-1.491076,-0.5579958,0.14319481,2.022606,-1.6315104,-0.8454001,1.1075152,1.0103571
1.3945187,0.28934172,-0.586097,-1.770699,-1.4332333,-0.8012393,0.28039616,4.8192806,1.2632867,0.295297,-0.106792375,-1.1678553,-1.5025421,-1.1819228,-0.28574672,4.325265,0.9682549,-0.62707007,-1.6054486,-1.1206106,-1.0563756,-0.8113754,-0.037399847,4.9122324,1.1412461,0.72964907,1.1988705,2.5443115,2.1123626,2.7299607,0.61817616,0.8367713,-1.1312478,-0.65461296,-0.639336,-0.22826357,-0.36979488,-0.4259469,1.2081826,-1.2753031,-0.46338153,-0.22684143,0.1355405,0.29603538,-0.4013846,-0.4533231,1.8378438,0.5296039,-0.13591382,-1.2281561,-1.5798227,-1.1728961,-0.36881322,4.141663,-1.7737254,-0.6227477,0.5731485,-0.96822906,0.5730462,2.3919537
0.31432396,2.2539268,0.71466887,-1.2385688,-0.971779,-1.0357656,-0.9038997,-0.4048072,0.43142217,2.1745667,1.1156268,-0.6984424,-0.9187108,-1.367314,-0.94398063,-0.5017883,1.7020506,0.72615016,-1.0414042,-0.6355892,-1.0873873,-0.97614604,-0.2923989,-0.56347895,-1.5466509,-1.6893164,-1.4477998,1.3320516,1.2424079,1.1587286,-0.20372382,1.5111642,-1.0611719,-0.65141284,-0.54417014,-0.31949297,-0.36979488,0.44193155,-1.0970453,0.04483362,0.39532426,0.06381148,0.23698922,1.4828968,0.4417153,-0.5371568,0.3160661,2.3272362,1.360624,-0.82395715,-0.905083,-1.356451,-1.1704295,-0.50804776,-0.5432378,0.8272278,-1.8328587,-0.2775135,0.4806901,1.3819553
-0.60814327,-0.8352916,1.0205568,1.497587,0.32997775,-1.102141,-1.0477071,-0.4048072,-0.6299222,-0.57101375,0.08524931,1.2296418,0.43651742,0.24047595,-1.0171177,-0.4601359,0.24491219,1.9908905,-0.11263925,-0.9906375,-0.9288828,-0.67749923,-0.89066595,-0.25704005,-0.20631492,0.10437166,-1.0857972,-0.5254704,-0.5272076,0.7183472,-1.3917263,2.5454857,-1.0107174,-0.5746104,0.1576779,-0.27387828,-0.36979488,-0.4553665,-0.83003837,-1.3071904,-1.1386744,-0.26647592,0.954645,3.0081992,1.5066836,-0.5371568,-0.43887833,-0.6647135,0.07539616,1.3913642,0.32880348,0.18721606,-1.0937532,-0.5534551,0.07303042,1.7014184,-0.05703032,-0.6212003,1.129953,-0.40375993
-0.30702704,-0.42377165,0.5602401,1.5011824,-0.41347632,-0.37201187,-0.7008776,-0.4048072,-0.2044283,-0.15551049,1.7323761,1.6602602,-0.58848953,-1.0348883,-1.0317452,-0.5064164,-0.7167573,-0.7675968,1.3080742,1.8338985,-0.17770891,-0.33251062,-0.66508985,-0.3273703,-0.28385764,-0.8157223,0.22412568,-0.098966844,0.3145673,-0.8139278,0.18068376,-1.116316,-1.150869,-0.65141284,-0.26462048,5.9867396,9.386601,3.6486688,1.8135343,0.6538822,-0.15908287,-1.0063196,-1.1269325,-1.2339032,-1.0078249,-0.5371568,-0.06437834,-0.21530543,0.6688009,2.5417767,-0.6281978,-0.85994995,-1.1425472,-0.5489144,2.9872496,-1.7119235,-0.7877209,3.761345,-2.1957178,0.32383442
0.23784998,1.1715729,0.71466887,-0.080826186,-0.8863245,-0.9428401,-0.84468496,-0.30297315,0.17803816,0.89818406,1.086082,0.34900776,-0.71265274,-0.961371,-0.8708435,-0.28889817,1.992642,1.4105673,-1.7411586,-1.3773866,-1.1528567,-0.94010246,-0.25316828,-0.538361,-1.1056099,-1.0249957,-1.7363299,0.9529385,0.84477425,1.3794365,-1.5033876,3.0683298,-1.145263,-0.65461296,-0.6274402,-0.31949297,-0.494557,-0.4700763,-0.8993379,-1.2338495,-1.5930382,-1.023935,0.6803577,4.867306,1.329189,-0.5371568,0.3457883,1.2622006,0.8424803,0.36532065,-0.7787373,-1.0224413,-0.9682828,-0.38544795,-0.47517562,1.9890032,-1.2608505,-1.3563368,1.3010457,1.0808485
-0.4886527,-0.25183523,0.86315817,1.4005091,-0.12008258,-1.0534657,-1.0815442,-0.40989894,-0.6442647,-0.78555465,-0.0772475,1.179209,0.61351603,0.30760038,-0.6441185,-0.4601359,0.7341093,2.7143426,-0.93962175,-1.5010195,-1.2458919,-1.0070405,-0.43951374,-0.48812512,-0.4476601,0.2949473,-1.5656139,-0.1445986,-0.7297212,0.9939503,-1.65532,2.541697,-0.14458036,-0.65461296,-0.6274402,-0.31949297,-0.3947473,-0.4700763,-1.1643066,-1.4730047,-1.2678971,-0.9138392,0.09045218,2.4194047,5.194629,-0.50921226,-0.4448228,-0.6801042,-0.21406956,1.2747684,0.5761184,0.17217056,-0.75219494,-0.5534551,0.113558576,2.5749316,0.10033836,-1.0775154,1.6013911,-0.5483422
4.0711074,1.399882,-0.32772568,-2.1266508,-1.6297786,-1.1552413,0.0012406978,0.949586,2.8792074,1.7536321,0.44717404,-1.6954597,-1.6399142,-1.3960817,-0.51247174,0.905138,1.6978694,-0.067565545,-1.2873784,-1.2537537,-0.90131676,-0.5333249,0.7177897,1.0289985,-1.6148546,-1.618073,-0.58662105,2.9148917,2.2949262,2.228307,-0.93226767,-0.7355492,1.5876937,0.1902141,1.698175,0.13665405,-0.070365824,-0.33768806,0.7108567,-0.060394667,-0.7801856,-0.72447443,0.44740137,0.32848862,-0.54929686,-0.5278419,3.7043993,2.1117666,0.4372283,-1.6712204,-1.741115,-1.4256604,-0.6476363,0.8360093,1.1971062,-0.45432797,-1.8401537,0.64548635,0.15180063,2.5894415
-0.4312972,2.20601,1.4482058,-1.6772166,-0.8977184,-0.9561152,-0.89544046,-0.38953212,0.7995461,3.3097327,0.05201133,-1.5984737,-1.4100801,-0.7919617,-0.80502015,-0.44625178,1.2630275,1.9908905,-1.0201995,-1.4724888,-1.2390004,-0.90920794,-0.44932142,-0.4127713,-1.3935003,-1.8939812,-1.5805267,1.0933617,1.6458831,1.1460712,1.4583813,-0.049790133,-1.1424599,-0.65461296,-0.50848293,-0.3080893,-0.44465214,-0.4112371,-1.0175548,-1.4219849,-1.0928212,3.168513,2.4726186,0.003956201,-0.55915767,-0.5371568,-0.2189339,2.5273151,1.951134,-1.476894,-1.4615415,-0.85994995,-0.9334299,-0.5216699,-1.6812575,0.9983211,-1.7664057,-1.2171417,-0.17190379,1.4191961
-0.6129229,-0.7873749,-1.0256252,-0.19947682,0.9253107,1.7564251,1.363181,-0.3793487,-0.5295248,-0.65248495,-1.0116042,-0.61697406,0.39953262,1.6884458,1.4549164,-0.4369957,-0.71884793,-0.77800614,-0.040543336,0.68950176,0.59758526,1.0216984,1.080673,-0.2369457,1.111011,0.98786867,0.85072535,-1.4324661,-1.0974212,-0.9233056,-0.6521993,1.1095594,-0.22306527,-0.54900956,-0.2467769,-0.011593734,0.40373018,0.706708,0.31951827,0.8069415,0.47452527,-0.36776406,-0.6084168,-0.6636534,-0.49013197,-0.33222994,-0.4448228,-0.56929123,-0.8422102,-0.69958824,0.35299733,1.387846,1.7711537,-0.52621067,0.18131995,-0.7247498,0.9122266,0.4903052,-0.55900806,-1.0510492
-0.53644896,-0.11372236,1.3502029,1.6557878,-0.6442034,-1.451718,-1.0900034,-0.4048072,-0.60601807,-0.234266,-0.051395737,-0.19799401,0.04289362,0.99802315,0.34323236,-0.4508798,-1.0909722,-1.085083,0.6846567,1.643694,1.5141551,-0.25527436,-0.83182,-0.23192212,-0.73000145,0.36934748,0.7688734,0.015549132,-0.37372392,-1.6304374,-1.6425065,-2.597707,1.3214055,4.897565,0.08630353,-0.13703416,0.85287374,3.3838923,-0.577299,-0.04126225,4.7888966,0.4381372,-1.4237639,-1.3822609,-1.0719202,-0.5371568,-0.4329339,-0.29533702,-0.12722985,-0.20211254,0.17826395,0.87629944,0.1888329,-0.54437363,3.9771297,-0.76075965,0.26956028,1.7784309,-2.2149034,-0.32197276
1.2989262,3.8239038,0.6077566,-2.112269,-1.9402633,-1.5756186,-1.0561664,-0.42517403,0.8473545,1.9084274,2.05737,-0.15144067,-1.5104674,-1.6997398,-1.3681759,-0.4971603,2.7557058,0.98638475,-1.8726276,-1.694394,-1.3113612,-1.0224878,-0.35124484,-0.5333374,-2.5348608,-2.06256,-2.0310874,1.7801437,1.2206157,1.5220559,-1.194031,0.992109,1.3298147,-0.60661143,-0.57390946,-0.3080893,-0.19512793,-0.36710766,-1.1153893,-1.3327004,-0.76768017,0.46456018,1.3904988,2.9572012,0.46143696,-0.5371568,0.9521216,2.521159,1.6443002,-0.16713378,-1.6040165,-1.7175428,-1.4841055,-0.56253654,0.14435045,1.6062974,-2.3242009,-0.6633013,0.6762444,1.4587641
1.3610613,0.6811313,0.78297395,0.62029123,-1.1968092,-1.4782681,-0.946196,-0.49136618,0.56528544,0.069893256,-0.29514095,-0.8381024,-0.47753516,0.5729017,1.8571703,-0.46476397,-0.37390125,-0.8378601,-0.43070942,0.12839864,1.0420872,1.2225126,0.74721265,-0.27211082,-1.5022169,0.065830156,0.75508124,1.1263249,0.52046144,-0.57608616,-1.7926085,-2.6526437,-0.21465617,7.1120358,0.62161136,0.6270121,0.628302,0.72141784,-0.7362802,-0.91497594,1.0372694,4.247452,-0.15001886,-1.1597244,-1.0719202,-0.5371568,0.91051054,0.2371808,-0.26906806,-0.8433898,-0.50722855,0.46405303,1.6317422,-0.54437363,4.374535,0.019137613,-0.096837945,1.2416538,-1.2079527,0.7012031
0.4720515,0.46409678,0.99976826,0.8935473,-1.0714759,-1.2968421,-0.9038997,-0.3691653,0.70392954,0.38219965,1.2633512,1.276195,-0.8949349,-1.1627443,-1.1560782,-0.45550787,1.0874183,1.439193,-1.4061247,-0.35028255,-1.1907599,-0.8886116,-0.23355298,-0.44793642,-1.0703897,-1.1887423,-1.2589362,0.7104068,0.78513634,1.075615,-0.90847105,2.1457756,-1.0107174,-0.6034113,-0.18729825,-0.23966725,-0.17017551,-0.4112371,0.12792549,-0.8958435,-0.9761039,-0.6099748,0.24074657,1.8630635,0.90024334,-0.5371568,0.87484384,0.63118243,1.0074757,1.4146835,-0.97497636,-1.2120144,-1.2958999,-0.5125885,-0.45315564,0.65840787,-1.3820397,-0.67530423,1.1637914,0.9418223
-0.6129229,-0.8775711,-0.59203655,-0.99048114,-0.3194764,0.012965291,0.060455494,5.1757,-0.6442647,-0.82900596,-0.6976899,-1.3695863,-0.7602046,-0.04400378,1.3159559,5.1074047,-1.0219829,-0.754585,0.027311638,-0.061805803,-0.17426315,-0.8628662,0.08029203,5.0327983,2.4847171,2.5400224,2.314434,-0.36533582,-0.8420913,0.05242474,0.20448042,0.42001164,0.15534408,-0.6450127,-0.6452838,-0.3080893,-0.494557,-0.4700763,1.4160812,-0.8193138,0.124373406,0.20913793,-0.44309294,-0.71465135,-0.9190775,-0.5278419,-0.4448228,-0.72012,-0.60484827,-1.3913903,-0.8513189,-0.1467938,1.1159196,4.909047,-1.0981948,-1.2115796,2.4055564,-0.62557286,-0.572256,-0.61758876
-0.60814327,-0.51114917,1.3323842,1.2926449,-0.30808246,-0.94726515,-0.92081827,-0.34879848,-0.60123724,0.037304763,1.1784097,0.41107887,-0.22392519,-0.16546704,-0.6660597,-0.39534324,-0.64149624,2.251125,1.1893281,-0.74020165,-1.0736043,-0.88346255,-0.51797503,-0.34746465,-0.3999868,-0.33005616,-0.82442105,-0.18519752,0.117041275,0.26220015,-0.43619886,1.5755725,-0.6435201,-0.65141284,-0.55606586,-0.28528196,-0.24503277,-0.4700763,-1.0950071,-1.0999227,0.5704002,2.1600356,1.3604399,0.57420605,-0.8549822,-0.5371568,-0.43887833,-0.3999937,1.0856315,0.890002,-0.24378437,-0.2731759,-0.77310663,-0.48988482,-0.5090012,0.7677762,-0.41329902,-0.94276893,-0.30425084,0.09653183
0.3047647,2.5977998,1.6234231,-1.1630639,-1.8889905,-1.5048183,-1.0223293,-0.43026575,-0.26179826,1.2403632,2.4599187,0.15115605,-0.8209653,-1.6358118,-1.3462347,-0.46476397,1.9738268,1.6005385,-1.647858,-1.5327202,-1.2252175,-0.97614604,-0.41989845,-0.4981723,-1.9937146,-1.4889252,-1.8135626,1.3149621,0.7847164,1.3490229,-1.3441329,1.4941149,0.88973856,-0.65461296,-0.6036488,-0.31949297,-0.17017551,-0.4553665,-1.0623956,-1.1063001,-0.88856596,0.22234944,1.2251749,1.7100695,1.9405596,-0.5371568,-0.028711677,1.4653577,2.0177112,0.17488074,-0.9023948,-1.6573609,-1.442282,-0.54437363,0.1584773,1.661448,-1.7401494,-0.84495646,0.9872195,1.0222079
4.697238,1.0841954,-0.5267013,-1.7131714,-1.3107485,-0.4472373,-0.7600924,-0.31824827,5.413048,0.7515359,-0.2692892,-1.3657069,-1.4866915,-0.865479,-0.4173935,-0.43236762,2.4128497,0.28375122,-1.0117177,-1.2315631,-1.1873142,-0.9298043,-0.33162954,-0.38765335,-2.0343082,-2.2124202,-1.6959887,2.4041765,2.2828507,1.5663829,1.2002791,0.09986447,-1.1845053,-0.65461296,-0.60959667,-0.31949297,-0.0454134,0.75083745,-0.87487924,-0.48449656,1.7334046,1.2748653,0.6014531,-0.17221855,-0.93386877,-0.5371568,6.105955,1.4376545,-0.185123,-1.3602982,-1.571758,-0.9201319,-0.6127834,-0.4626404,-1.265769,0.15616673,-2.396452,0.07017078,-0.6507028,2.4714332
0.19005375,0.5176508,-0.13171987,-1.1163228,-0.22832493,0.84487,-0.10872964,0.1705553,0.03939407,0.49354365,0.5579673,-0.7837902,-0.7522793,0.40029603,-0.09559025,0.15539438,0.28254274,-0.5359879,-1.1940778,-0.7433717,-0.119131126,2.0824096,1.4141333,0.3658849,-0.005934889,-0.19940102,0.65666133,0.6653903,0.7249602,0.57006574,-0.90847105,0.1832164,-0.43048966,-0.004992152,3.6014917,-0.14843784,-0.2949376,-0.3818175,1.5872917,-0.15286802,-0.87606055,-0.8037434,-0.19510718,-0.32057622,-0.7859565,-0.5371568,0.16151054,0.7173703,0.45170158,-0.74622655,-0.918524,0.17818876,0.26550922,0.091329046,1.2601259,-1.079796,-0.31256083,0.8836098,-0.5660294,0.90904725
-0.19231609,1.1856661,0.31968746,-1.9253044,-1.6895968,-0.7304389,5.059876,1.0565118,-0.41478485,-0.19896181,1.123013,0.23650384,-1.5263181,-0.99013865,4.065911,0.5858028,-0.47633994,-0.10920309,0.09516661,-0.93357617,-0.98746055,0.17209956,6.465076,0.68237096,0.34557763,0.41135567,1.1092832,1.4389755,0.45392165,0.3260253,-0.16345255,-1.1977736,1.9745121,0.37582004,-0.6155445,-0.2624746,0.3039205,0.20657468,1.4751896,-0.64393336,0.85385644,-0.08151497,-0.736167,-1.1133626,-1.057129,-0.5371568,-0.18326722,0.00324234,0.7701139,0.2642709,-1.6201457,-1.1458142,3.5835035,0.74973536,0.32933584,-1.3846089,0.25177398,0.41988727,-1.3006666,0.751571
-0.57468593,-0.604164,-0.033716958,0.98343414,0.32712924,-0.15518565,0.20426285,-0.16040544,-0.6251414,-0.52756244,0.21081504,1.2218828,0.6901274,-0.6385345,-0.32962897,-0.2935262,-0.3634483,-0.42148468,-0.0023749138,0.15058915,0.6940663,0.4398519,0.46279064,-0.22689854,0.33549732,0.07015579,0.42767194,-0.55306214,-0.388286,-0.27838954,-0.22935098,1.0299963,-0.6883686,-0.56181,0.098199256,-0.034401085,-0.09531824,-0.102331206,1.7258908,-0.58015865,-0.7468378,-0.8477817,-0.5858726,-0.4921148,-0.02174312,-0.24839622,-0.42698944,-0.5446662,0.0001350687,1.3136337,0.7078405,-0.6703768,-0.38972494,-0.33549988,-0.30937737,-0.95720506,-0.03467903,-0.06154259,0.17165422,-0.27635843
1.6478387,0.20760146,-1.1087792,-1.7886764,-1.2452334,-0.566713,0.35652947,4.96694,1.4832048,0.11334458,-0.5832035,-1.540282,-1.2806333,-1.0540667,0.21158558,4.5751796,0.9870702,-0.79622257,-1.6351352,-0.93357617,-1.0288095,-0.95040065,0.14894563,4.932327,1.3145783,1.0172876,1.2306409,2.4803193,1.9533037,2.7249918,0.31248066,1.1663903,-1.1424599,-0.65141284,-0.6452838,-0.25107092,-0.3947473,-0.4259469,1.1755711,-1.3645877,-1.046968,-0.36336023,0.26329073,0.44902924,0.10644751,-0.03415449,2.135066,0.35415003,-0.50643,-1.5546246,-1.3593898,-1.1097051,0.06336252,4.3868628,-1.5747379,-0.31121743,0.83559877,-0.8970491,1.1786425,2.264313
-0.29268816,1.6845636,1.445236,-0.40801433,-1.0031123,-1.5446435,-1.0730848,-0.41499063,0.7995461,2.459716,-0.23974432,-1.0398335,-0.81568176,-0.46912518,-1.3316072,-0.47402006,1.6518764,1.7592816,-1.0922954,-1.5771012,-1.2769037,-1.0224878,-0.61605155,-0.39770055,-1.4205234,-1.5677427,-1.7281245,0.84882677,1.4493433,1.182704,1.0520076,0.3177161,-1.0751871,-0.65461296,-0.5144308,-0.27387828,-0.34484246,-0.4406567,-1.1235422,-1.5048921,-1.4888263,0.86090505,3.562253,0.99146205,0.39734164,-0.5371568,-0.04654501,2.1086884,1.1753659,-0.9366665,-0.89433014,-0.5500129,-1.4213703,-0.5579958,-1.2701641,1.5878564,-1.4752046,-0.9508884,0.3805817,1.1813283
-0.4265176,0.069488585,0.9077049,0.59152746,-0.21977949,-0.6021132,-0.92081827,-0.42517403,-0.1422775,0.30887553,1.1119337,0.508065,-0.7681299,-0.5522316,0.3505461,-0.46476397,-0.41989413,0.890098,1.5964578,-0.004744469,-0.8082815,-0.7392882,-0.57682097,-0.39770055,-0.47706807,-0.54827565,-0.56661373,0.09639523,0.5384364,0.054448523,0.21729401,0.6056591,-0.29033804,-0.6130116,-0.60959667,-0.29668564,-0.12027066,-0.14646062,-1.0257076,0.82607394,1.3082201,0.7552131,0.19941562,-0.4086636,-0.76130444,-0.48126766,-0.24271166,0.28027472,0.78748184,0.8589098,-0.66314447,-0.61019486,0.16095059,-0.5307514,-0.7472635,-0.021134213,-0.58657616,-0.48223042,-0.72324234,0.5087295
-0.5507878,-0.4378648,0.575089,-0.45835096,-0.59577924,1.021871,1.625418,-0.048387967,-0.4864973,-0.1636576,0.7906332,0.2326244,-0.8051147,-0.114324614,1.6889551,-0.011215331,-0.16484265,-0.19768287,-0.7996709,-0.6070585,-0.067444846,0.9753566,2.8754742,0.3608613,0.5135263,0.18625775,0.7861356,-0.17753291,0.20465924,0.3237391,-0.525894,0.31582174,-0.7892778,-0.28980127,3.1613495,-0.04580476,-0.22008035,-0.3818175,1.4120047,-0.21664274,-0.7760171,-0.43822536,-0.48066652,-0.29275915,-0.44575828,-0.5371568,-0.37348944,-0.33227465,0.7209047,0.32645535,-0.8217486,-0.24910311,1.4295955,0.09586978,0.73934096,-0.9194045,0.13262892,0.7828293,-0.31930682,0.28325078
-0.4504157,0.018753247,-0.024807602,0.45489946,-0.5131732,0.10589082,0.4664998,0.35894832,1.4449582,-0.071323544,0.41393605,0.030893253,-0.7390704,-0.34766194,-0.278433,0.14151023,0.750834,-0.4188823,-0.9141761,-0.7719024,-0.29831022,1.1092328,0.7177897,0.29555464,0.27888682,-0.59573615,0.087996796,0.19779283,1.1828697,1.0907615,0.90922767,-1.0689569,-0.80889904,-0.54900956,1.382938,0.42174593,0.50353986,3.5015707,0.7679269,-0.5482713,-0.9635985,-1.0107235,-0.5407843,0.16622241,1.9306988,-0.25771108,-0.24271166,0.30182168,0.04355493,1.146513,-0.7195968,-0.36946702,-0.076049015,0.15489931,0.7866148,0.108836964,-0.18731251,2.5760162,1.4499943,0.523502
-0.6129229,-0.939581,-0.27129978,1.3897227,1.4209467,-0.5490129,-1.0900034,-0.4048072,-0.6107989,-0.8018489,-1.1519424,-1.1213019,0.29914534,1.6373035,3.6270883,-0.4508798,-1.0972439,-1.5717218,-0.3543726,1.3837479,1.875959,1.8764462,-0.84162766,-0.2369457,0.30616075,1.3847501,1.3482414,-1.1108774,-1.5274053,-2.3302355,-1.8310492,-2.6109676,5.0550447,1.9918718,-0.28841195,-0.20545621,0.4286826,0.030057028,-1.0257076,2.5320477,4.0052233,-1.3101841,-1.4688522,-1.3358991,-1.0719202,-0.5371568,-0.4448228,-0.7970734,-0.9348392,-1.0260566,0.22665165,1.4450189,3.3186216,-0.54437363,2.7791739,-1.0207764,1.2440679,0.4163316,-2.7301693,-1.4592175
-0.06326626,0.19914557,-0.012928462,-1.0767725,-0.29384005,1.3537478,0.22964062,0.083996326,0.7087104,0.49354365,-0.20650633,-0.6984424,-0.5964148,0.10303069,0.9502703,-0.14080065,0.38080028,-0.093589015,-1.8387002,-0.9874674,0.23578131,1.0731891,3.1697037,-0.0058606486,0.22006914,-0.27707988,0.5312807,0.36025766,0.8782295,0.7359727,0.64380336,-0.9155136,-0.6771565,-0.3154021,3.04834,-0.13703416,-0.36979488,-0.20529982,1.6321325,-0.6917644,-0.9552615,-0.34134105,-0.48818126,-0.366938,-0.0661168,-0.50921226,0.23878832,0.47111925,0.2548649,-0.62185764,-0.59593934,-0.17688477,1.2692722,-0.10392249,0.23001397,-0.87998605,-0.19570789,1.0179731,0.1088418,0.77653944
0.3430017,0.2780672,2.701455,-0.6668885,-1.2794151,-1.2658669,-0.7347146,-0.3691653,0.5891896,0.72709453,3.5826242,-0.44627848,-1.4259307,-1.4216528,-1.1999605,-0.4508798,-0.28400603,0.10679167,3.4412649,-0.540487,-0.90820825,-0.8680153,-0.547398,-0.29220518,-1.2761647,-1.7183093,-0.5527152,0.91093844,1.0897727,0.0822592,0.34542987,-1.2773367,-1.1817024,-0.6450127,-0.50848293,7.9025574,6.4671683,3.56041,1.2163355,0.704902,0.3202917,-0.5174943,-0.9616086,-1.178269,-1.0324769,-0.5371568,0.7083994,0.54499453,2.95558,-0.11660891,-1.3782072,-1.4677877,-1.1983118,-0.5216699,2.8555827,-1.3888425,-1.7190385,3.7041476,-1.9137666,1.1192012
0.12791866,0.68394995,1.2046834,-0.030489549,-1.1085062,-0.6773386,-0.32021105,-0.44044915,0.8234503,1.1887648,1.8764074,-0.17859678,-1.2753499,-1.1243875,-0.95129436,-0.4971603,-0.07076628,1.2414148,1.1554005,-0.7085009,-0.6187651,-0.88346255,-0.7337434,-0.33239388,-0.93034196,-1.5675923,-0.8050734,0.80127245,1.1408073,0.3951261,1.8189923,-0.7639646,-1.1704901,-0.65141284,-0.56201375,-0.21685989,1.0774455,1.4863276,-0.78723574,0.59648496,2.23779,1.4157879,-0.4656371,-1.2153585,-1.0620594,-0.5371568,0.47656608,1.0374966,1.5835124,0.47025692,-1.311002,-1.043505,-0.849783,-0.58524024,-1.016705,-0.45951927,-1.4666423,0.8298416,-1.5766014,1.1092128
-0.46475458,-0.38431084,2.149075,0.8935473,-0.883476,-1.1596663,-0.93773675,-0.28260633,-0.15183915,0.86016417,2.5891776,0.09296437,-1.0481576,-1.2170831,-1.1414508,-0.35369083,-0.32372716,3.1046946,0.12061223,-1.310815,-1.2493377,-0.9349534,-0.68470514,-0.196757,-0.68793106,-1.290722,-1.1596247,0.14142898,0.8145801,0.6727819,1.7659074,-0.32826135,-1.1648841,-0.65461296,-0.55606586,-0.31949297,-0.44465214,-0.4700763,-0.9604845,-0.73321795,0.16605815,1.9926898,0.8494389,0.5185719,-0.35208052,-0.5371568,-0.26054502,-0.11064875,2.405595,0.8472502,-0.7652963,-1.2360872,-1.2261941,-0.4444775,-1.7316786,0.68187493,-1.1167915,-1.4640579,-0.04986501,0.5664969
-0.4886527,-0.26310974,0.3553249,0.8072559,0.6518563,-0.920715,-0.8277664,-0.3640736,-0.4243465,-0.079470664,1.7323761,2.094758,-0.81832355,-1.1084055,-1.0463725,-0.42311153,-0.794109,-0.17946644,1.655831,1.2284143,-0.19149192,-0.72899,-0.66508985,-0.32234672,-0.18602906,-0.77784157,0.008607685,-0.28200132,0.22578473,-0.65133214,1.4620423,-1.5463362,-0.08571669,-0.5586099,-0.55606586,-0.27387828,0.054396287,4.972551,-0.34290355,2.6181436,0.82050866,-0.3325334,-0.98791015,-1.2153585,-0.97824246,-0.4719528,-0.29621166,-0.20607102,0.6195917,1.3447258,0.33686808,-0.9411956,-1.0170768,-0.49896628,0.15623172,-1.0584173,-0.5479768,2.5475593,-1.9103945,0.10401024
1.8485829,1.194122,0.14150037,-0.4799238,-0.9860214,-0.9826653,-0.51477396,-0.48627448,1.6792189,1.1371664,1.5477207,-0.128164,-1.2912004,-1.4056709,-0.9805492,-0.43236762,1.1020525,0.16924798,0.3156953,-0.42319426,-0.842739,-0.7753318,-0.4297061,-0.47305435,-1.492962,-1.8074241,-1.0644045,1.5182022,1.3834574,0.8755348,0.38570112,0.32718793,-0.8369294,-0.64181256,-0.4609,0.46736065,1.3020173,1.4716178,-0.49373192,1.0747954,0.9622368,-0.18720694,-0.13498941,-0.019224687,-0.91414714,-0.5371568,2.0875103,1.403795,0.938004,0.062171414,-1.1631508,-1.3444147,-1.0589002,-0.52621067,-0.124065846,-0.359597,-1.8977485,1.157673,-0.71576023,1.5690362
-0.60814327,-0.474507,3.5686326,-0.22104968,-1.0942638,-1.115416,-1.0900034,-0.4048072,-0.42912734,2.0007615,2.600257,-1.2454442,-1.433856,-1.0412811,-0.46127576,-0.45550787,-0.7502067,3.3831458,0.6592111,-1.2759441,-1.2493377,-0.97614604,-0.8514353,-0.27713442,-0.92372376,-1.4716753,-1.1041001,0.193442,1.0797766,0.38460973,2.4688241,-1.1276821,-1.0807931,-0.65461296,-0.49658722,-0.31949297,-0.494557,-0.4700763,-1.084816,-0.9755619,2.2669694,2.701707,-0.071114294,-0.37621036,-0.7958173,-0.5371568,-0.43887833,-0.2122273,3.7689786,-0.16324726,-1.4749826,-1.0976686,-0.5779305,-0.5489144,-1.8827173,0.29491055,-1.2450489,-1.3698637,-0.8375997,0.719327
0.37645903,2.6400793,0.049437024,-1.3320512,-0.8265064,-0.9826653,-0.5993665,-0.3997155,2.2576995,1.6884551,-0.055088844,-1.0281953,-1.0692917,-0.9038358,-0.74651045,-0.11303237,2.210063,1.033227,-1.3382697,-1.4059172,-1.232109,-1.0070405,-0.25316828,-0.5835733,-1.4985116,-1.5893837,-1.764795,1.4446682,1.697496,1.3017403,0.34359935,1.0565172,-1.0443537,-0.65461296,-0.5858052,-0.31949297,-0.46960455,-0.33768806,-1.1296569,-1.1445649,-0.96776694,1.3497304,1.9465882,1.4133542,0.36282876,-0.5371568,0.6667883,2.9736452,0.2693382,-1.072695,-1.1040102,-0.9502229,-0.8776653,-0.19473715,-1.1205403,1.3648292,-1.660612,-0.9999769,0.41854227,1.6998036
-0.6129229,-0.9254878,-0.54748976,-0.019703127,0.05937185,1.7652751,2.4036696,-0.29278973,-0.6107989,-0.5927394,-0.02185086,0.116241045,0.03496831,0.6016693,1.5938768,-0.4508798,-0.55160105,-0.58283013,0.13333504,-0.007914543,0.17031202,1.3924323,1.7770166,-0.21182777,1.1453588,0.5762886,0.791814,-1.2834471,-0.57081974,-0.43788627,0.3802096,-0.29795155,-0.63791406,-0.46260682,1.1152842,0.011213617,0.0044914433,1.9570414,0.8311117,0.26166767,-0.10906118,-0.5835518,-0.6009021,-0.6961066,-0.2929156,0.35706952,-0.4448228,-0.72012,-0.37906504,0.20208645,-0.109374076,0.5031713,2.405476,-0.3809072,0.40872318,-0.65843236,0.7480056,1.5807928,0.052001506,-0.70610154
-0.11584211,0.021571878,0.52757245,0.48366323,-0.12008258,-0.4295372,-0.69241834,-0.3793487,0.07285988,0.069893256,0.8349505,1.2180034,0.05874424,-1.1179947,-1.1268234,-0.4601359,-0.40526003,0.6116469,0.9348719,0.21716072,-0.3224305,-0.60541207,-0.45912907,-0.36253542,-0.39380145,-0.7489875,-0.33268532,0.18917026,0.3634293,0.0009893863,0.47722673,0.552617,-0.97708094,-0.6162117,-0.2467769,0.011213617,0.25401565,0.28012368,-0.15742545,1.0269643,0.72463375,0.09904214,-0.26649702,-0.48284245,-1.0275465,-0.5371568,0.16151054,0.20024315,0.50959474,1.1115341,0.08686495,-0.9291592,-1.1286061,-0.52621067,-0.61305207,-0.6179049,-0.7951328,0.10979412,-1.002272,0.47428307
0.4290349,2.2567456,1.3650519,-0.70643866,-1.8120815,-1.469418,-0.80238867,-0.46081597,0.5079155,0.81399715,1.1710235,0.43435553,-0.34016308,-1.33535,-1.2950387,-0.5156725,2.4107592,0.6819102,-1.054127,-1.5073596,-1.2217717,-1.0018915,-0.16489938,-0.6287856,-1.871682,-1.2919896,-1.8199086,1.320579,0.82661647,1.3887808,-1.1336241,1.1209255,1.097163,-0.65461296,-0.5977009,-0.3080893,-0.020460978,-0.4553665,-1.1520773,-1.3709651,-0.90940833,-0.06830348,1.183844,2.3313174,2.3103402,-0.5371568,0.45278832,1.3299197,0.8974788,0.45859733,-0.43464696,-1.3895512,-1.2958999,-0.57615876,0.056967676,1.9518527,-1.5084915,-0.7383638,1.0971158,1.044791
-0.34048438,3.381379,0.6493336,-1.7886764,-1.4047484,-1.1994915,-0.57398874,-0.089121595,2.324631,3.3776252,-0.6533726,-1.5092465,-1.4259307,-1.4184564,-0.92935324,-0.24724574,2.5466473,0.7912088,-1.6648217,-1.4756589,-1.2045429,-0.9246552,-0.20413001,-0.57352614,-1.6058027,-2.3315926,-1.8170867,1.4893897,1.9795995,1.4284922,2.618926,-1.2508156,-1.153672,-0.6450127,-0.4787436,-0.31949297,-0.5195094,-0.4112371,-1.1194657,-1.4251736,-1.3554351,0.6979633,4.366328,1.0610046,-0.840191,-0.5371568,-0.111933894,3.9986649,0.99010783,-1.5196458,-1.4696062,-1.4196421,-1.0937532,-0.2537667,-2.076345,1.3910135,-2.0958588,-1.5021001,0.07562056,1.6755439
-0.3643825,2.4850545,1.763003,-0.6668885,-1.8548087,-1.5667686,-1.0561664,-0.42517403,1.3158758,2.9403963,-0.058781955,-1.1988908,-0.881726,-1.2937968,-1.3828032,-0.4879042,1.8692974,1.8633755,-1.6351352,-1.608802,-1.2975782,-1.0224878,-0.51797503,-0.44793642,-1.8356613,-2.0737343,-1.8377883,1.0862119,1.5790914,1.2732842,1.3467201,-0.080099925,-0.895793,-0.65141284,-0.5798573,-0.31949297,-0.46960455,-0.3818175,-1.1378098,-1.4315512,-1.3679405,1.6095566,3.4833484,0.5324804,-0.07104721,-0.5371568,-0.13571167,2.8936136,1.461937,-1.1037872,-0.96153533,-1.3353873,-1.4771348,-0.5670773,-1.4687077,1.3871384,-1.9596612,-1.0184151,0.13753176,1.3304564
-0.24967155,-0.20109989,0.10289316,0.40815827,0.08215971,0.11916589,-0.36250734,-0.19095567,0.11588736,-0.4460912,-0.23974432,1.3499045,0.5342629,-0.5426424,-0.85621613,-0.27038598,-0.09167214,-0.14043126,0.22663562,-0.09984669,0.5045499,-0.09050369,-0.10605344,-0.21182777,0.023214232,-0.16236538,0.029423589,-0.053089615,0.016113054,0.09926136,0.070853025,0.45600453,-0.34359565,-0.39220455,0.14578217,-0.28528196,-0.34484246,-0.29355866,0.35416803,0.26166767,-0.17575677,-0.31491807,0.015304981,-0.25566974,-0.20416825,-0.46263796,0.006954989,-0.2122273,-0.1706497,0.9949383,0.5788066,-0.44168538,-0.8637242,-0.33549988,-0.42520684,-0.38631132,-0.2382179,-0.24993388,0.025768464,0.08426339
-0.26879004,-0.528061,-0.54452,-0.9976721,-1.1711729,0.4731679,0.11967029,5.0636826,-0.15661998,-0.3347472,-0.9340489,-1.3967425,-0.8605919,-0.9837458,2.5300317,4.889887,-0.34672362,-0.5047597,-0.17625329,-0.5309768,-0.8530762,-0.99674237,0.23721454,4.952421,2.2149105,2.1927319,1.7860208,0.41120812,0.1775766,1.3360045,0.73166794,0.42190602,-0.66314137,-0.6450127,-0.639336,-0.31949297,-0.41969973,-0.4700763,1.1633418,-1.5463457,-1.4221307,0.2575801,1.2139028,0.3145801,-0.6972091,-0.49058253,-0.040600564,-0.44000947,-0.66853076,-1.21261,-0.8620717,-1.043505,2.2521236,4.7092547,-1.4003005,-0.39874452,2.1600053,-0.70518345,0.68606925,0.093683004
-0.54600817,-0.5083306,-0.24754149,0.8216378,0.7173714,0.21651644,-0.6247443,-0.39462382,-0.3765382,-0.21797176,0.7537021,1.2180034,-0.2661935,-0.73123014,-0.15409993,-0.038983613,-0.6038657,-0.41627997,1.2656649,1.0160193,0.0290362,-0.38400143,-0.32182187,-0.35751182,0.23709549,-0.19462116,0.12007645,-0.6669628,0.14087753,-0.54138374,1.1911266,-0.4760216,-0.3912472,-0.56181,-0.6274402,-0.28528196,-0.19512793,0.7949669,-0.660866,2.1143234,1.1456497,-0.25326443,-0.68356395,-0.9279155,-0.6725571,-0.35085964,-0.37348944,-0.2861026,0.031976297,1.1426264,0.23202805,-0.51390374,-0.25031343,-0.13116689,-1.0521281,-0.6235905,-0.06414597,0.26278389,-1.1266791,-0.029613312
3.454536,0.37671927,-0.23566234,-0.8826169,-0.7040216,-0.58441305,-0.27791476,-0.6084754,3.036975,0.2708556,-0.29883406,-0.61697406,-0.7417122,-0.57141006,0.49682027,-0.4786481,1.9403774,0.5908281,-0.80815274,-1.0920799,-1.0736043,-0.85771716,-0.14528407,-0.63883275,-1.5193622,-1.1707603,-1.6305118,1.9218297,1.6813607,1.4202366,-1.0860307,1.9506562,-0.35200477,-0.6322122,-0.59175307,-0.2624746,0.0044914433,0.13302566,-0.86468816,-0.9341083,-0.546751,0.12986897,0.7555049,1.955787,1.2503023,-0.5371568,4.037288,0.55422896,-0.286436,-0.62185764,-0.8190604,-0.6553313,0.3073327,-0.5534551,0.04282611,1.2940485,-1.4210767,-0.3020317,0.94109833,1.9582232
-0.6129229,-0.75918865,0.9403725,0.012656139,-0.91196084,0.0041152406,0.80487007,1.5351318,-0.63470304,-0.15007907,0.3880843,0.011496029,-0.4299833,-0.50428563,0.67966306,1.4234793,-0.20665437,-0.0129162725,0.124853164,-0.9652769,-0.66700566,0.5016409,1.3356721,1.7021594,0.8020858,0.59558755,0.7873058,0.09047112,0.23049805,0.8570634,0.01044612,-0.24490942,-0.36601993,-0.21939902,0.6691943,1.2542143,1.3768746,0.66257864,0.9452521,-0.51638395,0.39532426,-0.7464936,-0.77749795,-0.5384766,0.007839332,0.8787015,-0.4448228,-0.65855724,0.30407408,0.6451507,-0.46421725,-0.56204927,0.54433227,1.3581936,0.65397686,-0.52498925,0.61533093,1.4847234,0.678111,0.10617288
-0.5507878,0.07512585,0.5602401,1.0841074,0.24167477,-1.2437418,-1.0223293,-0.43026575,-0.45303148,-0.18809897,0.14803217,0.32573107,-0.11825438,0.5153665,0.18964446,-0.47402006,0.6672105,1.0488411,0.2351175,-0.7687323,-0.70146316,-0.97614604,-0.45912907,-0.47807795,-0.4678888,0.11119904,-1.0869861,-0.096012205,-0.13062255,0.73953956,-0.9926746,1.1872283,0.7467839,-0.64821273,-0.52037865,-0.27387828,-0.12027066,-0.4700763,-1.1724595,-1.2083397,-0.27996865,0.48217553,1.2101455,1.1120026,0.9495474,1.4655375,-0.3794339,-0.19068033,0.09565876,0.36143413,-0.07980381,0.43998027,0.049421363,-0.56253654,0.05304524,1.704521,0.0059073567,-0.7318542,1.0813202,-0.082907595
-0.6129229,-0.68590426,2.6093917,0.73175097,-0.8151124,-1.102141,-0.93773675,-0.32843167,-0.6107989,1.1453135,3.612169,-0.9156913,-1.3572447,-0.9421926,-1.0390589,-0.39534324,-0.78783727,2.852267,1.1978099,-1.1681616,-1.1735312,-0.9246552,-0.68470514,-0.21685135,-0.6231558,-1.3422405,-0.93154377,-9.225527e-05,0.84226483,0.3589876,2.0459757,-0.655986,-1.150869,-0.65461296,-0.48469147,-0.31949297,-0.3947473,-0.4553665,-1.0134783,-1.2083397,1.0122585,4.3531437,0.44740137,-0.9650049,-1.0275465,-0.5371568,-0.4448228,-0.44616574,2.8426883,1.2747684,-1.3513252,-0.9622593,-1.1216354,-0.48534408,-1.8161179,0.3102944,-1.0804442,-1.3488075,-1.0318207,0.48726618
-0.6129229,-0.6999974,0.59884727,2.651734,-0.3536582,-1.0357656,-1.0561664,-0.4048072,-0.6155797,-0.19896181,1.9502697,1.0667051,-0.64132494,-0.4787144,-0.7977064,-0.4601359,-0.5327858,1.7644864,2.0884066,-0.8321338,-1.1287364,-0.95040065,-0.7631664,-0.31732312,-0.25610545,-0.51210743,-0.85946786,-0.52013606,0.12479196,0.19889385,0.35458243,0.9864259,-0.99389917,-0.65461296,-0.5025351,-0.31949297,-0.41969973,-0.3818175,-1.0766631,-0.70770806,0.9330575,1.6447872,0.38728362,0.41193983,0.09165628,-0.5371568,-0.4448228,-0.46155643,0.44301763,2.7011244,-0.5367988,-0.5259401,-0.88463587,-0.5534551,-1.0585947,0.71564144,-0.44110647,-1.0018102,-0.011587886,-0.053940687
-0.49821195,-0.12499688,-0.39009118,0.37579903,0.36131105,0.38909242,0.11121103,-0.2673312,-0.11837334,0.28986558,0.8571092,-0.18247622,-0.21599989,-0.06637859,-0.67337334,-0.33517864,-0.294459,1.6317667,1.2317374,-0.7021608,-0.94611156,-0.82682264,-0.41989845,-0.38765335,0.29677135,-0.43053475,-0.8012973,-0.33325982,0.44475454,0.33783257,1.5828562,-0.29795155,-0.9995052,-0.65461296,-0.50848293,-0.3080893,-0.14522308,-0.4112371,-1.066472,-1.3900976,-0.15074593,2.5783997,1.6835728,0.3099439,-0.2337507,-0.5371568,-0.31998944,0.16330549,0.00881904,0.40807247,-0.12550332,0.16314328,-0.3200192,-0.3127962,-1.4036208,0.9940723,-0.12906186,-1.1312217,-0.088741794,0.17980936
-0.6129229,-0.8240171,-0.30990696,0.42613566,0.9025228,1.1369216,-0.7431739,-0.4048072,-0.6299222,-0.698652,0.343767,0.5313417,0.28065297,0.44824207,0.08725251,-0.4601359,-1.0742475,-0.9887962,0.2351175,1.0952712,1.3866624,0.91871667,-0.40028313,-0.2369457,0.56042296,0.3143082,0.9960365,-1.069669,-0.55967885,-1.6622617,-0.68697906,-0.59347206,1.4167086,0.11021154,-0.3835778,0.5357827,2.0256376,1.2509707,0.9635961,2.5256703,0.053509332,-1.4775298,-1.4162492,-1.3498076,-1.0669898,-0.5371568,-0.4448228,-0.7262763,-0.11565122,0.7189948,0.3798794,0.44900757,-0.020284403,-0.5534551,1.2257575,-1.7483628,0.2676158,1.3928195,-2.9340286,-0.58516705
-0.46475458,0.09767489,0.7532761,0.1852389,-0.9888699,-0.5490129,0.1365888,1.0819702,-0.23311327,0.536995,1.3445996,0.20546828,-1.2779917,-0.70885533,-0.38082495,0.8866258,0.10066176,0.3566169,-0.23138545,-0.94942653,-0.6359939,0.33172116,0.81586623,1.0340221,0.14267772,-0.37660125,0.25355288,0.64474493,0.969673,1.0721763,0.54495573,-0.70145065,-0.9210203,-0.41460526,2.1561606,0.63841575,1.8010658,0.5890296,0.70270383,-0.073149614,-0.23828389,-0.7024553,-0.51072544,0.059590332,0.2592902,-0.32291508,-0.34376723,0.030945579,0.9351093,1.1814917,-1.2733672,-0.706486,-0.3827544,0.8360093,0.621581,-0.3951131,-0.22343987,1.7558784,0.47666773,0.7656885
-0.4265176,0.44154775,2.1965916,-0.15992662,-0.6157186,-1.5003933,-1.0561664,-0.42008233,0.0059282565,2.0958111,0.7278504,-1.2027702,-1.0904258,-0.13030662,-0.74651045,-0.48327616,-0.14811796,2.8887,0.04427538,-1.1269507,-1.2424462,-0.98644423,-0.7729741,-0.31732312,-1.0476588,-1.1699207,-1.2561244,0.4419283,1.1121862,0.6509347,1.0172279,0.13396299,-0.74162626,-0.65461296,-0.5322744,-0.29668564,-0.31989002,-0.4259469,-1.10316,-1.0776014,-0.15908287,3.6881652,0.81938,-0.13512912,-0.25347233,-0.5371568,-0.2189339,0.7450735,2.2695463,-0.940553,-1.1255158,-0.24007583,-0.8637242,-0.5670773,-1.210886,0.79033566,-1.0960885,-0.9131255,-0.25811675,0.9000433
-0.57468593,-0.47732562,-0.49106386,0.34343976,0.38409892,0.57051843,1.3462625,-0.32333997,-0.42912734,-0.49768963,0.04831822,0.63996613,0.3017871,0.029513454,0.48219287,-0.4369957,-0.03940749,-0.3668354,0.0018660221,0.0015956787,-0.16737165,0.4089574,1.7279783,-0.2419693,0.6069136,0.22441699,0.28710836,-0.7181875,-0.32165578,0.2574273,-0.17992716,0.47684252,-1.0219295,-0.5810106,1.4424167,0.5928011,0.47858745,1.162712,0.59671634,-0.38883448,-0.26329473,-0.22243759,-0.40551934,-0.24176121,0.20012528,0.58062613,-0.39726722,-0.4831034,-0.13880847,0.5324414,0.28848037,0.072870344,0.6628321,-0.41723308,0.5994033,-0.14868614,0.26414427,1.3981842,0.7159627,-0.32474104
-0.11584211,0.17941515,1.2522,1.5623055,-1.0059608,-1.4871181,-1.0054108,-0.44554085,-0.5821139,-0.4488069,0.1960426,1.3072307,0.901469,-0.507482,-1.3608621,-0.4601359,1.8483915,1.8113286,-1.5884849,-1.5549107,-1.2906867,-1.0224878,-0.2923989,-0.56347895,-0.96096283,-0.113789015,-1.8406755,0.32602602,-0.43683162,1.3044325,-1.7834558,2.4981267,0.057237957,-0.65141284,-0.5798573,-0.31949297,-0.09531824,-0.4700763,-1.1704212,-1.5240245,-1.7972934,-1.2353189,-0.23268078,2.5770347,6.515979,-0.48126766,-0.367545,-0.3753686,0.16802518,1.301974,0.8503154,-0.59514934,-1.4353114,-0.5534551,0.3223349,2.9182067,-0.33961442,-0.91031224,1.7522643,-0.21556982
-0.6129229,-0.58443356,-0.19705513,0.045015406,0.5891897,0.9289455,0.28039616,-0.30806485,-0.60123724,-0.36190426,0.26251855,0.1977094,0.49463636,0.18613712,-0.26380557,-0.33517864,-0.69585145,-0.38505182,-0.23986731,-0.080826245,1.2695068,1.2173635,0.050869063,-0.2369457,0.56165683,0.16972978,0.74013835,-0.76578015,-0.321225,-0.7536101,-0.051791295,-0.119881526,-0.5846564,0.17101349,1.2877723,0.045424644,0.15420598,0.29483348,1.9806684,-0.25490758,-0.6009412,-0.9578775,-0.7737406,-0.6821981,-0.63804424,-0.44400823,-0.4448228,-0.4184625,0.06092287,0.31090924,0.47127837,0.18420696,-0.26425457,-0.4036109,0.43290764,-1.4333761,0.10404752,0.8948994,-0.720746,-0.28850654
-0.5890248,-0.49141878,-0.35742354,0.23557553,0.31858382,0.61034364,1.3885587,-0.31315655,-0.44825065,-0.5031211,0.022466453,0.6360867,0.3123542,0.035906255,0.5187614,-0.42311153,-0.23592256,-0.30177674,-0.095675506,-0.039615285,-0.10534812,0.85177857,1.7770166,-0.26206365,0.5995171,0.2496852,0.46007532,-0.6816256,-0.35736668,0.047840443,-0.28426635,0.23625854,-0.83132327,-0.5586099,1.8706629,0.69543415,0.32887292,1.6628453,0.7985002,-0.2836062,-0.05903948,-0.3589564,-0.5933873,-0.26957828,0.017700149,0.04967923,-0.41510054,-0.48002526,-0.1706497,0.5907393,0.20783421,0.06986124,0.88589054,-0.43085527,1.0155644,-0.43589473,0.28378916,1.7260065,0.32365137,-0.32338855
-0.45997497,-0.28002152,0.62557536,1.2279264,0.23312931,-1.0534657,-1.0477071,-0.38953212,-0.19486663,0.2708556,1.6695932,0.6360867,-0.76548815,-0.5618208,-0.8269613,-0.44625178,-0.58295983,0.14322452,2.0672019,0.60073966,-0.60498214,-0.7186919,-0.84162766,-0.26206365,-0.36603665,-0.769017,-0.28459218,-0.21652807,0.5006814,-0.28956833,1.1563468,-0.8151124,-0.13056521,-0.60981154,-0.54417014,-0.31949297,-0.17017551,2.3836257,-0.92175835,1.961264,1.8001002,0.13867663,-0.77749795,-1.0670009,-0.77116525,-0.30428538,-0.25460055,-0.06447669,0.836691,1.2825414,-0.27604285,-0.61320394,-0.9055476,-0.5398329,-0.57837373,-0.57200223,-0.62482864,1.3626723,-1.3017396,0.27230033
-0.55556744,-0.37585494,-0.2029947,0.09535204,0.5065837,0.2961669,1.0163515,-0.374257,-0.3000449,-0.31573722,0.11479419,0.48090887,0.48671106,-0.5138748,0.58458483,-0.36757496,0.021219498,-0.33820957,-0.29499948,-0.33443218,0.52522445,0.1926959,1.4729793,-0.22689854,0.45804802,0.06017278,0.31174976,-0.494924,-0.07054487,0.22567436,-0.21836792,0.25709653,-0.9042021,-0.3250024,1.8409237,0.5813974,0.5284923,0.3830923,0.9819401,-0.7013306,-0.6509629,-0.35455257,-0.09741582,-0.060950283,0.24449895,-0.33222994,-0.37348944,-0.29533702,0.011713698,0.411959,0.58955944,-0.5891312,0.8719494,-0.45355895,0.67737323,-0.35077032,0.08029284,1.2171268,0.57150275,-0.12580171
-0.50299156,-0.060168393,-0.25348106,0.51242703,-0.57014287,0.840445,0.4918776,0.10945485,1.2441633,-0.14464764,0.277291,0.116241045,-0.72586155,-0.04400378,-0.088276535,-0.052867755,0.6086741,-0.43709874,-0.7360568,-0.8036031,-0.27418995,1.3254943,1.0316347,0.10465829,0.38487265,-0.47278592,0.16603841,-0.066553116,0.99397457,0.9228733,0.9110581,-1.0272809,-0.89859605,-0.50100803,1.6862792,0.18226875,0.7281117,2.8396297,0.7760798,-0.51638395,-0.9427561,-0.94906986,-0.5746005,0.35166952,1.6250135,-0.27634078,-0.30810055,0.2371808,-0.1445978,1.0454632,-0.5690573,-0.11971191,0.15398,-0.06759662,0.6520047,0.04149261,-0.081194445,2.3464642,1.3419151,0.320611
-0.60814327,-0.6436248,-0.3217861,0.24636196,0.7430078,0.53069323,0.44112203,-0.19095567,-0.5964564,-0.60631794,-0.16218902,0.64384556,0.8829766,-0.0823606,-0.1321588,-0.29815426,-0.37390125,-0.5984442,-0.69364744,-0.13471751,1.4417944,0.94446206,0.52163655,-0.20178059,0.61538434,0.30599663,0.70771337,-0.7874457,-0.5672861,-0.47855812,-0.106706664,0.8254051,-0.3996563,-0.4754072,-0.2467769,-0.20545621,-0.36979488,-0.17588022,2.1600318,-0.61842346,-0.9510931,-1.2485305,-0.8376157,-0.58020216,-0.0661168,0.06830894,-0.43887833,-0.56929123,-0.277752,0.68012947,0.9013913,-0.16484837,-0.15272535,-0.35820356,-0.46410677,-1.1774583,0.20383833,-0.41560054,0.20467371,-0.4637725
-0.52211004,-0.44350207,0.09992337,1.6450014,0.18185662,-0.70831376,-0.43864062,-0.38953212,-0.37175736,-0.011577975,1.2411926,1.9085447,-0.7047274,-0.99333507,-0.87815726,-0.2241055,-0.80247134,-0.21069461,1.3801702,1.2474347,-0.22939518,-0.5693685,-0.25316828,-0.25704005,-0.06487192,-0.61895764,0.13769557,-0.4202129,0.27885446,-0.6301822,1.2936352,-1.0102317,-0.6547322,-0.49780795,-0.52037865,-0.19405255,0.25401565,4.5606766,0.119772606,2.5798788,0.26610154,-0.8830124,-1.0029396,-1.0530922,-0.94865996,-0.41606367,-0.33187833,-0.2122273,0.36775655,1.9121591,0.100305974,-0.97730476,-0.9682828,-0.3082555,0.013151888,-1.220727,-0.4804926,2.440954,-1.7967491,0.12164418
-0.32614553,1.315323,2.0035555,0.06658825,-1.6098392,-1.469418,-0.98003304,-0.3997155,0.3262439,0.6619175,1.525562,0.647725,-0.8051147,-0.99333507,-1.3096662,-0.4508798,1.1564076,1.7046324,-0.38405913,-1.4185975,-1.2355547,-0.90920794,-0.4297061,-0.45798358,-1.4672178,-1.1912262,-1.4969754,0.8365634,0.76615787,1.0374146,-0.73457235,1.6683962,-0.38564116,-0.6002112,-0.50848293,-0.27387828,-0.31989002,-0.4700763,-1.0073636,-1.2561706,-0.7801856,1.1691734,1.9804044,1.2881774,0.30366385,-0.5278419,-0.123822786,1.1452314,1.259311,0.79672533,-0.8674481,-1.0525322,-1.3934879,-0.5398329,-0.27138808,1.2976335,-1.3480945,-0.84700525,0.44257736,0.85853547
-0.5316693,0.19632694,0.56320983,-0.030489549,-1.1284455,-0.106510386,0.9486774,0.8579353,-0.28092158,0.72709453,1.2633512,-0.31437734,-1.159112,-0.78237253,-0.037080564,1.0115831,0.44351783,0.049540043,-0.63427436,-0.9050455,-0.6015364,0.16695048,0.9335581,1.2600836,0.23390657,-0.29199132,0.2793947,0.5721326,1.03099,1.3208215,0.4863793,-0.48359904,-0.7079899,-0.3186022,1.6684356,0.19367243,0.27896807,0.48606098,0.47238484,0.09904213,-0.65513134,-0.64520544,-0.34915894,0.27749068,0.47622818,-0.21113679,-0.367545,0.16638364,0.98142385,0.6568103,-1.2249795,-0.799768,-0.18060766,1.1220756,0.20469645,-0.13993905,-0.10984569,1.124033,0.7343956,0.8530394
-0.5938044,-0.8183799,-0.25348106,0.8791654,1.5633708,-0.5003376,-0.93773675,-0.35389018,-0.63948387,-0.74210334,-1.1150112,-0.71783966,0.68484384,2.3117442,0.006801697,-0.41385543,-1.0742475,-1.1631534,0.30297247,1.7387962,1.8656218,-0.4560886,-0.7533588,-0.17666265,0.31236207,1.0392586,0.8712269,-0.9427756,-1.3835683,-1.7485838,-1.6919303,-2.2339895,6.6387577,-0.5906109,-0.50848293,-0.21685989,0.32887292,0.16244526,-0.6445603,1.4574437,3.1215067,0.23996477,-1.4012197,-1.3729886,-1.0719202,-0.5371568,-0.43887833,-0.76629204,-0.79879034,-0.76954573,0.63794714,2.067902,-0.124843046,-0.49896628,1.5691679,-0.92741126,0.8655137,0.12969053,-2.304678,-1.2201024
-0.58424515,-0.4660511,0.18010756,0.8252333,0.7714926,-0.31006154,-1.0307885,-0.41499063,-0.4864973,-0.29944298,-0.051395737,-0.13592288,-0.37450612,0.5281521,2.3618164,-0.39534324,-0.016411047,1.1997772,0.7906801,-0.54365706,-0.55329585,-0.85256803,-0.4689367,-0.47305435,0.008965792,0.53190553,-0.80025333,-0.5615117,-0.27980107,0.40039065,-0.89748794,1.3179393,0.407617,-0.63541234,-0.5679616,-0.25107092,-0.070365824,-0.4700763,-1.1785742,-1.3805314,0.2744385,0.9886162,1.1500276,1.0331876,0.52060187,0.80418265,-0.4091561,-0.3753686,-0.09249396,-0.0077861045,-0.3056131,0.42192566,2.1336236,-0.48988482,-0.04377301,1.4739134,0.4584271,-0.7445489,0.7256228,-0.30814037
-0.58424515,-0.5083306,-0.8028913,-0.45475549,-0.9347487,-0.08881028,0.41574427,5.084049,-0.5056206,-0.39177704,-0.7567797,-1.4510547,-0.81304,-0.5298568,1.0526623,5.3619475,-0.6435868,-0.28095797,-0.27803573,-0.51195633,-0.6153194,-0.970997,0.16856094,4.987586,2.3054097,2.296322,1.9375546,0.123939194,-0.12354364,1.0020404,0.61085415,0.5279903,-0.66314137,-0.60981154,-0.6214924,-0.3080893,-0.54446185,-0.4700763,1.2061445,-1.40923,-1.134506,0.79925144,0.6239973,-0.04704175,-0.7859565,-0.5185271,-0.421045,-0.37229046,-0.70905596,-1.270908,-0.78949016,-0.61019486,0.8580082,5.163328,-1.304258,-0.6083181,2.2444184,-0.6880506,0.3408864,-0.14228903
-0.58424515,-0.82119846,-0.98998773,0.6814143,1.5975527,0.5616684,-0.4809369,-0.374257,-0.5964564,-0.75025046,-0.36900315,1.7844024,0.41009971,-0.085557,-0.17604107,-0.2935262,-0.77320313,-1.212598,0.6422473,2.1287153,0.6182597,-0.35310695,-0.41989845,-0.27713442,0.697444,0.30905476,0.56384987,-1.3085414,-0.65360105,-1.2033538,0.92204124,-0.3415219,-0.17261069,-0.56181,-0.3954735,-0.18264887,0.37877777,-0.27884886,-0.25526005,2.528859,0.7162968,-0.7861281,-1.0630573,-1.0948179,-0.74651325,0.086938664,-0.4091561,-0.72012,-0.67721474,0.69956213,1.1433299,0.14207959,-0.2294017,-0.3763665,-0.9535731,-0.9126349,0.4053171,-0.23673345,-1.1784014,-0.7791818
-0.12062173,2.8120155,1.679849,-1.497443,-1.5984453,-1.5579185,-1.0730848,-0.41499063,1.9039179,1.7319064,1.990894,-1.3269125,-1.550094,-1.2042975,-1.2438427,-0.4601359,2.1201677,1.2388123,-1.516389,-1.3583661,-1.2527834,-1.0224878,-0.45912907,-0.47807795,-1.9547806,-2.1136625,-1.7999524,1.2922987,1.5378388,1.3395128,0.9000751,0.14911789,-0.5538231,-0.65461296,-0.5858052,-0.31949297,-0.31989002,-0.4259469,-1.1581919,-1.2497932,-1.0052832,1.4510186,2.6830306,1.1027303,-0.11049048,-0.5371568,0.13178831,2.5642529,2.2492836,-1.1698582,-1.6308986,-1.2421054,-1.3237822,-0.5534551,-1.2539866,1.334401,-2.098087,-0.93326074,0.2094933,1.4355452
-0.60814327,-0.55342865,0.78297395,2.1591542,-0.23971887,-1.1286912,-1.0392479,-0.3997155,-0.6442647,-0.35375714,0.1591115,0.48090887,0.39689085,0.3235824,-0.41007978,-0.4508798,-0.16693324,1.8946037,0.97304034,-0.71484107,-1.0770501,-1.0173388,-0.7239358,-0.34244105,-0.3519227,0.16076589,-1.0011821,-0.38388407,-0.41674256,0.4227321,-1.565625,2.337106,-0.0016257211,-0.65141284,-0.6452838,-0.31949297,-0.14522308,-0.4700763,-1.1296569,-1.3869089,-0.85104966,1.3805573,1.8601687,1.5802566,0.50088024,-0.5371568,-0.4448228,-0.4430876,0.18828778,0.62183154,0.32342705,0.20827974,-0.53610706,-0.5398329,0.04448481,1.4883541,-0.016508967,-0.9589745,0.46310252,-0.26814875
0.07056318,0.114586666,0.86315817,0.6957962,-0.641355,-0.6419384,-0.7854701,-0.38953212,0.120668195,0.048167594,1.5034033,0.8533356,-0.7575628,-0.7695869,-0.46127576,-0.36757496,0.654667,1.4574095,-0.31620416,-0.61656874,-1.0253638,-0.9040589,-0.33162954,-0.48812512,-0.66923124,-0.72044605,-1.1559427,0.41763633,0.55606306,0.8288969,-1.1665733,2.5530634,-0.9602628,-0.65141284,-0.639336,-0.31949297,-0.31989002,-0.23471944,-0.0127117615,-1.0999227,-1.0844842,-0.43822536,0.3797689,2.4333131,0.70302695,-0.5371568,0.3041772,0.28335285,1.0508957,1.0338036,-0.83518964,-0.8328681,-0.5779305,-0.4626404,-0.5088982,0.8389532,-0.92805314,-0.97153056,1.1914419,0.7554116
-0.33570477,0.81642556,1.7392447,0.7641102,-1.3278394,-1.5225184,-1.0730848,-0.40989894,-0.5773331,-0.3130215,1.0934682,2.0520842,0.23045932,-1.2362616,-1.3901169,-0.4601359,1.4051874,1.6760066,-0.6257925,-1.443958,-1.2837952,-1.0224878,-0.3610525,-0.5283138,-1.2343199,-0.555524,-1.6318625,0.5598503,-0.1020634,1.1220168,-1.7706423,2.3086905,0.30110177,-0.64821273,-0.6155445,-0.28528196,0.029443866,-0.4259469,-1.1296569,-1.469816,-1.3512666,-0.55712885,0.8156226,3.2817338,2.9512932,-0.5371568,-0.3913228,-0.1722115,0.84537494,2.0404146,0.16751112,-1.2812237,-1.4631938,-0.5534551,0.37302125,2.2619617,-0.7975727,-0.7851503,1.2856306,0.13546929
2.7136946,0.7600529,-0.35445374,-1.1882322,-0.6555974,-0.13306053,-0.1933222,-0.53209984,2.5110834,0.7542516,-0.044009518,-0.8613791,-1.2410069,-0.459536,0.81862354,-0.3120384,1.6414236,0.55959994,-0.38830006,-0.93357617,-0.98746055,-0.9555497,-0.23355298,-0.5936205,-1.2676258,-1.1688645,-1.4855434,1.7978543,1.7551059,1.258384,-0.27328327,1.5433683,-0.9294294,-0.65141284,-0.6036488,-0.29668564,-0.24503277,0.103606045,-0.7566624,-0.9054097,-0.14240898,0.3412529,0.81938,1.538531,0.58962756,-0.5371568,3.193177,1.0775124,-0.07802068,-0.74622655,-1.3136903,-0.5470038,0.6419203,-0.40815163,-0.5605048,1.0114387,-1.3660638,-0.46895993,0.6394901,1.964072
1.6287203,3.1784375,-0.42275882,-2.0547414,-1.6725059,-0.9561152,0.3480702,0.038170997,1.6457531,2.8290522,0.36223254,-1.6372681,-1.7006749,-1.3065825,-0.12484509,0.03506514,1.6915976,0.23951134,-1.448534,-1.1713318,-0.95300305,-0.5127285,1.0904807,0.37593207,-1.7676808,-1.9226384,-0.7731585,2.2929876,1.9996864,1.8609228,-0.19823228,-0.61809874,-0.25670165,-0.43380588,2.2096913,2.634059,0.3039205,0.69199824,0.73735356,0.22340284,0.27860695,-0.9534737,-0.66477716,0.10131593,-0.34221968,-0.5371568,1.3503994,3.7031639,0.4169657,-1.6362417,-1.8029437,-1.4286695,-0.43154842,0.24571398,1.3861283,-0.6805962,-2.0299041,1.8959539,-0.24924374,2.2518814
0.06578356,0.22451323,0.010829818,-0.89340335,-0.4191733,1.0661212,0.39882576,0.053446107,0.7804228,0.48539653,-0.029237079,-0.52386737,-0.76284635,-0.091949806,0.97952515,-0.071379945,0.47069547,-0.122214824,-1.4951843,-1.0318484,0.07383097,0.8002877,2.9441278,0.11470547,0.11692765,-0.3452462,0.4119389,0.46828035,0.96331954,0.8599254,0.47539625,-0.8700489,-0.41927755,-0.18099779,2.7271554,-0.25107092,-0.2949376,-0.27884886,1.3956989,-0.52913886,-0.6759737,-0.42061004,-0.45060766,-0.47357008,0.07193465,-0.4998974,0.3992883,0.48958808,0.28670612,-0.43141773,-0.7115322,-0.34840333,1.1856253,-0.017648553,0.27593777,-0.7683148,-0.2738507,0.8536006,0.12623462,0.87411284
-0.6129229,-0.6548993,-0.68706965,-1.0623906,-0.45905206,0.026240366,0.21272211,5.180792,-0.6442647,-0.79370177,-0.8306418,-0.6324918,-0.7179363,-0.7887654,1.7547785,5.0611243,-1.0679758,-0.89511174,-0.0150977215,0.16326946,-0.17770891,-0.8010772,-0.0472075,5.1181993,2.436464,2.4063866,2.3941333,-0.20556122,-0.63923234,-0.1354695,0.5907185,-0.3566768,0.46087462,-0.5714103,-0.37168205,-0.19405255,-0.3947473,-0.36710766,1.7564641,-0.47811908,-0.6384575,0.07261915,-0.4656371,-0.8861899,-0.9979641,-0.5371568,-0.4448228,-0.68318236,-0.73800254,-0.7151343,-0.7545435,-0.83888626,1.5480953,4.872721,-1.0622288,-1.4846717,2.2890446,-0.2043266,-0.84422874,-0.4486695
-0.4456361,-0.11935962,-0.072324164,0.027038036,-1.0173547,0.052790515,4.273165,-0.03820456,-0.15183915,0.026441932,0.3179152,0.24426273,-0.95041203,-0.39241156,2.8372076,-0.15005675,0.07557473,0.20828317,-1.058368,-0.9145557,-0.6497769,1.5366067,3.3560493,-0.1515447,0.66987085,0.17688914,0.4643413,0.12972574,0.42726982,0.65711814,0.12942941,1.389925,-1.1873084,-0.65461296,-0.57390946,-0.31949297,-0.5195094,-0.4553665,1.1266538,-0.5195727,-1.0553049,-0.8653971,0.5112765,0.5324804,-0.65776587,-0.5371568,-0.23676723,0.14483666,0.22012901,0.36920717,-0.96691173,-0.57408565,2.9422107,-0.22652228,-1.3077722,-0.46419126,0.1166715,-1.5603654,0.181581,0.48314974
-0.598584,-0.6520807,0.07616509,2.317355,0.40973526,-1.102141,-1.0900034,-0.4048072,-0.60123724,-0.65520066,1.4997102,1.7417285,-0.7496375,-0.40200076,0.13844848,-0.4508798,-0.5390575,-0.08317963,2.8348112,0.52148783,-0.7393664,-0.9606988,-0.8808583,-0.26206365,-0.1198434,-0.17007491,-0.3483751,-0.6499112,-0.12056251,-0.31313866,0.8268546,-0.24301507,0.07405615,-0.64181256,-0.52632654,-0.3080893,-0.0454134,-0.4700763,-1.0297841,1.2374209,1.8584589,-0.10353413,-0.7211376,-0.4503892,0.0029089232,-0.15524764,-0.42698944,-0.6154633,0.08986944,2.4096348,-0.30023667,-0.44168538,-0.00634325,-0.54437363,-0.92470276,-0.026283033,-0.13705261,-0.78373647,-0.2622173,-0.21597292
1.3037059,0.2216946,0.14150037,-0.7028432,-0.91480935,1.0882463,-0.55707026,-0.31824827,1.3158758,0.0508833,0.1960426,0.027013808,-0.71265274,0.3427608,-0.8269613,-0.36294693,0.93689615,0.3878451,-1.0753317,-1.1364609,-0.3775625,1.1143818,-0.24336062,-0.33741748,-0.55254817,-0.65166146,-0.55210197,1.1109273,0.93523467,1.1230206,-0.5002668,1.9355012,-1.0303385,-0.65141284,-0.60959667,-0.29668564,-0.41969973,-0.4700763,0.5457608,-1.1286212,-1.126169,0.20913793,0.5526075,1.4411713,-0.4506887,-0.5371568,1.8437881,0.27104032,0.086974785,0.07771753,-0.7841137,0.22934343,-0.9334299,-0.4490182,-0.79737496,0.15814425,-0.84726334,-1.2524952,0.62374824,1.1535044
-0.5699063,0.31752804,0.21574499,-1.0623906,-0.9375972,-0.15961069,0.72873676,2.5891144,-0.5916756,0.30344412,1.123013,-0.19411455,-1.1538284,-0.9645674,-0.09559025,2.3583448,-0.12930268,-0.6582982,-0.51552814,-0.42319426,-0.34655073,0.17724866,0.99240404,2.6867826,0.8906813,0.35873225,1.2565173,0.8150111,0.90446395,0.7494844,0.23193811,-0.38888094,-0.8257172,-0.40180486,1.8885065,1.0261408,0.95268345,0.78025705,2.0173564,-0.19432159,-0.5926042,-1.288165,-0.94657916,-0.47820628,-0.41617584,-0.50921226,-0.39726722,0.37261885,0.73827267,-0.5324675,-1.101322,-0.7275497,-0.15969592,2.2799625,0.56494975,-1.4621146,0.36037207,1.7015065,-0.49109647,1.0138683
-0.52211004,-0.23774208,1.5224504,1.278263,-0.50462776,-1.287992,-1.0730848,-0.4048072,-0.55342895,0.32245407,0.4619465,-0.10100788,-0.21599989,0.17974433,0.17501703,-0.46476397,0.052578285,2.1158032,0.14605784,-0.5975483,-1.1838684,-1.0224878,-0.6062439,-0.40272412,-0.68052524,-0.14029457,-1.1226381,0.020760732,0.1482447,0.5716462,-1.0658951,1.4979037,0.4861019,-0.65461296,-0.59175307,-0.31949297,-0.44465214,-0.4700763,-1.1561538,-1.4889485,-0.721827,1.7548829,1.7061169,1.4782606,0.46143696,-0.5371568,-0.367545,-0.13835199,0.90905744,0.0038734819,-0.28679565,0.05180666,0.021539055,-0.5534551,-0.08675722,1.4742177,-0.27824873,-0.9514124,0.39809182,0.20804965
0.56764394,0.5035576,0.3553249,0.13490225,-0.71256703,-0.54458785,-0.5063147,-0.10948841,0.6848062,0.4012096,0.9088127,0.7330728,-0.583206,-1.0284954,-1.0024903,-0.21484941,0.29299566,0.5283718,0.5574286,-0.29005113,-0.6497769,-0.5951139,-0.5081673,-0.13647394,-0.69037277,-0.9798976,-0.614297,0.91504544,0.87361276,0.5914153,-0.07924898,1.0470455,-0.9882931,-0.64181256,-0.35383844,0.5357827,0.27896807,0.66257864,-0.3164067,0.43067068,0.90804666,0.09023447,0.022819702,0.096679755,-0.92400795,-0.5371568,0.9461772,0.60040104,0.5732772,0.6412642,-0.5287342,-0.9562411,-0.9682828,-0.29009256,-0.27990848,-0.28392676,-1.0682473,0.49921432,-0.54029167,1.0529689
-0.6129229,-1.0213212,-1.3018152,-0.4116098,1.976401,1.9599763,-0.14256667,-0.38953212,-0.6442647,-0.88875157,-0.91189027,-0.3531718,1.3479282,1.1354684,0.16038962,-0.40459934,-1.1014252,-1.595143,-0.7827071,0.92091715,2.833878,1.7374209,-0.7631664,-0.2419693,1.1905593,0.89460593,1.4919702,-1.956528,-1.3296999,-2.5672092,-1.0604036,0.22110364,0.65708685,-0.1969983,-0.17540252,2.3147562,1.0275407,1.1038728,0.8861437,3.0581892,-0.19659914,-1.6712983,-1.487639,-1.3729886,-1.0719202,-0.5371568,-0.4448228,-0.80630785,-0.9898377,-0.5829924,1.1164478,1.511219,0.14003885,-0.49442557,1.3975366,-1.8339287,0.8797113,1.4097053,-3.2061434,-1.3523387
-0.034588523,1.0193669,1.6857886,0.451304,-1.4389302,-1.4826932,-1.0730848,-0.40989894,-0.04188005,0.46367085,1.9318042,-0.019539531,-0.17373155,-1.0764415,-1.2657839,-0.48327616,1.068603,1.5745151,-0.12960298,-1.1745018,-1.2906867,-1.0224878,-0.61605155,-0.39770055,-1.3844446,-1.0147488,-1.4759061,0.7656405,0.587712,0.96206915,-1.0970138,2.0055926,-0.24829257,-0.6450127,-0.5858052,-0.31949297,-0.2699852,-0.4700763,-1.1561538,-1.2083397,-0.47171846,1.1823848,1.3904988,1.5988013,0.6586533,-0.5371568,0.10801054,0.44649416,1.7803491,0.023306126,-0.23840795,-1.1307688,-1.3725762,-0.5579958,-0.14912911,1.4182351,-1.2124444,-0.92558175,0.5171616,0.75018007
-0.598584,-0.24619797,0.35829467,-0.46913737,-0.54735506,0.07049061,2.3613732,0.6084418,-0.38131902,0.059030425,0.8275643,0.077446595,-0.97682977,-0.5298568,0.34323236,1.4003391,-0.10630624,-0.13262421,-0.63003343,-0.74020165,-0.39479128,0.6509643,0.5314442,2.0990229,0.6917789,0.23440231,0.8714619,0.011640638,0.5959203,0.74977314,0.12759891,-0.40782455,-0.7360202,-0.008192254,2.6736248,-0.12563048,-0.070365824,-0.36710766,1.4486927,-0.49087402,-0.65513134,-0.57034034,-0.2589823,-0.4272083,-0.30277643,-0.44400823,-0.42698944,-0.06139855,0.5356467,0.2914766,-0.78949016,-0.5680675,-0.33396035,1.6442598,0.4485204,-0.8544821,0.28434393,0.8306509,-0.03923944,0.5121949
-0.4934323,-0.16163906,0.6523034,-1.2996919,-0.5217187,0.55281836,1.1939958,1.1176121,-0.3478532,0.18123727,0.2662117,-0.6557685,-0.54886293,-0.005646963,0.78205496,0.9514185,-0.10003448,-0.21850164,-0.97354925,-0.8479842,0.09450548,0.92901486,1.5612482,1.315343,0.7065392,0.4033753,0.92184925,0.30499345,0.46906444,0.6418179,0.14590403,-0.61431,-0.34920174,-0.14579666,1.4424167,0.95771873,1.1772553,0.6037394,1.6464001,-0.55146,-0.2049361,-1.0151273,-0.8413731,-0.7795578,-0.08583844,0.5061073,-0.29621166,-0.16913337,0.63117033,-0.57133275,-0.6658327,-0.09563913,0.6419203,1.0040164,0.76224726,-0.95236784,0.39755437,1.5507184,0.31162193,0.43014055
-0.34048438,-0.28284016,-0.226753,0.97983867,0.8113714,-0.571138,-0.8193072,-0.42517403,-0.22833245,-0.036019344,0.580126,-0.08161065,-0.9979639,0.81263185,0.9137018,-0.35369083,-0.319546,0.24992073,1.4395432,0.13790886,-0.18115465,-0.67749923,-0.6258592,-0.39267695,-0.044664223,0.066592366,-0.3397577,-0.37669805,0.24019119,-0.08355517,0.12759891,-0.0043254443,0.84208703,-0.64181256,-0.639336,-0.25107092,-0.22008035,-0.4259469,-1.1643066,-0.51638395,2.229453,1.5479028,0.42109984,-0.60338306,-0.5739489,-0.17387736,-0.13571167,-0.07986738,0.04355493,0.03885224,-0.5744337,0.6837172,0.73950845,-0.43539602,-0.49003717,0.37739357,0.10807701,-0.63604856,-0.5491315,0.10383521
-0.5268897,-0.60134536,0.26029176,2.0081441,-0.19414313,-0.70831376,-0.43018138,-0.2215059,-0.524744,-0.4895425,0.36592564,2.6921926,-0.47225162,-0.7152481,-0.46127576,-0.17319699,-0.8589172,-0.23932041,2.126575,1.0508902,-0.4637063,-0.5590703,-0.43951374,-0.21182777,-0.04376403,-0.1569827,0.06310236,-0.37566924,-0.12864685,-0.6150586,0.12210737,0.34992024,-0.33238354,0.004608155,-0.48469147,-0.25107092,-0.14522308,-0.36710766,-0.28175694,1.3075731,1.0331008,-0.12114946,-0.5746005,-0.65438104,-0.71200037,-0.4998974,-0.40321165,-0.5446662,0.017503012,2.7905145,-0.34324798,-0.74259514,-0.39669552,-0.21744081,-0.4755168,-0.62818,-0.182489,-0.46000245,-0.9769318,-0.08486803
-0.6129229,-1.0044094,-1.5483074,-0.0017257574,2.124522,0.676719,0.3649887,0.3283981,-0.6442647,-0.9050458,-1.4584705,0.116241045,1.0520499,1.4007697,-0.22723703,0.12762609,-0.8923665,-0.8196437,0.34538183,1.4598298,1.155797,-0.3016161,-0.3806678,-0.19173342,1.3337892,1.0969235,0.6492807,-1.8273797,-1.4692827,-1.1885061,-0.5496906,0.69469416,0.6094353,-0.437006,-0.49658722,-0.2624746,-0.2699852,-0.4406567,-0.55487853,1.6009368,0.5745687,-0.24005292,-0.36043102,-0.45502537,-0.36687174,-0.41606367,-0.4448228,-0.80630785,-1.2300942,-0.52858096,0.97397286,1.511219,-0.13181363,0.23663251,-0.21431808,-0.36884987,1.1050587,-0.6564448,-0.5160827,-1.4127768
-0.6129229,-1.007228,-0.33663502,1.497587,-0.09729472,0.53069323,0.5510924,0.16037188,-0.6442647,-0.8724573,-0.8306418,1.2567979,0.95166266,-0.018432569,0.021429118,-0.0019592368,0.15710758,-0.62186533,1.0748228,0.06816723,-0.10534812,-0.09050369,-0.18451469,-0.22187495,0.7499889,0.6503514,-0.112687565,-0.91676414,-0.951055,0.22164972,-0.55518216,1.253531,-0.094125785,-0.5778105,-0.4609,-0.28528196,-0.24503277,-0.4700763,-0.80761796,1.0716066,0.42867205,-0.57474416,-0.61217415,-0.54311275,0.1508212,3.1422122,-0.4448228,-0.8032297,-0.9985217,1.1737186,0.86644465,0.06083395,0.15398,0.06408465,-0.36094868,0.54533577,0.66107804,-0.8138862,1.2154093,-0.90424824
-0.025029277,-0.6492621,-1.1741145,-0.75317985,1.9336736,0.9776207,-0.1933222,-0.18586397,-0.60123724,-0.7583976,-0.9340489,-0.32213625,1.5090762,1.2665209,-0.92935324,-0.4601359,-0.99689585,-1.3218966,0.22663562,0.43589583,1.2212663,2.8702192,-0.6748975,-0.24699289,0.8125351,0.67255294,1.2465764,-0.86571604,-1.1723262,-1.841085,0.039734315,-1.5236038,-0.62670195,2.1966784,2.0788383,-0.04580476,-0.2699852,-0.22000964,1.5709859,-0.25490758,0.045172382,-0.72887826,-0.8751893,-0.8491005,-0.53450567,-0.10867335,-0.43887833,-0.7447451,-1.0477308,-0.67238253,1.5196786,1.414928,-0.83584183,-0.2946333,1.2618129,-1.1663245,0.77879167,1.1166824,-0.5359932,-1.2731291
-0.6129229,-1.0213212,-1.3760598,1.55871,1.2471893,0.6545939,-0.15948518,-0.236781,-0.6442647,-0.9023301,-1.2147253,1.8154379,1.3981218,-0.23259148,-0.6294911,-0.19633722,-0.77320313,-0.8925094,1.1426778,2.1857767,-0.1708174,-0.48698312,-0.5572056,-0.22689854,0.90220565,0.52734,0.34144586,-1.6085678,-1.0992972,-0.9777286,-0.17626613,0.76857424,0.029207634,-0.48820764,-0.5679616,-0.3080893,-0.31989002,-0.4700763,-0.45704395,1.2916294,0.9664053,-0.07711114,-0.48066652,-0.6821981,-0.4013846,-0.3601745,-0.4448228,-0.809386,-1.1287812,1.0726689,1.525055,0.054815754,-0.5291365,-0.26284814,-0.61132187,-0.43135557,0.52634084,-0.86264193,-0.6006444,-1.05533
3.02437,0.7487784,-0.030747173,-0.77834815,-0.56159747,-1.2570169,-0.72625536,-0.53209984,-0.6442647,-0.8453002,-1.1556355,-0.22902957,1.2950928,1.1706288,-0.2711193,-0.006587284,-0.06658511,-1.0044103,-0.47735974,1.7926875,0.7009578,-0.69809556,-0.23355298,-0.39770055,-1.6491183,0.9669176,0.19035824,1.6940119,-1.2618214,-0.3621324,-1.4832519,-0.8946756,0.2170108,4.350347,-0.4609,-0.31949297,-0.41969973,-0.4700763,-0.20430453,-1.1732635,-1.4804894,-1.3806454,-0.61968887,0.8941023,2.0342374,6.4862456,-0.4448228,-0.80630785,-0.96378577,-0.2370913,1.2320406,1.0207361,-0.29910746,-0.10846322,2.0309212,2.0942779,0.8204129,0.32852742,2.8071442,-1.1214242
-0.51255083,-0.74227685,-1.0493835,-0.059253342,0.88543195,1.3360478,0.8810034,0.11963826,-0.6251414,-0.717662,-0.98944557,-0.9350886,1.2977346,0.7934534,0.81862354,0.24332727,-0.36972007,-0.47613394,0.5277421,0.45808634,0.5011042,-0.049311023,-0.007976877,-0.22187495,1.0808079,1.0819153,0.25560838,-1.1857245,-1.1637113,-0.3121824,-0.33185968,1.0640948,-0.7332172,0.09421103,-0.50848293,-0.28528196,-0.17017551,-0.4553665,-0.8463442,0.44661435,1.095628,-0.090322636,-0.3904899,-0.093403526,0.27901182,0.9345907,-0.4329339,-0.6647135,-0.9145766,-1.1815178,1.0438662,0.97259057,0.8580082,0.33652866,-0.35124287,0.43577987,1.1101432,-0.6449891,0.58519715,-1.1418973
-0.3691621,-0.19546263,-0.3069372,-0.64891106,1.5291891,-0.2348361,0.24655913,-0.42008233,0.09198321,0.36318967,-0.44286534,-1.1174225,-1.1511866,1.100308,3.2906575,-0.4786481,0.361985,0.73135483,-0.6851656,-0.10618684,0.09105973,-0.75473547,-0.64547455,-0.36755902,0.28317684,0.3749213,-0.6128525,-0.41666684,0.42027783,0.51254123,0.49187085,-0.2771136,0.4244352,-0.4658069,-0.41926497,-0.29668564,0.0044914433,-0.4700763,-0.8381913,-0.8926548,-0.20910457,0.10344597,0.7179313,1.459716,1.1270422,-0.15524764,-0.14165612,0.08943019,0.04066027,-1.146539,-1.1712154,0.7529264,4.0714436,-0.5579958,-0.45927507,1.248036,0.530221,-0.5200117,0.9655851,0.13959037
-0.598584,-0.74227685,-1.0464137,-0.35408223,1.3867649,0.76964456,1.6338772,-0.07384648,-0.49127814,-0.5031211,-0.9451282,-0.50447017,1.5090762,0.34595722,0.7016042,-0.469392,-0.8233772,-0.8196437,-0.4391913,0.5024674,1.6623225,1.1143818,0.22740687,-0.34244105,1.1372268,0.63085973,0.9689871,-1.2979683,-0.8343486,-1.2609131,0.6328203,-0.04600141,-0.28473198,-0.35060322,-0.2467769,-0.2624746,-0.41969973,-0.4259469,0.898373,1.0971165,-0.063207954,-0.61878246,-0.8977335,-0.85373664,-0.8007477,-0.4067488,-0.42698944,-0.50157225,-0.7814224,-0.6451768,1.2804283,0.4128984,0.795273,-0.25830743,-0.7341821,-1.2130162,0.6968152,-0.5873576,-1.1647062,-0.80543447
-0.28790852,-0.5139678,-0.37821203,0.6418641,0.74870473,-0.20828596,-0.024137072,-0.10948841,-0.108811684,-0.13921623,0.10371486,0.7951439,0.27801117,-0.53624964,-0.32231528,-0.2426177,-0.6456774,-0.11701013,0.531983,0.699012,0.7078493,-0.5796666,-0.5081673,-0.16661547,0.31558463,-0.16736192,0.20196806,-0.40747094,0.13001724,-0.4830227,0.44610804,-0.35478243,-0.24548954,-0.011392357,-0.4609,-0.20545621,0.22906324,1.7805237,0.26652452,0.3955946,0.09519408,-0.21362993,-0.1086879,-0.37621036,-0.4605495,-0.23908137,-0.31998944,-0.3692123,-0.1098619,0.92109424,0.53579533,-0.4146035,-0.19454882,-0.26738888,0.13204622,-0.43917277,0.02225174,0.99521947,-0.21029854,-0.14861883
-0.598584,-0.9987722,-1.2661778,2.0548854,1.0734318,0.07491564,-0.024137072,-0.28769803,-0.6299222,-0.85887873,-1.0337628,1.9279419,1.0731841,-0.33807272,-0.102903955,-0.25650182,-0.8986383,-0.7936202,1.193569,2.2586884,-0.13635989,-0.60541207,-0.5277827,-0.2419693,0.7341216,0.49031675,0.3588833,-1.4206719,-0.97182316,-1.0609908,-0.4728091,0.77046865,0.33193514,-0.3346027,-0.53822225,-0.31949297,-0.2949376,-0.4700763,-0.48761725,1.3075731,1.1789975,-0.0066498294,-0.41303405,-0.65438104,-0.78102607,-0.39743394,-0.42698944,-0.7816827,-1.0245736,1.22813,1.3798919,-0.19493936,-0.096960746,-0.3218777,-0.33040115,-0.510088,0.4642309,-0.683213,-0.93040055,-0.93657446
-0.6129229,-1.015684,-1.3998181,1.2459037,1.3639771,0.6855691,0.08583326,-0.15531375,-0.6442647,-0.88603586,-1.1962596,1.4895645,1.3373611,-0.27414468,-0.18335477,0.025809046,-0.8463736,-0.8066319,0.9984859,2.1667562,-0.039878834,-0.43549228,-0.6258592,-0.22187495,0.98256665,0.6591288,0.37358966,-1.6457452,-1.0721027,-1.0398604,-0.45450398,0.9523274,0.22822294,-0.52980894,-0.5679616,-0.3080893,-0.3947473,-0.4700763,-0.6037958,1.199156,1.1581551,0.26638776,-0.51824015,-0.6219278,-0.514784,-0.38811907,-0.4448228,-0.8032297,-1.105624,0.6879025,1.5331197,0.00065199565,-0.15272535,-0.035811488,-0.4978752,-0.37876412,0.6478744,-0.89907753,-0.700521,-1.0414383
0.075342804,-0.6718111,-1.1444166,-0.8969988,1.7513708,1.3006475,0.009699955,-0.2673312,-0.6155797,-0.74481905,-0.9857524,-0.52774686,1.6094635,1.3400381,-0.89278466,-0.46476397,-1.0073488,-1.2386215,-0.0150977215,0.44540605,1.3866624,2.674554,-0.48855203,-0.25704005,0.79946005,0.7102959,1.2598308,-0.8252634,-1.2178324,-1.8454273,-0.13782537,-1.4554068,-0.4949594,2.315082,1.7992886,0.022617294,0.029443866,-0.1317508,1.6178651,-0.37926826,-0.004849312,-0.7685128,-0.7962848,-0.8073749,-0.47534072,-0.15524764,-0.421045,-0.76629204,-1.0332576,-0.8822551,1.5734427,1.4660826,-0.6615774,-0.33549988,1.3915148,-1.1624098,0.79806,1.1571681,-0.41613212,-1.2998863
-0.5938044,-0.8550221,-1.1117489,2.2849958,0.7743411,-0.08881028,-0.24407774,-0.28769803,-0.6442647,-0.87788874,-1.070694,2.1451907,0.98864746,-0.053592987,-0.7538242,-0.275014,-0.86100775,-0.5463973,0.930631,1.6912452,0.23922706,-0.5024304,-0.7239358,-0.14652112,0.5485128,0.45445034,0.3413435,-1.1687511,-1.0190383,-0.8876571,-0.5405381,0.2779345,0.69632936,0.21901502,-0.5798573,-0.31949297,-0.2949376,-0.4553665,-0.19818987,1.1704575,0.29528087,-0.13436095,-0.34915894,-0.27885064,-0.5690185,-0.38811907,-0.4448228,-0.78783906,-1.0650988,1.434116,1.2884929,0.042779364,-0.5918717,-0.35820356,-0.038853712,-0.44306156,0.4174305,-0.43367377,-0.4613821,-0.96851516
-0.49821195,-0.66335523,-1.0167159,-0.9976721,1.1759772,1.9378512,0.5933887,0.19601381,-0.6155797,-0.6660635,-0.9488213,-0.69068354,0.7112615,1.6852494,0.63578075,-0.34443474,-0.9780806,-1.1111065,-0.19321702,0.8131346,0.7629813,2.226584,0.737405,-0.22689854,1.188674,0.94525224,1.2506586,-1.217034,-1.1461611,-1.6176298,0.5650913,-0.69766194,-0.27071682,0.7854332,-0.14566319,-0.27387828,-0.36979488,-0.3818175,0.7923855,0.31268746,0.3703134,-0.45143685,-0.6347183,-0.65438104,-0.5690185,-0.44400823,-0.4448228,-0.7231981,-0.8972087,-1.2514753,0.7051523,1.8542562,0.42583248,0.009595847,-0.16147576,-0.9082828,1.0879403,0.055516057,-0.66645753,-1.2997888
-0.6129229,-0.8719338,-1.2246008,-1.1918277,2.0561585,2.3670785,0.11121103,-0.45063254,-0.60123724,-0.6932206,-1.0152973,-1.1057842,1.707209,1.3560201,-0.21992332,-0.4601359,-0.8505548,-0.8586789,-1.058368,0.22350086,2.0068977,1.984577,-0.007976877,-0.25704005,1.2304064,0.8820717,1.1902469,-1.8619338,-1.2769836,-1.4876907,-0.34101224,-0.4457118,1.189663,0.11981185,-0.062393088,0.05682832,-0.19512793,-0.3965273,1.8502222,-0.38245702,-0.6384575,-0.7597051,-0.58211523,-0.61729157,-0.64790505,-0.39743394,-0.4448228,-0.72935444,-0.99273235,-1.4458017,1.7535526,1.5232555,-0.06907844,-0.5534551,0.30465004,-1.2224255,0.9234745,0.010676106,-0.60832053,-1.4407005
-0.5173304,-0.40967852,-0.4435473,1.0877029,0.28155354,0.48201793,-0.22715923,-0.40989894,-0.60601807,-0.60360223,-0.4724102,0.36452553,0.32556304,0.62724054,0.67234933,-0.13154456,-0.8275584,-0.66090053,0.6592111,1.1745231,0.614814,0.17724866,-0.35124484,-0.26708725,0.28047287,0.648909,0.5055874,-0.5723789,-0.6871135,-0.9791579,-0.47830066,-0.07441684,0.70473844,0.61582774,-0.52037865,-0.17124519,-0.24503277,-0.4553665,0.31951827,0.74635553,0.1577212,-0.55712885,-0.5069681,-0.5616575,-0.041464757,-0.35085964,-0.4329339,-0.6185415,-0.54695517,0.39252636,0.37450296,0.5091895,0.6419203,-0.17657422,0.23601192,-0.5405925,0.5796403,-0.2278654,-0.19339123,-0.651833
0.3477813,1.1462053,1.278928,-0.17790398,-1.3449303,-1.102141,-0.7431739,-0.26223952,-0.48171648,-0.52484673,1.2374995,2.3352835,-0.4748934,-1.0476738,-0.9951766,0.0026688105,1.4449085,0.30457,0.1418169,-0.9082156,-1.0046893,-0.91950613,-0.5081673,-0.16661547,-1.2616531,-0.36483845,-1.2570972,1.0802046,0.061575275,1.2934855,-1.1098274,0.25899088,2.0193608,-0.32820252,-0.54417014,-0.2624746,-0.0454134,-0.4700763,-0.891185,-0.57059246,-0.7968595,-0.38097554,-0.1650483,0.44439307,1.2650936,5.4522967,-0.33187833,-0.50465035,0.8916895,2.3396773,-0.52335775,-0.9923503,-1.0031357,-0.09938175,0.48544094,1.875731,-0.50309676,-0.46517554,2.211613,0.21662396
-0.50299156,-0.63798755,-0.59500635,0.8108514,0.056523368,0.36254227,0.80487007,0.55752474,-0.46259314,-0.47324827,-0.33576515,0.5197033,0.13271381,0.17654793,0.31397754,0.36828455,-0.854736,-0.86388355,1.0366544,0.4168754,0.28402182,0.98050565,0.52163655,0.19508289,0.82204896,0.5339206,0.894608,-0.52524054,-0.2875134,-0.8501954,0.9659735,-0.74691534,-0.34920174,0.12301195,-0.08618455,-0.10282314,-0.0454134,-0.32297826,0.09327573,1.5562946,0.77048695,-0.3061104,-0.8564025,-0.9325517,-0.8303302,-0.48126766,-0.3794339,-0.48618153,-0.5353765,0.49746263,0.18095215,0.066852145,0.37703845,0.61351335,-0.5356414,-0.97319835,0.63086766,-0.031908993,-1.3203359,-0.2933728
-0.60814327,-1.0044094,-1.3760598,1.5263507,1.3839165,0.37581733,0.035077725,-0.2673312,-0.63470304,-0.88060445,-1.0633078,1.528359,1.1286613,-0.0823606,-0.09559025,-0.17319699,-0.95090294,-0.8378601,0.9772813,2.414022,0.07727672,-0.6517538,-0.6748975,-0.21182777,0.87330955,0.60983586,0.4165214,-1.5712411,-1.0630465,-1.1854819,-0.34284276,0.77046865,0.2170108,-0.38900444,-0.5858052,-0.31949297,-0.46960455,-0.4406567,-0.5304199,1.3872916,1.112302,0.041792322,-0.4167914,-0.63120013,-0.7366524,-0.50921226,-0.43887833,-0.79091716,-1.0535202,0.816158,1.3852683,0.072870344,-0.034225557,-0.22652228,-0.4385723,-0.5139671,0.59557444,-0.7895526,-0.9448872,-1.0353028
0.8830991,0.015934618,-0.8266496,-1.2889055,0.64900786,1.8891759,-0.946196,-0.49136618,0.40751803,0.07260896,-0.4243998,1.7145724,-0.33223778,-0.37642956,-0.59292257,-0.52955663,-0.38853535,-0.46572456,-0.6088287,2.6549478,-0.9150998,0.0021798122,-0.22374532,-0.20680419,0.003765515,-0.50469196,0.22297862,0.33326477,0.40424788,-0.39450106,1.3101099,-2.2339895,0.320723,0.561426,1.3234594,-0.22826357,-0.19512793,-0.30826846,-0.6486367,0.29674378,4.868098,-1.0591657,-1.0292411,-0.89082605,-0.8894951,-0.5185271,0.72623277,0.32952493,-0.590375,-1.4730074,0.296545,1.4359916,-0.88463587,-0.48534408,-0.1738303,-0.7369403,-0.09248651,0.8358597,-1.6826794,0.42953855
-0.51255083,-0.6999974,0.09992337,0.41894472,0.49518976,0.39351743,-0.21869998,-0.16040544,-0.55342895,-0.21525605,0.3216083,0.46151164,-0.07070251,0.4993845,-0.5636677,-0.2935262,-0.80247134,-0.23411572,0.799162,1.0635705,0.3425996,-0.37370327,-0.41989845,-0.17163907,0.39992964,0.077589855,0.28460082,-0.64127296,-0.16179593,-0.6692804,0.29234502,0.13775171,-0.38003507,0.084610716,-0.4133171,-0.3080893,-0.34484246,-0.19059002,-0.49373192,1.4670099,1.6125189,0.17390728,-0.924035,-0.9047346,-0.731722,-0.50921226,-0.33782277,-0.5477443,0.14776258,0.78506577,-0.1174387,0.41891658,-0.3409309,-0.2946333,-0.47707558,-0.6662931,0.11564466,-0.25935325,-1.2920121,-0.22043411
-0.31180665,0.64730775,-0.012928462,-0.19947682,0.71452296,-0.68176365,-0.9969516,-0.42517403,0.48401132,0.77869296,-0.17326835,-1.1213019,-0.72586155,0.68477577,0.8259373,-0.48327616,0.48951074,0.51536006,-0.07022989,0.13790886,-0.4499233,-0.9606988,-0.5572056,-0.42784208,-0.45626864,-0.30084997,-0.7733445,0.24488503,0.85443354,0.5023866,0.42963344,-0.7696477,1.4111025,-0.63541234,-0.40142137,-0.22826357,-0.34484246,-0.4700763,-1.1337333,-0.84801245,0.6079165,1.2880768,1.2740206,0.33312482,0.007839332,-0.26702595,-0.07626723,0.92976177,0.058028214,-1.0260566,-0.7545435,0.7890356,0.67677325,-0.56253654,-0.42637277,0.9225778,-0.22055122,-0.6279271,0.13169156,0.67687774
-0.38828063,-0.8183799,-1.2453892,0.20321627,1.7969465,0.7032692,0.18734434,-0.39462382,-0.6299222,-0.8154274,-0.9303558,-0.46179625,2.029505,0.79984623,-0.9147258,-0.4184835,-0.8944571,-0.76239204,0.21391281,0.8226449,1.7450206,0.15150324,-0.7043205,-0.26708725,0.86968774,0.68582237,0.724184,-1.3088421,-1.2602091,-1.2463423,-0.123181276,-0.15966313,-0.24548954,0.967839,-0.03860163,-0.19405255,-0.2949376,-0.4112371,0.639519,0.1660056,-0.29247406,-0.18280311,-0.093658455,-0.4689339,-0.5246448,-0.20182192,-0.43887833,-0.7847609,-1.1490438,-0.536354,1.87721,0.9996724,-0.5221659,-0.41723308,0.11667133,-0.57288784,0.7603767,0.031659156,-0.2087582,-1.3521162
-0.6129229,-0.97904176,-1.4057577,1.1883762,1.463674,0.49086797,0.10275178,-0.0942133,-0.60601807,-0.85887873,-1.1334769,1.2994717,1.3188688,-0.23898427,-0.051707987,-0.011215331,-0.87355125,-0.8534742,0.9603175,2.3981717,-0.03298733,-0.662052,-0.5375903,-0.22187495,0.9660522,0.6620569,0.38817278,-1.5916402,-1.031872,-1.0967658,-0.29524943,0.7609968,0.3039048,-0.5906109,-0.5322744,-0.3080893,-0.494557,-0.4112371,-0.6221398,1.3267055,1.2081769,0.14308046,-0.45060766,-0.65438104,-0.58380973,-0.4998974,-0.4448228,-0.76321393,-1.0679934,0.5479875,1.5546253,-0.050502665,-0.04119613,-0.022189287,-0.5480147,-0.4100455,0.65676355,-0.88260484,-0.8321822,-1.015906
-0.54122853,-0.14190866,-0.33366525,-1.0551996,-0.07735533,2.256453,0.6272257,0.063629515,-0.16140082,0.45280802,-0.3431514,-1.2027702,-0.39828205,1.6149286,-0.08096283,-0.33980668,-0.10003448,-0.05975851,-1.0965364,-0.75288194,0.022144696,2.9886482,0.34509876,-0.27713442,0.74982667,0.1558243,0.54142475,-0.4064372,0.26799354,0.11180576,1.3833303,-1.2811254,-0.6547322,0.61582774,0.20526083,-0.29668564,-0.44465214,-0.4259469,0.70678025,-0.33143723,-0.27996865,-0.26647592,0.20317298,-0.1629462,-0.41617584,-0.46263796,-0.35565612,0.15099294,0.017503012,-1.2592484,-0.46152905,1.5292736,0.15398,-0.13570762,-0.47979924,-0.45083645,0.34515327,-0.027183289,-0.013952305,0.038663648
-0.4934323,-0.33639413,-0.07529395,0.98343414,0.3527656,0.026240366,-0.6247443,-0.41499063,-0.6251414,-0.82629025,-0.5315,0.83005893,1.0811094,0.23088676,-0.30037412,-0.34906277,-0.70003265,-0.43709874,0.7101023,1.2410946,0.5803565,-0.44064137,-0.83182,-0.27211082,0.048396114,0.49563906,0.25064087,-0.43345645,-0.94934744,-0.76706916,-0.61192805,-0.30931774,1.9044363,-0.04019328,-0.6155445,-0.31949297,-0.17017551,-0.4553665,0.15646058,0.8196965,-0.12573507,-0.74208975,-0.34164423,-0.079495,-0.16965538,0.06830894,-0.4448228,-0.7447451,-0.62800556,0.7772927,1.0035431,0.30757996,-0.3409309,-0.42177382,0.33673036,-0.3338194,0.39269793,-0.29709876,0.17342387,-0.83441263
0.2856462,0.17941515,0.8483092,0.3650126,-0.21977949,-1.097716,-0.7516331,-0.49136618,-0.3908807,-0.46510115,0.28837034,0.31797218,0.6531426,-0.2613591,-0.4247072,-0.0667519,0.1675605,0.45290375,0.05699819,0.2900724,-0.32587624,-0.7032446,-0.6552822,-0.30727595,-0.79864895,0.13784467,-0.52341706,0.52358407,-0.17291188,0.34503767,-0.9340982,0.022195624,1.2541327,0.6126276,-0.43710858,-0.22826357,-0.3947473,-0.4553665,-0.54468745,-0.6216122,-0.2716317,-0.1255533,0.25577602,0.6020231,1.1171813,1.2233512,-0.24865611,-0.4184625,0.10723738,0.17099422,0.86644465,-0.35442153,-0.5012542,-0.16295202,0.62827265,1.0602856,0.0368138,-0.24898893,1.308051,-0.110103026
-0.6129229,-0.36458042,1.929311,0.11692489,-0.55590045,-0.575563,-0.56552947,-0.16549715,-0.6299222,-0.5628666,1.3852239,2.5137382,-0.37714788,-1.1275839,-0.85621613,-0.33055058,0.72365636,0.37483335,0.7821982,-0.5721877,-0.7634867,-0.7753318,-0.4297061,-0.39267695,-0.37029976,-0.41497406,-0.97151303,0.09892978,-0.13094468,0.81799835,-0.4691481,1.1967001,-0.032459076,-0.64821273,-0.55011797,-0.29668564,-0.2699852,-0.4700763,-1.0725867,-0.08590455,0.82050866,-0.046284318,-0.26273966,-0.27885064,0.27901182,4.1016426,-0.4448228,-0.67086977,0.82511234,2.4446135,-0.24378437,-0.99535936,-0.8706947,-0.34004062,-0.44045752,1.1772871,-0.43724638,-0.92337674,1.50589,-0.049734745
1.1842153,-0.29693332,-0.80883086,-0.47632834,1.0620378,-0.00030978417,-0.1933222,-0.44554085,-0.62036055,-0.75025046,-1.0633078,-1.3579481,0.4470845,2.9733994,0.021429118,-0.27038598,-0.4387094,-0.5672161,0.19270813,0.11254827,1.5486127,-0.044161938,-0.6062439,-0.16159189,-0.09270228,1.1869942,0.42906055,0.41563553,-1.4995054,-0.52068985,-1.0713866,-0.2809023,0.87852645,1.7614645,-0.38952565,-0.22826357,-0.31989002,-0.4700763,0.15238413,-0.6503108,-0.8468812,-0.7068591,-0.4092767,0.25894597,1.6743175,1.9219656,-0.41510054,-0.7447451,-1.0448362,-1.3058867,0.47127837,2.7238855,-0.02725498,-0.3082555,1.1027389,0.8860201,1.1136725,0.051509343,1.8646457,-1.5058669
-0.53644896,-0.6718111,-0.6514323,-0.023298603,1.0506439,0.672294,0.18734434,0.1705553,-0.63470304,-0.82900596,-1.2701218,-0.08936954,1.9079835,0.5057773,-0.059021696,-0.3120384,-0.7355726,-0.72335684,-0.5112872,0.4739367,1.5830703,0.753946,0.46279064,-0.26206365,0.8314728,0.8311653,0.8950248,-0.93529344,-1.3301396,-1.0689,-0.18358818,0.1680615,0.017995505,0.4526225,-0.37168205,-0.3080893,-0.36979488,-0.4700763,0.49480528,0.67620337,-0.31331643,-0.6936476,-0.30407062,-0.25103357,-0.24854192,-0.3415448,-0.4448228,-0.72935444,-1.1027293,-0.47805607,1.7804346,0.6656626,-0.4106367,-0.04035222,0.033334862,-0.5703077,0.8100931,-0.24250531,-0.052606747,-1.2181445
-0.3213659,-0.4294089,0.2721709,1.1092757,0.17046268,-0.7127388,-0.1933222,-0.28769803,-0.6442647,-0.8996144,-0.5093413,1.5244796,0.7825893,-0.21660946,0.26278156,-0.24724574,-0.28191546,-0.18467113,0.48109177,1.1555027,0.00836169,-0.82682264,-0.56701326,-0.28215802,-0.057635915,0.49716735,-0.12838385,-0.21156275,-0.87755775,-0.21524122,-0.91030157,0.18511076,2.0558002,-0.53300905,-0.55011797,-0.29668564,-0.41969973,-0.4700763,0.0035940066,0.63474977,-0.78852254,-0.9138392,-0.31910005,0.31921628,0.727679,0.5992558,-0.4448228,-0.8001516,-0.62800556,1.3680451,0.8556918,-0.30326688,0.3003621,-0.27647036,0.214572,0.21433666,0.38833123,-0.6348793,1.0620984,-0.73008615
-0.43607685,-0.5562473,0.25435218,0.23198006,0.028038537,-0.18173581,0.74565524,0.41495708,-0.2665791,-0.38362992,-0.24343742,0.81454116,0.013834144,-0.5426424,0.21158558,0.8727417,-0.16693324,-0.11701013,-0.5749012,-0.48025557,-0.084673606,0.29052848,1.2375954,1.2751544,0.48508662,0.41852665,0.7407858,-0.15414703,0.08141538,0.58634436,-0.6888096,-0.22407144,-0.32677746,0.0654101,3.5122736,0.011213617,0.22906324,-0.14646062,0.26652452,0.48806792,-0.096555755,-0.40299472,-0.2965559,-0.45502537,0.29873344,-0.49058253,-0.23676723,-0.3999937,-0.32117188,0.90166163,0.003530567,-0.522931,0.15398,0.9041203,1.3885494,-0.35934103,0.42998222,1.1192007,0.19989042,0.076715365
-0.31180665,-0.1560018,0.59587747,0.48006776,-0.008991742,-0.63308835,-0.32021105,-0.15022203,-0.44825065,0.25727707,0.40285674,0.7951439,-0.028434183,-0.7280337,-0.6294911,0.044321235,-0.43034706,0.14322452,1.592217,0.35981405,-0.6187651,-0.6517538,-0.35124484,0.019257292,-0.17769365,-0.29091957,-0.15407713,0.07846146,0.32715335,0.022366926,0.363735,-0.14829695,-0.25389862,0.16461328,-0.08023668,-0.31949297,-0.2949376,-0.4112371,-0.595643,0.52633274,1.0664487,0.55263686,0.10548162,-0.55702126,-0.66269624,-0.25771108,-0.34971166,-0.042929724,0.42564967,0.8705694,-0.044857137,-0.6071857,-0.55004823,-0.0040263534,-0.34325257,-0.15596369,-0.26081085,-0.28879985,-0.5042453,0.2955517
0.22829074,0.59939104,-0.6217344,-0.8394712,0.89967436,-0.32776162,-0.18486294,-0.19095567,1.8226439,0.20024723,-0.5056482,-1.5868353,-0.72586155,1.0363799,0.8259373,-0.33055058,0.922262,-0.17946644,-0.9989948,-0.540487,0.37361136,-0.16773994,0.67855906,-0.55845535,-0.1866149,-0.26683375,-0.42959478,0.48367134,1.1070267,0.8986516,0.5394642,-0.6124157,0.9850417,-0.50740826,-0.54417014,-0.31949297,-0.31989002,-0.4700763,-0.9971725,0.55822015,-0.16741982,-0.46024454,0.42485723,1.3252668,0.4515761,-0.2949705,0.6013994,0.9236055,-0.2922253,-1.4341421,-0.70884395,0.9274541,0.5094794,-0.22198156,-0.57049805,0.73383117,-0.18493527,-0.55409384,0.66168296,0.89363426
-0.6129229,-1.0213212,-1.346362,0.78208756,0.75155324,1.5041987,0.8387071,0.11963826,-0.6442647,-0.88603586,-1.1630217,0.17831217,1.3928384,0.82222104,-0.23455074,-0.103776276,-0.112578,-1.0018079,-0.40102288,1.4408092,0.5906937,-0.14199452,-0.40028313,-0.12140318,1.2133212,0.8730095,0.32498246,-1.5511707,-1.2844691,-0.38610613,0.16787018,0.510941,-0.12495914,-0.50420815,-0.5144308,-0.27387828,-0.41969973,-0.4700763,-0.73016554,1.9931513,0.51204157,-1.023935,-0.9691233,-0.6358363,0.24942936,1.7449833,-0.4448228,-0.80630785,-1.172201,-0.2759566,1.2078468,1.0237452,0.22368577,-0.04035222,-0.68293107,0.015475983,0.94891757,-0.9075248,0.6922124,-1.2785633
-0.6129229,-1.0128653,-1.3255734,2.3425233,0.9965228,0.2297915,-0.45555916,-0.33352336,-0.6442647,-0.9050458,-1.1925665,1.8969063,1.3400029,-0.069575,-0.6441185,-0.44162372,-0.8275584,-0.61666065,0.6719339,1.8307284,0.29780483,-0.28101978,-0.84162766,-0.24699289,0.67887866,0.47147274,0.35802677,-1.4665685,-1.1341947,-0.95761055,-0.38677505,0.27414578,0.74958694,-0.11699574,-0.56201375,-0.31949297,-0.24503277,-0.4700763,-0.102393486,1.1130602,0.24942765,-0.14757246,-0.3717031,-0.366938,-0.4999928,-0.42537853,-0.4448228,-0.80630785,-1.172201,1.0998746,1.6325833,0.08791583,-0.4942836,-0.48534408,-0.19089572,-0.4826204,0.46190667,-0.5554855,-0.4608201,-1.0982627
-0.41695836,-0.6464434,-0.55342937,-0.594979,0.34422016,1.6856247,1.5323662,-0.07384648,-0.43390816,-0.60631794,-0.9192765,-0.30273902,0.44972625,1.2665209,0.7381727,-0.122288465,-0.6895797,-0.20028523,0.31993622,0.29641256,0.8422336,0.24418673,-0.3610525,-0.086238064,0.98649186,0.837612,0.45390812,-0.81674296,-0.80053926,-0.5714653,-0.25314763,0.67953926,0.01238944,-0.40180486,-0.30030766,-0.27387828,-0.0454134,-0.33768806,-0.4916937,0.8388289,1.0331008,-0.0066498294,-0.2777691,-0.38084653,-0.31263724,-0.4533231,-0.23082279,-0.48618153,-0.81615824,-0.47028303,-0.058298167,1.3156277,1.3668603,-0.05397442,-0.28079137,-0.2256697,0.8714058,-0.41307288,-0.39413226,-0.66269064
-0.35482326,-0.5957081,0.44441843,0.73534644,-0.19699162,-0.19058585,0.21272211,0.094179735,-0.50083977,-0.61174935,-0.2360512,1.3848195,0.42859212,-0.4915,-0.30768785,0.3266321,-0.78783727,-0.21069461,1.7364088,0.36298412,0.04971071,-0.42004502,-0.20413001,0.10968188,0.21922694,0.32537457,0.27219793,-0.13444641,-0.3270773,-0.4442379,-0.08107949,-0.11798716,0.06284402,0.52942497,-0.10402814,-0.27387828,-0.34484246,-0.3818175,-0.5120759,0.6028624,1.1831659,0.4909832,-0.4092767,-0.45502537,-0.53450567,-0.1645625,-0.37348944,-0.65547913,-0.36169708,1.3447258,0.32073885,-0.37247613,-0.20848997,0.40463963,0.0338297,-0.20552406,0.35411707,-0.14172184,-0.45255512,-0.27821577
0.056224313,-0.08553606,-0.68706965,-0.39003694,0.46100795,1.1678967,0.08583326,-0.39462382,-0.49127814,-0.66877925,-0.91189027,-0.7915491,0.30707067,1.5765718,1.1550542,0.15076633,-0.4993364,-0.23151338,0.46412802,0.34713376,0.64238,0.20299406,-0.6748975,-0.2419693,0.28653806,1.1124989,0.22839817,-0.030433532,-0.9680271,-0.3913639,-0.80230135,0.048716694,0.9373901,0.7118308,-0.4609,-0.2624746,-0.2949376,-0.4700763,-0.3367889,-0.41434437,0.007656112,-0.15638012,-0.116202615,0.48611867,0.6833053,1.0836284,-0.29621166,-0.6647135,-0.77852774,-0.9794183,0.17557573,1.6135284,1.157743,0.08678831,0.4774527,0.701082,1.0732603,-0.23533082,1.0786465,-0.96085215
-0.18275683,-0.4350462,-0.3069372,2.1196039,-0.33087033,-0.59768814,-0.4640184,0.063629515,-0.24745578,-0.25599167,-0.48718265,1.136535,0.34405544,-0.6736949,-0.6441185,0.71076006,-0.4240753,-0.38244948,0.5277421,1.3203465,-0.343105,-0.5848157,-0.17470704,0.20010647,0.023247853,0.21487272,0.217921,-0.09448175,0.13190666,-0.16889378,-0.09023205,-0.48170468,0.45526853,0.6670294,-0.17540252,-0.27387828,-0.2949376,-0.028782187,0.5906017,-0.12735812,-0.37584355,-0.57474416,-0.029783338,0.10595211,-0.19923784,-0.03415449,-0.29026723,-0.41538438,-0.42248487,1.3408394,0.30729783,-0.5319583,-0.6546069,0.6407578,0.25640467,-0.2589797,0.24454595,0.22129448,0.3400557,0.019552596
-0.6129229,-0.65771794,0.3909623,1.21714,-0.14002196,-0.21271098,-0.30329254,0.12472996,-0.6107989,-0.74210334,-0.6090553,1.5438768,0.6346502,-0.028021773,-0.51978546,0.03506514,0.6316706,-0.34081194,0.31145433,-0.25518033,-0.10879387,-0.4303432,-0.18451469,-0.1515447,0.22707318,0.44896397,-0.4342162,-0.37613133,-0.6758831,0.7268406,-0.600945,1.0451511,0.104889505,-0.36660373,-0.4787436,-0.2624746,-0.2699852,-0.4700763,-0.7179362,-0.22302021,0.48286223,-0.046284318,-0.52575487,-0.39475507,0.50088024,4.1016426,-0.4448228,-0.6924168,-0.77852774,1.5545985,0.6164415,-0.050502665,-0.5082247,0.13219565,-0.11006596,1.0580574,0.4180591,-0.696151,1.6436386,-0.56639844
-0.33570477,-0.5928895,0.31968746,0.8072559,-0.22262797,-0.110935405,0.20426285,0.14000507,-0.48171648,-0.61718076,-0.2729823,1.3809401,0.42330855,-0.507482,-0.19066848,0.3266321,-0.81292427,-0.2835603,1.8339503,0.3186031,0.15652901,-0.42004502,-0.25316828,0.13479982,0.25295183,0.34694856,0.31184635,-0.13800977,-0.33305937,-0.48487237,-0.033486173,-0.14261387,-0.015640883,0.5646261,-0.11592387,-0.21685989,-0.2699852,-0.4112371,-0.49577013,0.69852453,1.0581118,0.46456018,-0.35667366,-0.49675098,-0.5690185,-0.1645625,-0.37348944,-0.64008844,-0.43406352,1.4302295,0.24278088,-0.32733965,-0.19454882,0.450047,0.011117781,-0.23015825,0.3856979,-0.098546445,-0.46402574,-0.29236045
2.9287775,0.23296914,-1.0078064,-0.6884613,0.52937156,-0.8676147,-0.48939618,-0.49136618,-0.5773331,-0.6769264,-1.1187043,-1.3424302,1.5513445,1.9026048,-0.51247174,-0.43236762,-0.99062407,-0.78841555,0.65497017,1.9480212,0.9042571,-0.63115746,-0.8808583,-0.21182777,-0.9976648,0.94185984,0.519828,1.4458946,-1.3176217,-1.2838227,-0.9542338,-1.2697593,0.11610164,4.0847387,-0.33599487,-0.3080893,-0.2699852,-0.4700763,0.32155648,-0.31549355,-1.0553049,-1.0679734,-0.82634366,-0.31594005,2.5026262,2.024429,-0.36160055,-0.70165116,-0.9608911,-1.2514753,1.4363443,1.7579651,-0.54307765,-0.4444775,1.6565958,0.77935654,0.8545628,0.4472032,2.1472604,-1.282079
0.41947564,-0.09117332,0.5929077,0.7497283,-0.18844616,-0.97381526,-0.7600924,-0.44554085,-0.43390816,-0.5465724,0.17388394,0.46927053,0.51048696,0.013531446,-0.51978546,-0.011215331,-0.13348386,0.23430665,1.1511596,0.144249,-0.34655073,-0.7083937,-0.57682097,-0.23192212,-0.6699364,0.23230527,-0.384715,0.43246308,-0.28375697,0.14705764,-1.058573,0.063871585,1.2569358,0.6990304,-0.41926497,-0.21685989,-0.09531824,-0.4259469,-0.789274,-0.08590455,0.51621,0.0021578346,-0.2214087,0.19867566,0.8312176,1.2792404,-0.29621166,-0.51696295,0.055133555,0.36532065,0.63257074,-0.050502665,-0.61975396,-0.113003954,0.7952375,0.824262,0.114348866,-0.11657106,1.0247947,-0.19671601
0.52940696,-0.27438426,-0.67519057,0.78208756,0.0850082,-0.6065382,0.20426285,0.40477365,-0.5151823,-0.7203777,-1.1039319,0.6710017,0.43651742,-0.34446552,0.25546783,1.881656,-0.8108337,-0.814439,0.39203212,1.558102,-0.19149192,-0.18318719,0.4922136,0.7928899,0.10550587,1.2034572,0.8686206,0.51503235,-0.54733473,-0.57052433,-0.5734873,-1.0822175,0.6430717,2.25108,0.020877019,-0.14843784,-0.19512793,-0.4553665,0.14219303,0.31268746,-0.31748492,-0.6099748,-0.19134982,-0.2232165,0.36775917,0.6644598,-0.35565612,-0.66779166,-0.95220715,0.23317868,0.59762406,-0.2581304,0.119127125,1.7804818,1.0841026,0.03333449,1.1599342,0.35941803,0.7930691,-0.5166375
-0.38828063,-0.6830856,-0.6573718,0.51242703,0.9424016,0.7032692,-0.10027038,-0.38444042,-0.5295248,-0.5547195,-0.6053622,0.59729224,0.61879957,0.774275,-0.39545238,-0.4508798,-0.6603115,-0.5203738,0.663452,0.64512074,0.7216323,0.07941607,-0.14528407,-0.27211082,0.5289002,0.39121866,0.42225817,-0.8253066,-0.66886336,-0.69803035,-0.44718194,0.3423428,0.07685918,0.25421616,-0.47279575,-0.11422682,0.20411082,0.55961,0.4214293,0.34776354,0.25359613,-0.45143685,-0.42806348,-0.5338404,-0.30770683,0.16145752,-0.421045,-0.6062289,-0.6193216,0.38863984,0.675582,0.88532674,-0.3479015,-0.51712924,0.33531532,-0.4961183,0.40166014,0.44680592,0.015334865,-0.7363815
-0.034588523,-0.6999974,-1.1770842,-0.71003413,1.8852495,0.99974585,-0.083351865,-0.14513034,-0.60123724,-0.717662,-0.9599007,-0.33377457,1.4747332,1.244146,-0.834275,-0.4508798,-1.0157111,-1.280259,0.061239123,0.48344693,1.2281578,2.9011137,-0.56701326,-0.25704005,0.8584921,0.6782498,1.2647104,-0.91142154,-1.1464682,-1.8546494,0.12393788,-1.5198151,-0.5818534,2.1678774,1.8052365,-0.19405255,-0.17017551,-0.22000964,1.5872917,-0.22302021,-0.02986016,-0.6496093,-0.8902188,-0.83982813,-0.5690185,-0.19250707,-0.42698944,-0.75705767,-1.004311,-0.69958824,1.4417206,1.4239552,-0.76613605,-0.24922596,1.1415122,-1.198792,0.7945676,1.05312,-0.63195217,-1.2550199
1.1937746,-0.16727634,-0.41087967,-0.4655419,0.6404624,-0.27466133,-0.09181112,-0.3793487,-0.6299222,-0.85887873,-1.0189904,0.05804937,1.5513445,0.44504565,0.2188993,-0.21947746,-0.7920184,-0.8196437,1.0281725,1.2062238,0.35982838,0.22873949,-0.32182187,-0.22689854,-0.27627617,0.82590103,0.505201,0.6284701,-1.1964334,-0.91615057,-0.8389116,-0.13882515,0.104889505,2.0750744,-0.4609,-0.31949297,-0.44465214,-0.4553665,-0.3734769,-0.48449656,0.22858527,0.07261915,-0.23268078,0.10595211,0.8854521,1.1488324,-0.4448228,-0.7816827,-0.96378577,-0.26041046,1.5169904,0.524235,0.2724798,-0.22198156,0.8132803,0.70868,0.78964376,0.13576297,1.1801797,-1.1463864
0.003648459,-0.680267,-1.0464137,-0.36127317,0.88543195,2.2254777,-0.53169245,-0.29278973,-0.45303148,-0.5845923,-0.4613309,-0.97776246,0.29914534,2.2318342,-0.26380557,-0.4092274,-0.5745975,-0.68432164,-0.010856786,-0.32809204,0.7905473,2.5200815,-0.14528407,-0.30225235,0.7503898,0.74757606,0.8243219,-0.82763606,-0.8326363,-0.75612134,0.10746327,-1.048119,0.69352627,1.1726456,-0.3122034,-0.27387828,-0.2699852,-0.4700763,1.0288192,-0.6088573,0.34113407,-0.60116714,-0.7549538,-0.61729157,0.29380304,0.14282781,-0.26648945,-0.652401,-0.76984376,-1.0454893,0.45783734,2.30863,-0.47337186,-0.35366282,0.32243958,-0.4962735,0.8288123,0.098366395,0.39576998,-1.0396814
0.54852545,-0.27156565,-0.81477046,-1.1091318,0.29009897,2.6989555,-0.35404807,-0.5371915,-0.524744,-0.5438567,-0.6718381,-1.5790764,-0.025792412,3.4752345,-0.58560884,-0.45550787,-0.9697182,-1.0538548,-1.126223,0.9716383,1.2384951,2.9989464,-0.6062439,-0.26206365,0.36379078,0.98379916,1.3169463,-0.045831103,-1.0702624,-1.7914985,-0.45450398,-1.6315824,0.2170108,2.996704,0.81789094,0.034020968,-0.36979488,-0.4406567,1.5220686,-0.84801245,-0.74266934,-0.3721679,-0.71362287,-0.5152957,0.46143696,-0.09935849,-0.3913228,-0.68626046,-0.77563304,-1.2864541,-0.13894434,3.3497777,-0.42457783,-0.5125885,1.5227036,-0.65296364,1.0225235,0.7546633,0.6362831,-1.3059344
-0.24489193,-0.60134536,-0.3663329,0.44051754,-0.41632482,0.043940466,1.1770773,1.3365555,-0.5582098,-0.7258091,-0.5425793,1.6137068,-0.14203031,-0.32209072,0.38711464,1.002327,-0.8756418,-0.38765416,0.6507292,0.084017605,0.2219983,0.5170882,0.13913797,1.0490929,0.91968757,0.754713,0.9608358,0.025306774,-0.38118184,-0.35786912,0.5321421,-0.724183,0.08246525,0.24141574,0.050616343,-0.091419466,0.10430113,-0.26413906,0.41531464,0.6538822,0.22441679,-0.27087975,-0.4656371,-0.575566,-0.6972091,-0.10867335,-0.42698944,-0.67086977,-0.7206346,1.5818042,-0.28679565,-0.42663988,0.6558615,1.299164,-0.23389123,-0.72282267,0.83835095,0.1726735,-0.40609223,-0.28795296
-0.5077712,-0.59007084,0.5156933,0.9438839,-0.16280982,-0.25696123,-0.083351865,0.022895884,-0.4052232,-0.2668545,0.41762915,1.0356696,0.26480234,-0.60337406,-0.30037412,-0.3120384,-0.6164092,0.25252306,1.4861935,0.21082057,-0.25006968,-0.3634051,-0.40028313,-0.17666265,0.16082196,-0.15401125,-0.06767187,-0.24224176,-0.027074968,-0.18082671,0.28685346,0.16427277,-0.13897431,-0.36340362,-0.09213241,-0.28528196,-0.22008035,-0.4553665,-0.5650697,0.6634484,1.3707473,0.40290654,-0.28904116,-0.5338404,-0.623253,-0.30428538,-0.314045,-0.41230625,0.09855341,1.2436762,0.25622192,-0.5349674,-0.4106367,-0.11754469,-0.5278516,-0.2520881,-0.08166491,-0.4906041,-0.61362356,-0.018312162
-0.60814327,-0.7761004,0.007860034,1.2459037,-0.014688708,0.53069323,-0.27791476,-0.14513034,-0.62036055,-0.633475,-0.7457003,1.2490389,0.85920066,-0.18464544,0.3066638,-0.30741036,0.8323668,-0.2939697,-0.20593983,-0.45172492,-0.59464484,0.4707464,0.32548344,-0.23192212,0.38386905,0.4448372,-0.3880978,-0.6638434,-0.7324722,0.95004106,-0.22752048,0.13206862,0.32352602,0.32141832,-0.55011797,-0.29668564,-0.2949376,-0.4553665,-0.35920933,-0.4876853,-0.12990355,-0.39859086,-0.5069681,-0.1814909,0.5551147,4.772312,-0.43887833,-0.68626046,-0.88563,0.72676784,1.2858047,-0.080593646,0.20974462,-0.299174,0.010890209,1.1308656,0.5037182,-0.3956455,1.998802,-0.8290405
0.33344245,-0.25183523,-0.9662295,-0.10958998,0.81706834,1.1413467,-0.548611,-0.53209984,-0.6442647,-0.8914673,-1.2885875,-0.8419819,1.0124234,2.0048897,0.44562432,-0.19633722,-0.829649,-0.8378601,0.6380064,1.1618428,1.017967,0.1926959,-0.7729741,-0.26206365,0.21620193,1.2264117,0.5659493,-0.1549345,-1.6615988,-1.1182325,-1.0183017,0.008935089,1.1223903,0.9102372,-0.42521283,-0.17124519,-0.36979488,-0.4700763,0.2767156,0.01294626,-0.32582185,-0.72887826,-0.58962995,0.04104562,1.2355112,0.012419798,-0.4448228,-0.80630785,-1.1374652,-1.0921276,0.8987031,2.0468385,0.42583248,-0.2946333,0.7062655,0.15096895,1.1463733,-0.17146601,1.0446874,-1.6012806
-0.46475458,-0.55342865,0.13259101,0.21040721,0.15622027,0.04836549,1.1939958,-0.08402989,-0.33829156,-0.42164984,-0.0366233,0.7718673,0.7957982,-0.507482,-0.044394273,-0.4601359,-0.20874494,-0.41367763,-0.2016989,-0.11569706,1.1592427,0.46044824,0.0018307795,-0.41779488,0.42020458,0.037199702,0.3045177,-0.34583867,-0.25127006,-0.2072896,0.8286851,-0.2865854,-0.66314137,0.16781339,-0.26462048,-0.31949297,-0.34484246,-0.4553665,0.07696996,1.5307846,-0.22994694,-0.7024553,-0.7023508,-0.47357008,-0.03160394,-0.07141392,-0.26054502,-0.38768113,-0.17354436,0.6373777,0.65676457,-0.5500129,0.42583248,-0.25830743,-0.59084564,-0.52012306,0.10731672,-0.3825218,-0.0917331,-0.15219493
-0.6129229,-1.007228,-1.2483591,2.8386989,0.57779574,-0.053410083,-0.26099625,-0.2215059,-0.6442647,-0.8914673,-0.9451282,2.4516668,1.004498,-0.4819108,-0.60754997,-0.275014,-0.78365606,-0.5646137,1.1384368,1.9163204,-0.22250368,-0.6363065,-0.5277827,-0.196757,0.63579714,0.3766647,0.2322049,-1.335311,-0.95111984,-0.7926599,-0.33552068,0.7268983,0.057237957,-0.1905981,-0.54417014,-0.3080893,-0.2699852,-0.4700763,-0.36124754,0.8994149,1.087291,-0.07711114,-0.49569598,-0.47357008,-0.33728927,-0.42537853,-0.4448228,-0.8001516,-1.0419415,1.7100596,1.3341924,-0.31229416,-0.43154842,-0.34458137,-0.38459244,-0.3585022,0.37240836,-0.660909,-0.5009594,-0.9195568
-0.60814327,-0.90575737,-1.304785,-0.29655463,1.5291891,1.7608502,0.669522,-0.2215059,-0.60123724,-0.763829,-0.7826314,-0.6518891,1.2686751,1.4838761,-0.51978546,-0.3999713,-0.72511965,-0.6635029,0.027311638,0.54367834,1.224712,1.0319965,-0.7631664,-0.27211082,1.2431335,0.77838016,0.6782667,-1.7305278,-1.1614767,-0.96308994,-0.059113346,0.42380038,-0.64632314,0.3310186,0.032772746,-0.25107092,-0.46960455,-0.4259469,0.28690672,0.47212425,-0.0006808373,0.0021578346,-0.2777691,-0.4921148,-0.38166296,-0.2949705,-0.43887833,-0.72012,-1.0303628,-0.602425,1.0358015,1.5172373,0.10518597,-0.3899887,-0.27337086,-0.4853748,0.8703533,-0.22979216,-0.25751746,-1.2461665
-0.41217873,-0.020707572,0.6701221,0.1564751,-0.59577924,-0.6153883,1.7269291,-0.16040544,-0.21398996,0.20024723,1.5329483,0.57013613,-0.9556956,-1.1531551,-0.0663354,0.6505954,-0.11048742,0.16144094,-0.095675506,-0.37564313,-0.4637063,-0.008118355,0.27644515,1.2048241,-0.0026518304,-0.3874997,0.37569636,0.29274905,0.7308541,0.7669757,0.18251428,-0.61431,-0.719202,-0.3410029,3.49443,0.1138467,-0.020460978,-0.1317508,0.50091994,0.48806792,-0.44253916,-0.40299472,0.1543273,-0.074858814,-0.8303302,-0.5371568,-0.26648945,0.123289704,0.90905744,0.7928388,-0.75185525,-1.079614,-0.38972494,0.8223871,0.80128336,-0.5892367,-0.283464,1.2120568,-0.42317477,0.7722321
0.20917225,-0.14472729,-0.95732015,0.0018697167,0.7344623,1.0882463,-0.6416628,-0.5015496,-0.6442647,-0.88332015,-1.3329047,-0.8148258,1.0309157,1.9345688,0.6504082,-0.24724574,-0.8526454,-0.8690883,0.70162046,1.1745231,1.045533,0.16695048,-0.7533588,-0.26708725,0.18207946,1.2229536,0.59281635,-0.1300717,-1.6675103,-1.1739906,-1.0420984,-0.051684495,1.1504205,0.9614388,-0.34194273,-0.13703416,-0.31989002,-0.4700763,0.32155648,0.009757524,-0.4175283,-0.74208975,-0.57084316,-0.0006799765,1.2552328,0.04967923,-0.4448228,-0.809386,-1.1461492,-1.0765815,0.8798857,2.0227656,0.60706747,-0.34458137,0.78269714,0.12001555,1.142844,-0.10902589,1.0496682,-1.6103607
0.6154402,0.37671927,1.4303871,-0.68486583,-1.048688,-0.46051237,-0.10027038,-0.35389018,-0.62036055,-0.53027815,1.3298272,0.4653911,-0.7919058,-0.40200076,0.65772194,0.8357173,-0.4094412,0.63767034,1.6006988,-0.283711,-0.5429586,-0.4560886,-0.19432235,-0.35751182,-0.896965,0.3379522,-0.37267873,0.961038,0.06093162,0.09330211,-1.2965397,-0.023269065,2.145497,0.39822078,-0.57390946,-0.29668564,-0.36979488,-0.4700763,-0.5813754,0.2903663,0.07018323,-0.1695916,-0.33788684,0.17549478,0.74247026,1.0929433,-0.421045,-0.4584783,1.0045811,0.2914766,-0.9454061,-0.31530327,0.6279792,0.7451947,0.72240865,0.6124375,0.20853741,-0.29715466,1.0298216,0.26987252
-0.56512666,-0.6999974,-0.82961935,0.016251612,0.9395531,0.53069323,1.363181,0.15528017,-0.5486481,-0.49768963,-0.6053622,0.27917773,0.38104025,0.55372334,0.3066638,0.14151023,-0.8401019,-0.7988249,0.5786333,0.5373382,0.45286366,1.2894506,0.18817624,0.009210116,0.9776891,0.6362014,0.88445747,-1.0009599,-0.5405291,-0.9573999,0.8579733,-0.5499017,-0.4921564,0.11981185,0.0922514,-0.23966725,-0.19512793,-0.3965273,0.2074161,0.7941866,1.00809,-0.041880485,-0.8037995,-0.784194,-0.7662349,-0.41606367,-0.4448228,-0.5446662,-0.63668954,-0.2759566,0.6406353,0.3677619,0.96953744,0.19576591,-0.5384988,-0.8153045,0.75457615,-0.16778496,-1.0553643,-0.64887744
0.48639038,-0.30257058,-0.90683377,-0.95452636,0.44106856,2.482129,-0.36250734,-0.49136618,-0.5295248,-0.5112682,-0.6607588,-1.4394164,0.20932515,3.1012554,-0.7538242,-0.4508798,-0.94045,-0.9992056,-0.9268989,0.8575157,1.3074101,2.674554,-0.6356669,-0.26206365,0.41922623,0.887517,1.2276654,-0.1483959,-0.9904456,-1.6595441,-0.2751138,-1.4951884,0.32913208,2.587091,0.40154037,-0.12563048,-0.31989002,-0.4406567,1.4629602,-0.83844626,-0.546751,-0.42061004,-0.6084168,-0.50602335,0.20505568,0.012419798,-0.41510054,-0.6647135,-0.77852774,-1.1543121,0.09761777,3.0398407,-0.6336951,-0.4717219,1.1436034,-0.6744505,0.9449636,0.6037009,0.5271177,-1.2368605
-0.60336363,-0.90012014,-1.0998698,0.75691926,1.3611286,1.2873725,-0.8193072,-0.33861506,-0.6155797,-0.7746918,-1.0965457,0.3722844,1.3030181,1.1418612,-1.1048822,-0.3907152,-0.6080468,-0.9679774,-0.17625329,0.43589583,1.531384,1.2637053,-0.68470514,-0.26708725,0.80619514,0.66968364,0.81363857,-1.4538274,-1.1858594,-1.0109354,-0.7382334,-0.097149186,1.7418605,-0.16819738,-0.42521283,-0.28528196,-0.12027066,-0.19059002,1.6464001,0.035267413,-0.53841406,-1.050358,-0.9165203,-0.78883016,-0.4556191,0.5154221,-0.43887833,-0.7231981,-0.96378577,0.023306126,1.4229032,1.1320727,-1.1425472,-0.48080334,0.37750593,-1.1011753,0.58141303,-0.117712386,-0.14963308,-1.1332378
-0.6129229,-0.9536741,-0.85931724,0.7281555,0.84840167,0.97319573,0.7794923,-0.28769803,-0.63948387,-0.633475,-0.4724102,-0.00014230631,1.0626171,0.1254055,1.0160937,-0.39534324,-0.3927165,-0.18727349,0.018829765,0.32177317,-0.0019755657,0.18754682,1.6397095,-0.24699289,0.936782,0.6281506,0.39406312,-1.3538272,-0.80351657,-0.12173614,0.078175075,-0.57831717,0.8673143,0.055809796,-0.01481017,-0.3080893,-0.070365824,-0.4700763,0.03009088,0.34776354,0.29528087,-0.1695916,-0.65726244,-0.40402743,0.19519487,0.61788553,-0.4448228,-0.75705767,-0.683004,-0.62185764,1.511614,0.2895254,1.0950078,-0.4490182,0.055280227,-0.108362116,0.74166715,-0.07417659,0.51918745,-1.0044663
-0.5507878,-0.80992395,-0.90980357,0.23198006,0.27870503,0.44661772,2.885847,0.5320662,-0.5151823,-0.7258091,-0.9488213,-0.10100788,0.87769306,0.39709964,1.944935,-0.29815426,-0.65403974,-0.87169063,-0.3331679,0.27739212,0.8594624,1.6035448,1.2474031,-0.24699289,1.2726794,0.8861257,1.0130984,-1.0126034,-0.9584758,-0.96559185,0.31797218,0.41811728,-0.41927755,-0.312202,-0.4787436,-0.28528196,-0.2949376,-0.4406567,0.17888102,2.2578163,-0.05903948,-1.1340308,-0.8902188,-0.7981025,-0.44082788,-0.23908137,-0.367545,-0.5969945,-0.89141935,-0.21377213,0.6997759,0.054815754,1.931477,0.2865806,-0.64164084,-0.9542949,0.92995995,-0.7118379,-0.8495907,-0.76169336
0.9117768,0.25551817,-0.5207617,0.33624882,0.201796,-0.42068714,-0.548611,-0.56265,-0.57255226,-0.7719761,-0.6312139,-0.25230622,0.8882602,0.88614905,0.39442834,-0.12691651,-0.2003826,0.06515412,0.8330895,0.5595287,-0.0708906,-0.78048086,-0.56701326,-0.36253542,-0.60496193,0.8112635,-0.3011565,0.6863422,-0.9542678,-0.021203442,-1.3679296,0.1434348,0.88693553,1.5566579,-0.44305643,-0.15984152,-0.2699852,-0.4700763,-0.8239237,-0.63436717,-0.21744151,-0.2796874,-0.11995998,0.52784425,1.7137607,2.6950989,-0.367545,-0.68626046,-0.5701124,-0.59465194,0.91483235,0.924445,0.25853866,-0.22652228,1.1085801,1.5266606,0.7021405,-0.072924696,1.7261691,-0.84339005
-0.51255083,-0.7197278,0.07319531,1.2027581,0.19894752,-0.27466133,-0.04951484,0.0076207737,-0.46259314,-0.3320315,0.25882545,0.8882506,0.60294896,-0.5170712,-0.51247174,-0.35369083,-0.67703617,0.1588386,1.524362,0.53099805,-0.23284094,-0.5693685,-0.31201422,-0.27211082,0.3116922,-0.0764477,-0.0528696,-0.50600535,-0.17095152,-0.33029538,0.38753164,0.43895528,-0.34639868,-0.5106084,-0.49658722,-0.3080893,-0.494557,-0.4406567,-0.6832865,0.6666371,1.5708342,0.38969505,-0.22892341,-0.54311275,-0.5887401,-0.38811907,-0.31998944,-0.4984941,-0.08670465,1.0027114,0.6728938,-0.47779456,-0.45943072,-0.17203349,-0.84134305,-0.21285091,0.024417825,-0.9287619,-0.6553405,-0.19790208
0.23784998,0.1822338,0.19792628,0.33265334,0.18755358,-0.6950387,-0.76855165,-0.46590766,-0.4243465,-0.56829804,-0.431786,-0.08161065,0.8935437,0.3299752,-0.044394273,0.0026688105,-0.095853314,0.13281514,0.25208125,0.47710678,0.032481954,-0.5487721,-0.41989845,-0.37760618,-0.55500835,0.5173849,-0.24960448,0.40726668,-0.5104017,0.07454538,-1.058573,0.048716694,1.184057,0.8654357,-0.47279575,-0.18264887,-0.31989002,-0.4700763,-0.33067423,-0.7300292,-0.49256083,-0.03747665,0.03784914,0.6854743,1.0580164,1.3537593,-0.24271166,-0.541588,-0.41380093,-0.34980065,1.1056949,0.23837072,-0.13181363,-0.09938175,0.79732156,0.98830426,0.4170692,-0.1737991,1.3579767,-0.44165817
-0.24967155,-0.6069826,-0.39603075,0.3398443,-0.4334157,0.021815341,1.2109144,1.5809572,-0.5438673,-0.763829,-0.5167275,1.4274935,-0.1790151,-0.34126914,0.46756545,1.2846379,-0.8923665,-0.4969527,0.7101023,0.11254827,0.066939466,0.54798263,0.34509876,1.2751544,1.0113442,0.8660707,1.0847543,0.049785722,-0.35538653,-0.3585375,0.49736238,-0.76775336,0.04882886,0.28621718,0.20526083,-0.04580476,0.22906324,-0.19059002,0.5335315,0.54227644,0.09936255,-0.16518778,-0.47690916,-0.62656397,-0.69227874,-0.14593278,-0.42698944,-0.6647135,-0.73800254,1.3835912,-0.31636593,-0.42964897,0.6000969,1.6397191,-0.13591631,-0.7726176,0.95104593,0.32209456,-0.44944897,-0.2682787
0.046665065,-0.079898804,-0.66925097,-0.4943057,0.455311,-0.19501089,1.430855,0.49133262,0.53181964,-0.06860784,-0.6755312,-1.3036358,-0.9002184,1.458305,2.3764439,-0.034355566,0.42470258,-0.37984714,-1.0032358,-0.18226862,0.27713034,0.48619366,1.5024023,-0.45798358,0.5041512,0.55417675,0.106579855,0.17067802,0.32805523,0.46712372,0.44793856,-0.7942744,1.3774662,-0.53620917,-0.4787436,-0.29668564,-0.2949376,-0.4553665,-1.0236694,0.93130225,0.25776458,0.17390728,0.16559938,0.11058828,0.09658669,0.19871695,0.36956608,0.16946177,-0.61353225,-1.2903405,-0.9830409,1.1591547,2.2033296,0.4137211,-0.35424784,0.39976335,0.6598039,-0.5209706,0.33571848,0.3200269
-0.37394175,-0.7676445,-1.2008425,0.38658544,1.2187045,0.9554956,0.6187664,-0.35389018,-0.5916756,-0.7366719,-0.83433497,-0.29498014,1.2660333,1.1738253,-0.39545238,-0.44162372,-0.94881237,-0.9003164,0.3877912,0.6641412,1.4417944,0.92901486,-0.49835968,-0.24699289,0.8590577,0.68721217,0.85880095,-1.1438015,-1.0961338,-1.3596233,-0.0023674655,-0.19186729,-0.632308,1.0158405,0.32421812,-0.12563048,-0.2949376,-0.30826846,0.74754465,0.3955946,-0.22161,0.22675326,-0.6159315,-0.81201106,-0.53943604,-0.37880424,-0.4329339,-0.7262763,-1.0014163,-0.22543171,1.1272006,1.1049908,0.07730367,-0.38544795,0.18677926,-0.82573587,0.7465862,0.28572512,-0.6275099,-1.1408832
1.3467225,0.021571878,-0.6039157,-0.1491402,0.39549285,-0.044560034,-0.6247443,-0.50664127,-0.6299222,-0.78827035,-1.0189904,-0.92345023,0.80900705,1.3943769,1.9815035,-0.35831887,-0.8421925,-0.7701991,1.1384368,1.5422517,0.47698393,-0.37885237,-0.6258592,-0.2871816,-0.4742868,1.1466568,0.4094422,0.6618278,-1.3537203,-1.0415589,-1.0842003,-0.6692465,1.2008752,2.0654743,-0.3954735,-0.15984152,-0.41969973,-0.4553665,-0.11869925,-0.13692433,-0.23828389,-0.60116714,-0.51824015,0.06422651,1.8172994,0.46884784,-0.4448228,-0.7231981,-0.99273235,-0.940553,0.7266579,1.3788188,1.8408595,-0.4444775,1.2312918,0.64132696,1.0616206,0.098283924,1.4578247,-1.3372508
0.2808666,-0.08835469,-0.5653085,0.7137736,-0.20268859,-0.035709985,0.48341832,-0.068754785,0.7804228,-0.24241312,-0.7050761,-1.2997564,-0.44319215,1.7683558,1.235505,-0.47402006,1.4511802,-0.2991744,-1.0838135,-0.43587455,-0.1708174,-0.100801855,-0.2923989,-0.43788925,0.032949097,0.35288143,-0.7778863,0.3216579,0.25231895,1.0522647,0.26488733,-0.16534622,0.77481425,-0.6130116,-0.41926497,-0.29668564,-0.36979488,-0.4553665,-1.1704212,-0.58972484,-0.013186261,0.09023447,0.3121364,0.34703335,1.7186912,2.1920965,0.63112164,0.04325813,-0.63668954,-1.4846671,-0.7733609,1.8031015,1.5411247,-0.23106302,-0.3342158,1.6050179,0.48575768,-0.6676868,1.4713361,0.2508622
0.45771262,0.34571433,1.3947496,-0.5841926,-0.971779,-0.4295372,-0.18486294,-0.33352336,-0.5964564,-0.56829804,1.3741446,0.5391005,-0.8288906,-0.38921514,0.65772194,0.78018075,-0.34672362,0.567407,1.5964578,-0.27737084,-0.5119468,-0.5127285,-0.20413001,-0.36253542,-0.82049143,0.3251571,-0.40280455,0.86287755,0.050758455,0.11939898,-1.1812173,0.07713212,1.9885273,0.22221513,-0.5798573,-0.31949297,-0.41969973,-0.4700763,-0.6099105,0.2010817,0.09519408,-0.1123418,-0.16880566,0.09204357,0.73260945,1.0743135,-0.39726722,-0.5323536,1.0508957,0.34200147,-0.9158358,-0.33636695,0.6279792,0.6861651,0.5629201,0.6329644,0.20395395,-0.37138954,0.9932726,0.2431385
-0.5699063,-0.528061,-0.11687094,0.72456,0.5863412,0.3846674,-0.57398874,-0.40989894,-0.6251414,-0.8425845,-0.7863245,0.3024544,1.3241522,0.56331253,-0.15409993,-0.37220302,-0.7167573,-0.5646137,0.7101023,1.1206318,0.669946,-0.095652774,-0.79258937,-0.28215802,0.25558183,0.63359594,0.35099512,-0.6486987,-1.0977982,-0.8503041,-0.6467078,-0.1615575,1.8876182,-0.23219943,-0.5858052,-0.2624746,-0.22008035,-0.4700763,0.20333967,0.73678935,-0.12573507,-0.5835518,-0.35667366,-0.18612708,-0.13021211,-0.062099062,-0.4448228,-0.76013577,-0.7611598,0.11658282,1.2535462,0.6566353,-0.23637228,-0.43539602,0.26743552,-0.3606493,0.54171216,-0.35765862,0.09360327,-0.998635
-0.60814327,-0.9508555,-0.9365316,0.8791654,0.89967436,0.46874285,0.4495813,0.3080313,-0.6442647,-0.88060445,-0.8971178,0.76022893,0.8909019,-0.21341306,-0.022453144,1.1041441,-0.9279065,-0.8378601,0.93911284,1.4947006,0.17031202,-0.018416522,-0.10605344,0.19005929,0.9788877,0.9783538,0.69570774,-1.2272102,-0.8402473,-0.9888208,-0.37213093,0.60944784,0.09648041,0.030208975,-0.53822225,-0.29668564,-0.41969973,-0.4259469,-0.660866,1.5084635,1.1706605,0.13867663,-0.5407843,-0.62656397,-0.6331138,-0.4998974,-0.4448228,-0.79091716,-0.9203659,0.22540562,1.0331134,-0.05952996,-0.02725498,1.0494238,-0.2017346,-0.45750576,0.9593353,-0.5826799,-0.9079459,-0.798199
0.046665065,-0.6154385,-1.0048367,0.027038036,1.0079167,0.3669673,1.3462625,-0.28769803,-0.6442647,-0.87517303,-1.1851803,0.0037371388,1.2554662,0.26604718,0.5918985,0.6367113,-0.99689585,-1.0434455,0.7440298,0.870196,0.7802101,0.9341639,0.031253748,0.08456394,0.6742155,1.1149968,1.0253787,-0.5130011,-1.1719941,-1.3072062,-0.115859225,-0.6465142,0.17776835,1.2942494,-0.0267059,-0.20545621,-0.2949376,-0.4259469,0.085122846,0.5390877,0.37865037,-0.13876478,-0.42054877,-0.50602335,-0.4506887,0.39432898,-0.4448228,-0.8032297,-1.1287812,-0.47028303,1.3583863,0.247398,0.9834786,0.5363209,0.4064735,-0.3684906,1.1282192,0.17738862,-0.001186747,-1.1901467
-0.4456361,0.2865231,1.0383755,-0.4799238,-0.7011731,-0.15961069,0.65260345,-0.099305004,0.16369566,1.6558666,1.052844,-0.97776246,-1.3466777,-0.7663905,0.40905577,0.07671756,-0.03940749,1.7410653,-0.3077223,-0.7370316,-0.5670788,-0.37370327,-0.32182187,-0.37760618,-0.20360342,-0.95694697,-0.7364023,0.44053787,1.2896599,0.5899494,2.135671,-1.1560975,-0.82852024,-0.64821273,-0.3835778,-0.091419466,0.054396287,0.17715506,-0.98901963,-0.51319516,0.9789107,1.5214798,0.7066592,0.129133,-0.5098536,-0.43469337,-0.25460055,0.60347915,1.3750973,-0.07774362,-1.1282041,-0.8449045,0.38400903,0.16852151,-1.3563268,0.4926606,-0.59766346,-0.1763938,-0.22106023,0.9239364
-0.33570477,-0.46886975,0.2751407,0.7389419,-0.5786883,-0.05783511,1.9130327,-0.3640736,-0.17096248,-0.13378482,1.5292552,0.8029028,-1.1062765,-0.8878538,1.1696817,0.0026688105,0.35780382,0.14322452,-0.8208755,-0.71484107,-0.59464484,0.007328896,1.4631716,1.0792345,0.23667943,-0.29049477,0.2544433,-0.09556164,0.56265235,1.1293128,0.2008194,-0.44192308,-1.0219295,-0.5554098,4.0475817,0.14805773,-0.2699852,-0.30826846,0.15849881,0.22659157,-0.78852254,-0.7024553,0.1919009,0.83383197,0.13109955,-0.5371568,-0.10598945,-0.3107277,0.532752,1.4496622,-0.87820095,-0.88703185,0.16792116,0.72249097,0.7959233,0.046153624,-0.077471636,1.29046,0.54433393,0.5143297
0.41469604,-0.23210482,-0.7702237,-1.1846367,0.2502202,2.814006,-0.28637403,-0.5371915,-0.5582098,-0.52484673,-0.6976899,-1.6411475,-0.086553134,3.5391626,-0.4173935,-0.44162372,-0.9948052,-1.0044103,-0.92265797,0.7180324,1.2557238,3.0658846,-0.5572056,-0.25201648,0.43203992,1.0376669,1.3262907,-0.104364604,-1.109289,-1.7718178,-0.39226657,-1.6202163,0.6346626,2.5422895,0.6335071,-0.091419466,-0.46960455,-0.4553665,1.5281833,-0.82569134,-0.63428897,-0.35455257,-0.7812553,-0.4689339,0.29873344,-0.090043634,-0.4448228,-0.67086977,-0.74958116,-1.352525,-0.20077308,3.3768597,-0.2851663,-0.48534408,1.3106843,-0.70571405,1.0733398,0.6209899,0.5333628,-1.3393992
1.2272319,-0.26029113,-0.55045956,0.2966986,0.3499171,-0.43396223,-0.07489261,-0.39462382,-0.6442647,-0.8724573,-0.8823454,1.7611257,1.1630043,-0.33807272,-0.088276535,-0.37683105,-0.8359207,-0.5958419,0.9221491,1.0191895,0.53211594,0.2802303,-0.57682097,-0.30225235,-0.35096535,0.45038238,0.47253805,0.6643014,-0.96220034,-0.9408139,-0.44901246,-0.4116133,0.08246525,1.652661,-0.16350679,-0.2624746,-0.2699852,-0.32297826,-0.2878716,0.37646216,0.23275374,-0.50868666,-0.36418837,-0.2834868,0.08179546,2.089633,-0.4448228,-0.79091716,-0.8682621,1.3136337,1.2293524,-0.2791941,0.11215655,-0.39452943,0.66371965,0.3205704,0.41535673,0.35134572,1.0922459,-0.8555627
1.4136372,-0.04043798,-0.59500635,-0.37925053,0.32997775,-0.19501089,0.01815921,-0.25205612,-0.6442647,-0.88332015,-1.1113181,0.21322717,1.1418701,0.5888837,0.7235453,-0.04361166,-0.76693135,-0.8612812,0.79492104,1.1428224,0.24611856,0.6200698,0.041061405,-0.23192212,-0.34196508,0.96981555,0.62799764,0.856554,-1.2622225,-0.94069076,-0.84989464,-0.31500083,0.13572286,2.3342829,-0.4609,-0.29668564,-0.36979488,-0.4259469,-0.59360474,-0.31549355,0.6079165,-0.3589564,-0.31910005,-0.005316154,0.9051737,2.1268926,-0.4448228,-0.8032297,-1.0853614,-0.15158767,1.2159114,0.61751705,0.6419203,0.00051437994,0.9782264,0.86184746,0.9253355,0.27140874,1.3513526,-1.1996487
0.16615564,-0.1729136,-0.27129978,-0.005321231,-0.05456747,0.52184314,0.41574427,-0.14513034,0.46010718,-0.26142308,-0.32837895,0.80678225,0.13271381,-0.15268144,-0.36619753,-0.33055058,-0.08540038,-0.64008176,0.048516314,0.91140693,0.31158784,-0.013267438,-0.39047548,-0.30225235,0.14537999,-0.1986837,0.107916534,0.15996735,0.27406317,-0.16397826,0.44976905,0.022195624,-0.47814122,-0.1905981,-0.14566319,-0.00019005836,0.17915839,-0.14646062,0.30117428,0.9886995,0.07852018,-0.27087975,-0.56332844,-0.6636534,-0.53943604,-0.117988214,0.47656608,-0.02138276,-0.3530131,0.5868528,0.019659802,-0.080593646,-0.1109019,-0.30371475,-0.42554495,-0.6716325,-0.20352523,0.050340228,-0.49701136,0.37053403
-0.3165863,-0.48578152,-0.61876464,0.26433933,0.38979587,0.7917697,0.7794923,-0.17568056,-0.04188005,-0.22611888,-0.668145,0.16667382,1.0652587,-0.0791642,-0.17604107,-0.5758371,-0.37599182,-0.5672161,0.006106958,0.3756644,0.8801369,0.58917534,-0.02759219,-0.44793642,0.58697575,0.05338486,0.38313535,-0.52508074,-0.14998454,-0.45135808,1.1435332,-0.35478243,-0.7584444,-0.26740056,-0.25272477,-0.25107092,0.029443866,-0.29355866,0.09327573,1.2884407,0.16188967,-0.32812956,-0.5670858,-0.575566,-0.54929686,-0.25771108,-0.07626723,-0.2214617,-0.42827418,-0.038878333,0.69171125,0.14207959,0.09821539,-0.34458137,-0.8766117,-0.6640211,0.15794352,-0.3451926,-0.58244944,-0.12747043
-0.40739912,-0.60134536,-0.6247042,0.59152746,0.88543195,0.55724335,-0.14256667,-0.38444042,-0.55342895,-0.5628666,-0.6422933,0.57401556,0.6769185,0.7966498,-0.4247072,-0.45550787,-0.6853985,-0.5203738,0.80764383,0.5943995,0.67339176,0.11031056,0.0018307795,-0.33741748,0.46240023,0.41382262,0.42003325,-0.7611196,-0.706502,-0.72702575,-0.5991145,0.37075824,0.1917835,0.35341933,-0.44305643,0.022617294,0.12925355,0.29483348,0.49072883,0.32225364,0.04934086,-0.2796874,-0.48066652,-0.5106595,-0.30770683,0.09625352,-0.4329339,-0.57852566,-0.6106376,0.3847533,0.6728938,0.8702812,-0.36881322,-0.51712924,0.40145665,-0.5180593,0.38946006,0.33327216,-0.024984164,-0.728074
-0.34048438,-0.35894316,0.32859683,1.0301753,0.13912937,-0.73486394,-0.11718889,-0.3437068,-0.6442647,-0.88875157,-0.5536586,1.6214657,0.73503745,-0.17505625,0.1530759,-0.2333616,-0.2317414,-0.13002187,0.52350116,1.123802,-0.09501086,-0.88346255,-0.4787444,-0.34746465,-0.11439601,0.4868926,-0.20722178,-0.15735207,-0.873893,-0.14040709,-1.0164713,0.25899088,2.1118608,-0.5394093,-0.5679616,-0.29668564,-0.31989002,-0.4700763,-0.19615164,0.7718654,-0.7760171,-0.90062773,-0.27401173,0.28676304,0.9051737,0.67377466,-0.4448228,-0.8001516,-0.6222162,1.4768679,0.78311026,-0.276185,0.2167152,-0.27647036,0.2592659,0.34033626,0.3722229,-0.6127341,1.1296138,-0.7228971
-0.5890248,-0.398404,0.08507445,0.3650126,-0.16280982,-0.17288576,0.8302478,0.674634,-0.6442647,-0.9050458,-0.431786,1.4973235,-0.18958218,-0.54583883,0.16770332,1.9371926,0.19264755,-0.551602,-0.032061465,-0.06814595,-0.14325139,0.007328896,0.8649045,0.50654536,0.57739383,1.0415677,0.2863708,-0.13750567,-0.4018957,0.61531425,-1.2782345,0.683328,1.1307993,0.16461328,-0.3835778,-0.25107092,-0.14522308,-0.36710766,-0.72812736,0.6698259,0.5495578,-0.55712885,-0.49945334,-0.3066677,0.40227205,2.4156532,-0.4448228,-0.80630785,-0.52669257,1.22813,-0.0771156,-0.61320394,0.16095059,1.8712965,0.5190109,0.5596507,0.9555146,-0.27402642,1.1705112,-0.25714594
-0.598584,-0.89166427,-1.0226554,0.41534925,1.4067043,1.4333982,-0.7347146,-0.30806485,-0.62036055,-0.809996,-1.2812012,0.2520216,1.3347193,1.2856992,-0.9074121,-0.33980668,-0.45543408,-1.0408431,0.069721,0.020616123,1.6967801,1.1349782,-0.57682097,-0.29722878,0.8493632,0.8055365,0.7450756,-1.4246916,-1.3058071,-0.8344179,-0.77850467,0.115019366,1.7278453,-0.312202,-0.55011797,-0.3080893,-0.3947473,-0.27884886,1.4283105,0.009757524,-0.6509629,-0.8918201,-0.8751893,-0.66828954,-0.31263724,0.8880164,-0.4448228,-0.7231981,-1.0737828,-0.24097782,1.4444089,1.3035914,-0.9334299,-0.42631456,0.19214514,-0.83683044,0.71114206,-0.39961597,0.30626413,-1.2317069
-0.60814327,-0.9226692,-1.0493835,0.44051754,0.59773517,1.4909236,1.6592549,-0.29278973,-0.63948387,-0.6633478,-0.5942828,-0.031177867,0.79051465,0.48979527,1.3086421,-0.3907152,-0.5683257,-0.5750231,-0.37557727,0.08084753,0.3288166,1.557203,1.9633621,-0.21182777,1.1270624,0.7255571,0.9011393,-1.4477592,-0.8731036,-0.5673091,-0.13782537,-0.60862696,1.27936,-0.15859707,-0.38952565,0.7296452,0.37877777,-0.35239786,1.2632146,-0.213454,0.011824586,-0.7597051,-0.8977335,-0.51993185,-0.19430743,0.06830894,-0.43887833,-0.73243254,-0.83063155,-0.15158767,0.93096155,0.5483078,1.4574778,-0.45355895,0.30809268,-0.8584143,0.7767211,0.31346184,0.026417686,-0.9956539
0.017987328,-0.51114917,-0.99889714,-0.35408223,1.3240983,0.9377955,0.16196658,-0.42517403,-0.5964564,-0.7203777,-0.8491074,-0.15144067,1.9528936,0.5345449,-1.0756274,-0.46476397,-0.93835944,-0.88990706,-0.11688018,1.1523325,1.793261,0.34201932,-0.7533588,-0.27713442,0.56153584,0.5627824,0.84514433,-0.5671154,-1.08714,-1.45899,0.16603966,-0.9344572,-0.34920174,1.531057,0.13983431,0.38753492,0.054396287,-0.16117042,0.56206656,0.12455202,0.21607985,-0.22684143,-0.4731518,-0.43648067,-0.44575828,-0.043469347,-0.421045,-0.71396375,-0.9058926,-0.48971567,1.6997885,0.85523576,-0.48731303,-0.47626263,0.6037751,-0.56515455,0.665061,0.7520492,-0.14325152,-1.1467118
-0.40261948,-0.54779136,-0.7821028,-0.246218,0.77718955,0.61034364,1.7438475,-0.033112854,-0.13271584,-0.4162184,-0.6792244,-0.32213625,0.9437373,0.2948148,0.7747413,-0.4971603,-0.44916233,-0.6036489,-0.19321702,0.28690234,0.83189636,0.6252189,1.0904807,-0.36253542,0.89891165,0.3794133,0.6018797,-0.71318185,-0.3580046,-0.49358916,1.0153973,-0.3168952,-0.62109584,-0.15219687,-0.27651623,-0.3080893,-0.36979488,-0.4406567,0.3032125,0.9376797,0.053509332,-0.29730275,-0.5144828,-0.5616575,-0.60353136,-0.07141392,-0.18326722,-0.3353528,-0.55274445,-0.4936022,0.69171125,0.3737801,0.8719494,-0.22198156,-0.8196598,-0.6498489,0.48087958,-0.5897014,-0.46054298,-0.3351992
-0.41695836,-0.6154385,0.025678745,0.32546237,0.013796123,0.061640564,1.7861438,-0.119671814,-0.3478532,-0.4488069,-0.08094061,0.32185164,0.95166266,-0.32848352,0.13113478,-0.45550787,-0.41989413,-0.52557856,-0.44767317,-0.18860877,1.5555042,0.8569277,0.21759921,-0.36253542,0.5288288,0.14967322,0.5890911,-0.3903749,-0.31534132,-0.48700994,1.0080754,-0.80753493,-0.5734443,0.28941727,0.3599053,-0.31949297,-0.2949376,-0.4553665,0.3623209,1.8751681,-0.5926042,-0.8653971,-0.8601599,-0.6590172,-0.273194,-0.006209917,-0.207045,-0.51696295,-0.08380999,0.15933463,0.77504563,-0.47779456,0.8649788,-0.28555182,-0.38699478,-0.82713526,0.21495698,-0.029810023,-0.3826271,-0.20718977
-0.6129229,-0.6182571,0.24544284,0.15287963,0.36415952,-0.079960234,1.1939958,-0.14513034,-0.39566153,0.9280569,0.9715956,-0.90017354,-0.60434014,-0.15268144,0.37248722,-0.29815426,-0.5202423,0.4607108,0.4598871,-0.5531673,0.47698393,0.383212,-0.35124484,-0.196757,0.47980985,-0.46253052,0.098757304,-0.48222324,0.70135856,-0.06007571,2.4962819,-1.870272,-0.86495966,0.0014080529,-0.044549495,-0.17124519,-0.3947473,-0.4406567,-0.1431579,-0.3282485,0.6579382,0.9754047,0.7367181,-0.71465135,-0.93879914,-0.5371568,-0.4448228,-0.36613417,0.66301155,0.5324414,-0.4077649,-0.35141245,1.1019784,-0.28101107,-1.3999783,-0.24068342,0.02387831,-0.29498166,-0.6438657,0.09515283
-0.5173304,-0.72536504,-0.31287676,0.009060665,0.4724019,0.5837935,0.68644047,0.45569068,-0.42912734,-0.5139839,-0.44655845,0.59341276,0.20932515,0.07426307,0.09456622,0.608943,-0.19829202,-0.018120965,-0.3077223,-0.2710307,-0.053661842,0.069117896,0.87471217,0.8682437,0.86716956,0.57457846,0.50991684,-0.66786146,-0.26059312,0.49226007,-0.2751138,0.16237842,-0.4949594,-0.017792562,1.5970612,0.06823199,-0.0454134,-0.3818175,0.24818052,-0.028507307,-0.37167507,-0.15638012,-0.093658455,-0.21858032,0.6093492,-0.36948937,-0.3259339,-0.56005687,-0.6222162,0.5363279,0.21589883,0.2504071,0.16792116,0.5726468,0.4134984,-0.05271943,0.6405757,0.53259933,0.60525876,-0.36563396
-0.47431383,0.38799378,0.15634929,0.2679348,-0.22547644,0.10589082,-0.25253698,-0.40989894,0.2927781,0.9199098,0.04831822,0.20546828,-0.81832355,-0.018432569,-0.3442564,-0.4786481,0.115295865,0.03132362,0.03579351,0.4041951,0.0359277,-0.3685542,-0.7435511,-0.33239388,-0.2166037,-0.7038484,-0.30933702,0.12681475,0.8078304,0.16151372,2.1100438,-1.9043705,0.04882886,-0.4754072,-0.25867262,0.18226875,0.12925355,0.088896245,-0.3673622,0.14368443,0.8663619,0.34565672,0.10923898,-0.17221855,-0.5640881,-0.26702595,-0.27243388,0.70813584,0.38801914,-0.18267989,-0.8190604,0.3858165,0.19580346,-0.5579958,-0.96563095,-0.06858206,-0.3962931,0.28019524,-0.2652191,0.5586863
0.84964174,0.3231653,0.8334603,-0.04846692,-0.76953673,-0.68176365,-0.37096658,-0.46590766,-0.35741487,-0.39992416,0.12587352,0.71755505,-0.5990566,-0.114324614,1.0014663,0.59505886,-0.15438972,0.5648047,1.2911105,-0.13471751,-0.7393664,-0.54362303,-0.06682281,-0.39267695,-0.91937155,0.44846022,-0.46551144,0.88419515,0.042733565,0.21402678,-0.71809775,-0.43624,1.699815,0.5454255,-0.49658722,-0.27387828,-0.36979488,-0.4700763,-0.7057069,-0.0029974196,-0.1382405,-0.35014874,-0.104930535,0.3563057,1.46231,1.0649987,-0.26648945,-0.32304025,0.08408013,0.57907975,-0.62550956,-0.10466643,0.8370965,0.54086167,0.6146451,0.96002966,0.35112405,-0.15261063,1.3313831,0.14296493
0.62499946,0.8136069,0.2751407,-0.27857727,-0.5758399,-0.3366117,-0.5993665,-0.43535745,-0.38131902,0.03187335,1.2079546,-0.16695844,-0.41941622,-0.42437556,0.48219287,0.044321235,0.72365636,0.03132362,-0.16777141,-0.14105766,-0.21905793,-0.4921322,-0.28259125,-0.43286565,-0.8617894,-0.11178096,-0.6616504,0.93482023,0.34216702,0.71617055,-0.97253895,0.105547555,1.5120118,0.27661687,-0.5025351,-0.22826357,-0.34484246,-0.4700763,-0.9482552,-0.36013585,-0.054871008,0.3016184,0.32716584,0.32848862,1.2207199,1.0929433,-0.18326722,0.15099294,0.8309017,-0.20599908,-0.54755163,-0.30627596,0.46068537,-0.058515154,0.39943728,1.1630808,-0.2267179,-0.3701144,1.1593579,0.5256713
-0.5938044,-0.87475246,-0.7553747,-0.023298603,0.4524625,1.5174738,0.68644047,0.57279986,-0.63948387,-0.86159444,-1.4363118,-0.20963234,1.2871675,1.0939152,0.043370247,0.27109554,-0.36135772,-0.82484835,-0.7106112,-0.011084617,1.210929,1.0886364,1.2081726,-0.12642677,1.195689,1.1322397,0.874317,-1.0787916,-1.4519646,-0.49203756,-0.32453763,0.6719618,-0.45571697,0.311818,-0.25867262,-0.3080893,-0.3947473,-0.3818175,0.39493245,0.704902,-0.49256083,-0.77732044,-0.6347183,-0.19539943,0.12616915,0.60857064,-0.4448228,-0.76629204,-1.1953584,-0.4003255,1.0546191,1.0056907,0.25853866,0.3456101,-0.070320785,-0.29856932,1.1105534,-0.33916938,0.5841675,-1.2663347
0.56286436,-0.31102645,-0.8652568,-0.9149762,0.42967466,2.3405285,-0.30329254,-0.5371915,-0.5151823,-0.541141,-0.6903037,-1.4394164,0.23310108,3.0692914,-0.6368048,-0.44625178,-0.9550841,-1.0304338,-0.9141761,0.8828763,1.4107827,2.5303798,-0.6258592,-0.2369457,0.35155538,0.91725403,1.2431418,-0.06835786,-1.0312227,-1.7091484,-0.38677505,-1.5387586,0.44405642,2.7662966,0.32421812,-0.17124519,-0.2699852,-0.4112371,1.4853806,-0.88946605,-0.5342456,-0.39859086,-0.68356395,-0.5894745,0.3184551,0.124198094,-0.421045,-0.6770261,-0.793001,-1.1504256,0.1621347,2.9495678,-0.5221659,-0.47626263,1.2776437,-0.64218414,0.95611835,0.6270515,0.60245734,-1.2555609
-0.5316693,-0.702816,-0.71676755,0.41894472,0.48094735,1.0705463,0.22964062,0.24183914,-0.6251414,-0.698652,-1.3956876,-0.17471734,1.6596571,0.80304265,-0.17604107,-0.20559332,-0.37181064,-0.75718737,-0.33740884,0.44857612,0.8870284,0.7436478,0.6197131,-0.29220518,0.8442285,0.8503591,0.6289327,-0.87743825,-1.2212214,-0.53125465,-0.3940971,0.33097664,-0.066095464,0.34701914,0.16957363,-0.3080893,-0.34484246,-0.4700763,0.17888102,0.72084564,-0.5008978,-0.27087975,-0.4092767,-0.445753,0.086725876,0.5154221,-0.43887833,-0.62469774,-1.1229919,-0.46639648,1.4417206,0.87329036,-0.36184263,0.045921713,0.22132282,-0.22514372,0.8298448,-0.13848336,0.4779194,-1.0852003
-0.26879004,-0.30820784,0.31968746,0.95107484,0.17331117,-0.7835392,-0.21869998,-0.32843167,-0.6442647,-0.88332015,-0.5795104,1.5477562,0.7112615,-0.17825265,0.37980092,-0.21947746,-0.258919,-0.062360857,0.58287424,1.0065092,-0.067444846,-0.8628662,-0.59643626,-0.29722878,-0.15167125,0.51402575,-0.19398437,-0.093080625,-0.86481285,-0.15557571,-1.0677257,0.26656833,2.1118608,-0.4658069,-0.57390946,-0.28528196,-0.31989002,-0.4553665,-0.17576945,0.6092399,-0.6176151,-0.8609932,-0.3529163,0.4397569,0.80163515,0.7017192,-0.4448228,-0.79091716,-0.6309002,1.3680451,0.8099923,-0.30928507,0.4188619,-0.27647036,0.32826266,0.3459538,0.39462236,-0.5613708,1.1209903,-0.71027565
-0.58424515,-0.908576,-0.85337764,1.1380395,0.84840167,0.141291,0.21272211,0.3080313,-0.63948387,-0.8480159,-0.8380281,0.83393836,1.1630043,-0.33807272,0.10187993,0.507126,-0.9111818,-0.51516914,1.2147737,1.3108363,-0.119131126,-0.06990736,-0.06682281,-0.05609653,0.839841,0.78666466,0.467621,-1.0745927,-0.85457927,-0.8182302,-0.5094194,0.8576093,0.11610164,-0.2129988,-0.48469147,-0.3080893,-0.22008035,-0.4700763,-0.70366865,1.3872916,0.93722594,0.085830644,-0.27025437,-0.33448476,-0.65776587,-0.5278419,-0.4448228,-0.7693702,-0.8740514,0.4508243,1.2535462,-0.23405762,0.07730367,0.5045358,-0.25167495,-0.31055108,0.7535581,-0.6416014,-0.7103696,-0.79143196
-0.4934323,-0.66335523,-0.95732015,-0.4223962,1.2443408,0.4731679,2.3106177,-0.19604737,-0.40044236,-0.34561002,-0.9229696,-0.6286124,1.3901966,0.3267788,0.69429046,-0.46476397,-0.70003265,-0.6739123,-0.37557727,0.44540605,1.3728794,1.186469,-0.21393766,-0.3273703,1.0455894,0.5323582,0.7880614,-1.0492785,-0.60749966,-0.97781354,0.7847528,-0.080099925,-0.37442902,-0.30580178,-0.5025351,-0.3080893,-0.3947473,-0.4406567,0.32767114,1.3968577,0.23275374,-0.39418703,-0.7474391,-0.7563769,-0.76130444,-0.4533231,-0.29621166,-0.41538438,-0.6511628,-0.8433898,1.237417,0.17217056,1.3250369,-0.367285,-0.8723098,-0.94458914,0.62051255,-0.7887333,-1.0734391,-0.5922149
1.0838432,-0.18136948,-0.5831272,-0.8286848,0.59203815,0.48201793,0.25501838,-0.42008233,-0.6442647,-0.86159444,-1.2738149,-0.4734346,1.0203487,1.3624129,0.7235453,0.03506514,-0.8881854,-0.83265543,0.49805552,1.3742378,0.6665003,0.21329224,-0.017784534,-0.196757,-0.040417932,1.1993165,0.6968815,0.5188593,-1.4891337,-1.1254368,-0.95606434,-0.04789577,0.09648041,2.1390765,-0.5322744,-0.3080893,-0.17017551,-0.4700763,-0.5120759,-0.47811908,0.34113407,0.17390728,-0.116202615,0.068862684,1.0136428,0.8414421,-0.4448228,-0.80630785,-1.1258866,-0.72679394,0.86644465,1.448028,0.73950845,0.01413658,0.9021866,0.75673836,1.1535965,0.16379334,1.0810696,-1.4382926
-0.560347,-0.51114917,-0.33960482,-0.49071023,0.6091291,1.203297,1.0586478,-0.31315655,-0.3478532,0.08075608,-0.2766754,0.0696877,-0.6333996,-0.43716118,3.0712464,0.26183945,-0.5850504,-0.18467113,0.11213035,0.60073966,0.60447675,0.4707464,-0.7239358,-0.29220518,0.74107605,0.47861046,0.29928413,-0.7515226,0.21869177,-0.49555436,1.2972963,-1.3493224,0.3375412,-0.12979615,-0.21703757,-0.18264887,-0.22008035,-0.22000964,-0.24506895,0.37327343,0.26193306,0.42932954,0.2106877,-0.34375712,-0.4506887,-0.44400823,-0.3794339,-0.2553212,-0.0027595884,-0.29538924,-0.84325427,-0.20998484,3.869297,0.23663251,-0.51742816,-0.1676362,0.73738074,-0.083159134,-0.26127037,-0.022673242
0.7636085,0.51483214,-0.6217344,-0.6345292,0.24167477,-0.40741208,0.3649887,0.038170997,1.8752329,0.2925813,-0.228665,-1.645027,-0.9002184,0.56331253,1.4549164,-0.2241055,0.9285338,-0.18987583,-1.1474276,-0.7338615,0.2151068,0.26993215,1.1983649,-0.5333374,-0.24664712,-0.37069547,-0.30700576,0.8667432,1.3155217,0.9741142,0.960482,-1.1144216,0.83087486,-0.26100037,-0.50848293,-0.31949297,-0.17017551,-0.4553665,-0.9339877,1.0652292,-0.28830558,-0.3765717,0.54509276,0.7689255,0.007839332,-0.3136002,1.2671772,0.7912456,-0.3124879,-1.3058867,-0.85938346,0.37979832,1.1716841,-0.0040263534,-0.62879384,0.41221344,-0.26024163,-0.38036665,0.34273148,1.1980394
-0.6129229,-1.015684,-1.6077031,0.045015406,2.266946,0.7165443,0.026618468,0.28766447,-0.6442647,-0.9131929,-1.4363118,0.10460271,1.39548,1.0779332,-0.60754997,0.23407118,-0.8212866,-0.89511174,0.43020055,1.6817349,0.93526894,-0.48183402,-0.5572056,-0.08121447,1.306996,1.0564227,0.58536583,-1.8856636,-1.4409579,-1.0998877,-0.8590472,1.0678835,0.6879202,-0.5842107,-0.5144308,-0.31949297,-0.2699852,-0.4700763,-0.39793554,1.4765761,0.33279714,-0.06830348,-0.45812237,-0.48284245,-0.38166296,-0.26702595,-0.4448228,-0.809386,-1.2387782,-0.48971567,1.4605381,1.1320727,-0.56398934,0.24117325,-0.24605618,-0.3722516,1.0246919,-0.8495525,-0.42813116,-1.3795444
-0.015470033,-0.49987468,-0.97810864,-0.37205958,1.3269467,1.0041709,0.08583326,-0.45572427,-0.5964564,-0.71494627,-0.871266,-0.046695646,1.8974165,0.5249557,-1.0756274,-0.4601359,-0.9529935,-0.9757845,-0.07022989,1.1618428,1.8173813,0.45529917,-0.7729741,-0.28215802,0.5402825,0.54509604,0.87444675,-0.5811481,-1.0692209,-1.5232016,0.01044612,-0.85678834,-0.39685327,1.6622612,0.49075833,0.1138467,-0.0454134,-0.32297826,0.59671634,0.29355502,0.21191137,-0.34574488,-0.51072544,-0.54311275,-0.47041032,-0.08072878,-0.42698944,-0.6954949,-0.9203659,-0.40421203,1.6621535,0.87329036,-0.53610706,-0.50804776,0.6895594,-0.66086113,0.6329695,0.685816,-0.27266696,-1.1169798
-0.49821195,-0.7761004,-0.226753,0.41894472,0.4154322,0.7121192,0.18734434,0.053446107,-0.55342895,-0.29944298,0.310529,0.25590107,0.17762391,0.1349947,-0.08096283,-0.103776276,-0.9279065,-0.37724477,0.59983796,1.171353,0.4873212,-0.12654728,-0.45912907,0.039351646,0.65531224,0.19465753,0.53924525,-0.7415899,-0.16027084,-0.821634,0.67309153,-0.2865854,-0.48374727,-0.11059553,0.16957363,-0.21685989,-0.070365824,-0.23471944,0.0321291,1.3011956,1.5624971,-0.2620721,-0.9916675,-1.0577284,-0.93879914,-0.5278419,-0.33782277,-0.5323536,0.011713698,0.5168953,0.12718803,0.11499771,0.1888329,-0.090300284,-0.4711772,-1.011002,0.25058898,-0.019449305,-1.6302189,-0.21091539
-0.6129229,-0.87475246,0.9671006,0.86837894,-0.19129466,-0.15518565,-0.13410741,-0.05347967,-0.6442647,-0.8344374,-0.5684311,2.017169,0.87769306,-0.5298568,-0.33694267,-0.20559332,0.51041657,-0.3616307,1.6134217,-0.3312621,-0.64633113,-0.45093954,-0.31201422,-0.37258258,0.18656614,0.32973734,-0.60867596,-0.43092766,-0.74942,0.5713838,-0.8608777,1.5168473,0.009586408,-0.53620917,-0.53822225,-0.31949297,-0.3947473,-0.4700763,-0.98494315,0.21383663,0.8955412,-0.48226368,-0.47690916,-0.34375712,0.18533406,4.418348,-0.4448228,-0.8001516,-0.7640544,2.0248685,0.8745092,-0.47779456,-0.36184263,-0.16749275,-0.1863183,1.0692976,0.27889502,-0.8888748,1.5662159,-0.6497688
-0.5507878,-0.82683575,-1.1147187,0.70298713,1.8681586,0.20766638,-0.548611,-0.25205612,-0.6442647,-0.85887873,-1.0079111,0.1899505,1.64909,0.5665089,-0.38082495,-0.34443474,-1.0407982,-1.1553464,0.6040789,2.116035,1.224712,-0.5951139,-0.7827817,-0.14149754,0.70442957,0.73315287,0.75164,-1.3087518,-1.2453437,-1.5843031,-0.62840265,-0.042212684,0.44966248,1.1182438,-0.4787436,-0.29668564,-0.17017551,-0.4553665,0.24002764,1.0620404,0.7663185,-0.39859086,-0.58211523,-0.87691754,-0.70706993,-0.5278419,-0.4448228,-0.7786046,-1.0274682,-0.14770114,1.7481761,0.6445989,-0.4106367,-0.38544795,0.3873452,-0.8505249,0.67760867,-0.09768547,-1.0987926,-1.2038252
0.21395187,-0.0037957919,-0.8236798,0.019847088,0.36700803,1.1280715,-0.5063147,-0.48627448,-0.56777143,-0.74753475,-0.9857524,-0.97388303,0.5184123,1.6085358,1.8279155,-0.17319699,-0.32790834,0.046937697,0.8670169,0.023786196,0.35293686,-0.21923077,-0.6748975,-0.32234672,0.05907152,1.1794627,-0.10135569,0.116283655,-1.245831,-0.094260074,-1.269082,0.46547633,0.8841325,0.88463634,-0.44305643,-0.28528196,-0.31989002,-0.4700763,-0.70774513,-0.7140856,-0.38834897,0.046196155,0.07542274,0.5046634,1.728552,1.6238902,-0.39726722,-0.6770261,-0.87984073,-1.0960141,0.32880348,1.7007922,1.701448,-0.26738888,0.764575,1.3331691,1.1020721,-0.26485476,1.4980716,-1.2015393
-0.598584,-0.9142133,-0.47027537,0.12411583,0.81706834,0.7165443,0.7964108,0.15528017,-0.63948387,-0.7774075,-0.37269625,0.68264,0.6240831,0.26285076,0.14576219,0.030437093,-1.0596133,-0.5802278,1.9908649,0.86385584,0.10828849,-0.1471436,-0.17470704,0.014233705,0.95106155,0.62239337,0.50930905,-1.0568258,-0.74614996,-0.9176257,0.09281917,0.442744,-0.2342774,-0.3346027,-0.22298543,-0.23966725,-0.19512793,-0.4406567,-0.7179362,0.692147,2.0460403,0.80365527,-0.3717031,-0.8815537,-0.9437296,-0.5371568,-0.4448228,-0.76629204,-0.70616126,0.38863984,0.6406353,0.43697116,0.41189134,0.114032716,-0.47504592,-0.39844248,0.7375598,-0.51860046,-1.2502477,-0.7997298
0.43381453,-0.19828126,-0.44651708,0.56995463,-0.0830523,-0.50476265,0.2719369,0.42004877,-0.51996315,-0.6633478,-1.0374559,0.4576322,0.5236958,-0.44035757,0.42368317,1.8400036,-0.69585145,-0.7441756,0.43444148,1.3140063,-0.31553897,-0.03386377,0.45298296,0.77279556,0.08076441,1.1664146,0.7770334,0.54407054,-0.5031528,-0.40889683,-0.7254198,-0.81321806,0.63746566,2.158277,-0.09808028,-0.25107092,-0.14522308,-0.4700763,-0.11258459,0.4848792,-0.24245237,-0.46464837,-0.20637925,-0.12585677,0.41213286,0.60857064,-0.34971166,-0.6031508,-0.9058926,0.13212892,0.557301,-0.28521228,0.22368577,1.7668597,1.0536749,0.14877255,1.1128335,0.26085198,0.78779507,-0.44570798
-0.2401123,-0.37303632,0.36423424,0.9079292,0.1533718,-0.6640635,-0.33712956,-0.28769803,-0.6442647,-0.894183,-0.5942828,1.3576634,0.75617164,-0.11112821,0.37980092,-0.13154456,-0.258919,-0.07797494,0.55318767,1.0508902,-0.0708906,-0.88346255,-0.5277827,-0.31229955,-0.13120383,0.5717974,-0.19564621,-0.098505564,-0.88513523,-0.14232641,-1.1043359,0.34044844,2.0670123,-0.50100803,-0.52037865,-0.29668564,-0.31989002,-0.4553665,-0.25322184,0.8101303,-0.8093649,-0.9138392,-0.22516605,0.24040125,1.0629468,0.5992558,-0.4448228,-0.7970734,-0.6598468,1.2164705,0.8153687,-0.22202124,0.41189134,-0.18111496,0.34171364,0.38118625,0.45241457,-0.57066613,1.1643414,-0.7296423
-0.5316693,-0.71127194,0.08507445,1.1488259,0.30434138,-0.11536043,-0.21869998,-0.20113908,-0.51996315,-0.17180473,0.4656396,0.72919333,0.09044549,0.08065588,-0.87815726,-0.37683105,-0.8233772,-0.07537259,1.2274965,1.1586727,-0.060553346,-0.5899648,-0.6062439,-0.19173342,0.26814923,-0.11979151,0.10780118,-0.58927643,-0.10073263,-0.6081601,0.62732875,0.14154044,-0.5874595,-0.23219943,-0.52632654,-0.29668564,-0.17017551,-0.20529982,-0.540611,1.320328,1.8209426,0.29281074,-0.830101,-1.0252752,-0.7958173,-0.4533231,-0.34376723,-0.4892597,0.19986641,1.1154207,0.070735715,0.018706582,-0.6406657,-0.36274427,-0.7742849,-0.635928,-0.068708554,-0.4043293,-1.3160168,-0.15365481
0.6871345,-0.30257058,-0.94841075,-0.9617173,0.5236746,2.3228283,-0.4217221,-0.55246663,-0.5629906,-0.56829804,-0.6976899,-1.5014875,0.1432809,3.3058252,-0.6441185,-0.4508798,-0.96135587,-1.09289,-0.84208024,0.88604635,1.3590964,2.674554,-0.66508985,-0.2369457,0.3220793,0.97793055,1.2665647,-0.016988149,-1.1240569,-1.76647,-0.48013118,-1.5785403,0.33193514,2.9903038,0.5264455,-0.034401085,-0.3947473,-0.3965273,1.5057629,-0.88946605,-0.63428897,-0.43822536,-0.7436817,-0.5709298,0.4515761,0.19871695,-0.41510054,-0.6924168,-0.8451048,-1.1892909,0.070735715,3.199323,-0.6127834,-0.49442557,1.4545752,-0.59480035,1.0040355,0.6773775,0.7230594,-1.3388311
0.74449,0.26115543,-0.6514323,0.16366605,0.1362809,0.26076669,-0.548611,-0.59320027,-0.57255226,-0.64976925,-0.83433497,-0.52774686,0.8354247,1.1418612,0.76742756,-0.26575792,-0.22337905,0.17965737,0.6761748,0.52148783,-0.19493766,-0.48183402,-0.69451284,-0.3273703,-0.44953442,0.8668584,-0.27212405,0.61457825,-0.9714419,-0.011110852,-1.2489463,0.07523776,1.0382993,1.3198503,-0.4787436,-0.23966725,-0.17017551,-0.4700763,-0.7851975,-0.7523504,-0.17992525,-0.2620721,-0.037298057,0.62520397,1.8419514,2.098948,-0.3794339,-0.5723694,-0.7408972,-0.76954573,0.766981,1.2223457,0.6279792,-0.35366282,0.9697967,1.4797488,0.7726081,-0.09604297,1.6455185,-0.8903681
-0.4886527,-0.6295317,-1.0731417,-0.39363244,1.121856,0.63246876,2.386751,-0.11458012,-0.34307238,-0.4460912,-1.004218,-0.40748402,1.2739587,0.29161838,1.0453485,-0.4786481,-0.71884793,-0.85607654,-0.36709538,0.3407936,1.5417212,1.248258,0.28625283,-0.33741748,1.1101192,0.590242,0.93733716,-1.067335,-0.64789414,-1.1011132,0.75729513,-0.16345185,-0.5370049,-0.10739543,-0.25272477,-0.27387828,-0.22008035,-0.3965273,0.67213047,1.3011956,0.074351706,-0.605571,-0.7962848,-0.941824,-0.7958173,-0.38811907,-0.29026723,-0.38152486,-0.8132636,-0.57910585,1.0599954,0.21730703,1.4017131,-0.2946333,-0.7034659,-1.1379538,0.6636335,-0.404403,-1.2032026,-0.6032525
-0.30702704,-0.07426154,-0.5801574,0.14568868,0.5065837,0.42891765,0.23809987,-0.29278973,-0.6251414,-0.6198965,-0.9562076,-0.36093068,1.64909,0.4929917,0.13113478,-0.39534324,-0.41571295,-0.7597897,-0.25683105,0.33445346,1.2316035,0.83118224,-0.09624578,-0.31732312,0.28939918,0.6877933,0.61031795,-0.2285748,-1.0161164,-0.63071555,-0.4856227,0.03545616,0.32352602,0.9326379,-0.52037865,-0.28528196,-0.3947473,-0.4700763,0.09735217,0.30312124,-0.2841371,-0.41180238,-0.26273966,-0.1629462,0.46143696,0.28255066,-0.42698944,-0.5846819,-0.8335262,-0.46250996,1.3449453,0.6506171,0.25156808,-0.3809072,0.39047268,0.027444417,0.647037,-0.11946877,0.6444786,-0.922223
-0.49821195,-0.60980123,-0.6009459,0.7497283,0.2673111,0.44661772,0.4495813,0.3385815,-0.50083977,-0.46238545,-0.40224114,0.48866776,0.2859365,0.27244,0.09456622,0.23869923,-0.8212866,-0.7415733,0.9815222,0.49929732,0.27368456,0.9959529,0.041061405,0.059446,0.7395413,0.5090083,0.76032555,-0.60183054,-0.36326885,-0.8367483,0.9165497,-0.68629575,-0.25670165,0.11661174,-0.17540252,-0.19405255,-0.24503277,-0.3965273,-0.13500503,1.428745,1.0497748,-0.35014874,-0.66477716,-0.82591957,-0.7514436,-0.43469337,-0.40321165,-0.52004105,-0.5498498,0.36532065,0.3960086,0.24137981,0.07730367,0.4273433,-0.5753215,-0.7696659,0.6058919,-0.2531938,-1.0746562,-0.40849063
-0.4886527,-0.886027,-1.2424195,0.0018697167,1.9507645,0.85372,0.22964062,-0.35898188,-0.6251414,-0.8045646,-0.83433497,-0.5510235,1.9925202,0.8286138,-0.9000984,-0.44162372,-0.9258159,-0.68432164,0.099407546,0.7180324,1.7519121,0.3780629,-0.7631664,-0.2419693,0.9904179,0.6658494,0.7691712,-1.5262733,-1.2177606,-1.2928928,0.04339534,-0.22975452,-0.4865503,0.9070371,0.15173005,-0.12563048,-0.09531824,-0.33768806,0.72920066,0.08947592,-0.34666422,0.07702298,-0.13874678,-0.575566,-0.5788793,-0.38811907,-0.43887833,-0.78783906,-1.1258866,-0.59465194,1.8180695,1.0508271,-0.42457783,-0.42177382,0.0748965,-0.66712433,0.774954,0.24320135,-0.38430077,-1.3499217
-0.4265176,-0.3617618,0.4384789,1.1200621,-0.48183993,-0.110935405,-0.3286703,-0.043296263,-0.3143874,-0.02787222,0.45086715,1.0123929,-0.40884912,-0.5202676,-0.39545238,0.29886383,-0.39062592,-0.067565545,0.80764383,0.93359745,-0.41891152,-0.5899648,-0.66508985,0.15991777,-0.0047026915,-0.12722789,0.008214755,-0.079076774,0.35814905,-0.07324007,0.2740399,-0.5347468,0.04882886,0.76943266,-0.27056834,-0.31949297,-0.494557,-0.4700763,-0.25118363,0.7814317,0.85802495,-0.07270731,-0.23643814,-0.6636534,-0.43589747,-0.15524764,-0.27837834,-0.18452406,0.2693382,1.286428,-0.47497007,-0.45973995,-0.27819574,0.23663251,-0.08922491,-0.3736812,-0.09559272,-0.22981633,-0.4083851,0.31183714
-0.60814327,-0.9198505,-0.8979244,0.60590935,0.6091291,1.1678967,1.4054773,-0.28769803,-0.63470304,-0.6280436,-0.5942828,0.22874495,0.77466404,0.3427608,1.1184857,-0.40459934,-0.4533435,-0.46312222,-0.3798182,0.21082057,0.15997477,1.18132,1.7868243,-0.20178059,1.0128101,0.63134724,0.72670084,-1.3354157,-0.7842182,-0.38030738,-0.18358818,-0.36993733,1.0523144,-0.16819738,-0.34194273,0.5471864,0.079348706,-0.30826846,0.90041125,0.07672098,0.04100391,-0.71126294,-0.84513044,-0.44111684,-0.0661168,0.18008724,-0.43887833,-0.7231981,-0.7235292,-0.10883585,1.027737,0.3948438,1.1925958,-0.4444775,0.19563262,-0.6645244,0.68389016,0.15638381,0.196719,-0.9109553
-0.46953422,-0.30820784,-0.08123352,1.0769165,0.29294747,-0.026859934,-0.68395907,-0.40989894,-0.62036055,-0.8181431,-0.498262,0.9154067,1.0097816,0.18613712,-0.30768785,-0.31666645,-0.71257615,-0.37464243,0.6295245,1.3964282,0.49076694,-0.5487721,-0.7827817,-0.30225235,0.00352933,0.4730142,0.21895127,-0.38665092,-0.90348536,-0.7615235,-0.6467078,-0.3509937,2.1398911,-0.17779769,-0.6214924,-0.3080893,-0.17017551,-0.4553665,0.11773438,0.90579236,-0.2549578,-0.6408016,-0.2965559,-0.09803971,-0.11049048,-0.117988214,-0.4448228,-0.7385888,-0.581691,0.8472502,0.9444026,0.24438891,-0.32698977,-0.39907014,0.3371239,-0.32396206,0.3703916,-0.31472674,0.14037995,-0.79114985
-0.41217873,-0.31102645,0.22762413,-0.82149386,1.3582801,0.008540266,-0.43864062,-0.3997155,0.015489917,0.7461045,-0.17326835,-1.3695863,-0.46696806,1.2089856,0.16770332,-0.47402006,-0.33418012,0.16144094,-0.59610593,0.09986798,1.4865892,-0.43549228,-0.7533588,-0.31732312,0.14447306,-0.11283954,0.08971488,-0.37811977,0.54110754,-0.21706797,0.80671895,-1.5122377,1.1812539,-0.52980894,0.97848326,-0.29668564,-0.19512793,-0.4259469,-0.46519682,0.63474977,0.50787306,0.46015635,0.4924897,-0.38084653,-0.9289383,-0.5371568,-0.19515611,-0.03369531,0.6398543,-1.0571488,-0.61475676,1.138091,0.46068537,-0.5489144,-0.1900183,-0.2297763,0.058841545,0.14351328,-0.6533485,0.19349194
-0.43607685,-0.7507327,-0.99295753,-0.5518333,1.2329469,1.9776764,-0.12564816,-0.099305004,-0.4243465,-0.4135027,-0.48718265,-0.47731405,0.7508881,1.180218,-0.6880008,-0.2935262,-0.8463736,-0.73376626,0.1418169,0.48978707,0.7629813,1.7683154,-0.31201422,-0.17163907,1.0282655,0.4725948,0.87540567,-1.2292516,-0.5574107,-1.0816652,0.75729513,0.041139245,-0.895793,-0.43380588,0.1933651,0.12525037,-0.24503277,-0.20529982,0.8290735,0.9600009,0.45785138,-0.61878246,-0.8751893,-0.941824,-0.9092167,-0.5278419,-0.23082279,-0.5077285,-0.5961643,-0.51692134,0.7051523,1.2975731,-0.61975396,-0.28101107,-0.73105395,-1.2515504,0.5214515,-0.064123705,-1.4063618,-0.6202178
-0.53644896,-0.48578152,0.079134874,-0.15992662,-0.3679006,0.021815341,1.8622772,1.05142,-0.5916756,-0.809996,-0.5868966,0.9658395,-0.4379086,-0.475518,1.0453485,2.3305767,-0.11675917,-0.5646137,0.052757252,-0.2710307,-0.022650076,0.44500098,1.0610577,0.7928899,0.8723438,1.2769884,0.64094776,-0.14263654,-0.3664245,0.3464984,-1.0073187,0.23436417,1.1980721,0.43342188,-0.4133171,-0.28528196,-0.34484246,-0.4112371,-0.51003766,0.5295215,0.8788673,-0.27087975,-0.53702694,-0.54311275,0.2592902,1.3258147,-0.3913228,-0.7355107,-0.599059,0.7695196,-0.4050767,-0.5801039,0.8649788,2.4207253,0.48614588,0.2128394,1.2174237,-0.2565057,0.6740321,-0.21472122
0.199613,-0.04325661,-0.7464654,-0.6920568,0.62906843,-0.1994359,1.2870476,0.45569068,0.8664778,-0.0903335,-0.7309279,-1.3113947,-0.8922931,1.4359301,2.3252478,-0.19170918,0.71320343,-0.4344964,-1.0922954,-0.1727584,0.128963,0.5016409,1.1297113,-0.56347895,0.450654,0.42756638,-0.113148265,0.26547772,0.5043599,0.68277764,0.4863793,-0.6540916,1.1980721,-0.6322122,-0.49658722,-0.3080893,-0.22008035,-0.4553665,-1.1072364,0.58054125,0.23275374,-0.1960146,0.22195978,0.6947467,0.42199367,0.5154221,0.5597883,0.20024315,-0.64537346,-1.2864541,-0.9212122,1.111009,1.9663298,0.39101744,-0.4651902,0.76288694,0.56635,-0.59280246,0.714896,0.45432672
-0.5699063,-0.92830646,-1.2810267,-0.19588135,1.5975527,1.5440239,0.5087961,-0.18077226,-0.6251414,-0.82900596,-0.91189027,-0.54714406,1.384913,1.4359301,-0.51978546,-0.36294693,-0.672855,-0.7207545,0.07396193,0.65780103,1.3694336,0.54798263,-0.7435511,-0.27211082,1.1895027,0.8421551,0.6199501,-1.6635878,-1.2893473,-0.93285465,-0.29707995,0.5620888,-0.5145806,0.47822332,-0.18135038,-0.29668564,-0.2949376,-0.4700763,0.060664196,0.73678935,0.01599306,-0.024265157,-0.39800462,-0.3901189,-0.23868111,-0.19250707,-0.4448228,-0.7447451,-1.0940454,-0.5829924,1.1675236,1.4751099,-0.04119613,-0.33549988,-0.15135999,-0.35742974,0.8958188,-0.32028592,-0.1336888,-1.3089675
0.4051368,0.3908124,0.9908589,0.6957962,-0.75529426,-1.3101171,-0.8700627,-0.44044915,-0.3765382,-0.43522838,0.49149135,1.2645568,0.25687703,-0.73123014,-0.87815726,0.14613828,0.29299566,0.43468732,0.58711517,0.014275975,-0.6015364,-0.81652445,-0.71412814,-0.22187495,-1.0269719,-0.049896494,-0.67432475,0.6605733,-0.016775243,0.47943625,-1.0091492,0.09228702,1.3045874,0.52942497,-0.3835778,-0.27387828,-0.19512793,-0.4700763,-0.8606117,-0.38883448,0.29528087,-0.028668988,0.16184202,0.34703335,0.79670477,1.8660765,-0.23676723,-0.37844673,0.31854737,1.1231937,0.3906322,-0.7636588,-0.96131223,0.045921713,0.6953698,1.0874178,-0.18769306,-0.2101323,1.2297962,0.11016269
-0.6129229,-1.0241399,-1.4740627,-2.166201,4.9359746,0.29174185,-1.0900034,-0.4048072,-0.6442647,-0.9131929,-1.5175602,-1.6372681,4.560321,-0.40839356,-1.4266855,-0.4601359,-0.99271464,-1.5821311,-2.2712755,-1.2537537,7.199646,0.34201932,-0.93970424,-0.23192212,1.2434765,0.82819694,1.8618504,-2.41184,-1.7813537,-3.2027788,0.22278555,-0.45328924,-0.548217,0.052609693,1.4186252,0.45595697,0.10430113,0.20657468,4.605897,-1.517647,-2.055739,-1.9927781,-1.3486167,-1.1689967,-0.85991263,-0.49058253,-0.4448228,-0.809386,-1.2561462,-1.8694334,4.500899,-0.25512132,-1.4980466,-0.5534551,0.25150213,-2.8280919,0.68500775,0.9882398,-2.687499,-1.6490638
0.22829074,-0.22364894,-0.9424712,0.045015406,0.7458563,1.1280715,-0.6754998,-0.511733,-0.6442647,-0.8914673,-1.2184184,-0.938968,1.0996017,1.944158,0.504134,-0.27038598,-0.879823,-0.73376626,0.6719339,1.0794208,1.0524244,0.15665232,-0.7337434,-0.2871816,0.20323612,1.1966639,0.56112605,-0.17704529,-1.6417191,-1.1297909,-0.9853526,-0.010008531,1.1195872,0.91663736,-0.49658722,-0.15984152,-0.34484246,-0.4553665,0.25837162,0.13411823,-0.4175283,-0.6760323,-0.49193862,-0.056314107,1.0728077,0.09625352,-0.4448228,-0.8032297,-1.1172026,-1.1115602,0.9175205,2.061884,0.43280306,-0.367285,0.6703243,0.10581399,1.1185755,-0.16447064,0.9704703,-1.5852975
-0.598584,-0.9987722,-1.2483591,0.76051474,1.4266437,0.53069323,0.26347765,0.1858304,-0.6442647,-0.9023301,-1.2738149,0.70979613,1.1128106,0.7774714,-0.24186446,-0.011215331,-0.94881237,-0.7363686,0.69737947,1.6722248,0.41496038,0.038223397,-0.44932142,-0.18670982,1.0813231,0.86807483,0.57496727,-1.5122999,-1.2576003,-1.1497027,-0.6064365,0.7969897,0.5505716,-0.37940416,-0.57390946,-0.3080893,-0.31989002,-0.4553665,-0.6465985,1.7157313,0.9830792,-0.08591881,-0.5520564,-0.5106595,-0.6331138,-0.48126766,-0.4448228,-0.809386,-1.1345706,0.36920717,0.8852621,0.9605542,-0.124843046,0.018677313,-0.22929087,-0.452547,0.8604919,-0.7085858,-0.883257,-1.1704359
-0.26401043,-0.6351689,-1.0196856,-0.23543157,1.965007,0.6014936,-0.6754998,-0.28769803,-0.41956568,-0.49768963,-0.7752452,-0.5161085,1.7098508,0.64002615,-0.9878629,-0.45550787,-0.7815655,-0.8300531,-0.460396,0.93359745,2.2825577,-0.07505644,-0.91028124,-0.2419693,0.61928016,0.44561952,0.7555758,-0.9401237,-0.75782776,-1.2620146,-0.035316687,-0.7393379,0.48049584,0.99343985,-0.27056834,0.19367243,-0.31989002,-0.4553665,1.1755711,0.24253525,-0.15074593,-0.49547517,-0.63847566,-0.9696411,-0.42603666,-0.3601745,-0.24865611,-0.652401,-0.75826514,-0.35368717,1.5734427,0.770981,-0.95434165,-0.4444775,0.34670037,-1.0297629,0.47021455,0.21794786,-0.6309696,-0.84799474
-0.24967155,-0.2574725,0.34047598,0.95107484,0.08215971,-0.748139,-0.21869998,-0.35389018,-0.6442647,-0.87517303,-0.48348954,1.5555152,0.75617164,-0.21980587,0.1530759,-0.23798965,-0.23592256,-0.031132698,0.36234558,1.1364822,-0.09501086,-0.8783135,-0.48855203,-0.35751182,-0.18622994,0.4668291,-0.2127657,-0.06337608,-0.8460612,-0.14373279,-1.0951833,0.23436417,2.2155728,-0.47860733,-0.5798573,-0.31949297,-0.24503277,-0.4553665,-0.21653385,0.7782429,-0.7009846,-0.9270507,-0.24395286,0.33776098,0.74247026,0.76692325,-0.4448228,-0.7847609,-0.5701124,1.4302295,0.79923946,-0.30025777,0.19580346,-0.30371475,0.3433364,0.33504558,0.34198844,-0.5545091,1.1081874,-0.6871317
0.49117,-0.35612455,-0.85634744,0.7101781,0.6717957,-0.14191058,-0.015677815,-0.44554085,-0.58689475,-0.61446506,-0.9562076,-0.8613791,1.4113307,0.67199016,0.44562432,0.11374194,-0.6331339,-0.4188823,0.82460755,1.2093939,0.09795123,-0.3685542,-0.4787444,-0.10130883,0.04877519,0.90170723,0.26010293,0.035639364,-0.9594755,-0.5609328,-0.6888096,-0.23733197,1.0551175,0.88463634,-0.5144308,-0.27387828,-0.22008035,-0.4700763,-0.47334972,0.4338594,-0.18409373,-0.12114946,-0.17632037,0.036409445,0.40720245,1.1581472,-0.4448228,-0.6000726,-0.90010333,-0.8628224,1.406774,0.6235352,0.46765596,0.023218047,0.5121591,0.44876066,0.8430444,-0.1752827,0.9150004,-0.97775877
-0.5173304,-0.4829629,0.4741163,1.6378105,-0.24826431,-0.64636344,-0.43018138,-0.26223952,-0.3621957,-0.11205916,0.7389297,1.9667363,0.04553539,-1.1499587,-1.163392,-0.4092274,-0.25682843,0.026118925,0.5786333,0.8353252,-0.22250368,-0.5024304,-0.5375903,-0.35248825,-0.10321462,-0.58731085,-0.20823944,-0.2864658,0.073521525,-0.05991605,1.260686,-0.63325363,-0.19503495,-0.4658069,-0.55011797,-0.25107092,-0.19512793,-0.24942924,0.15238413,0.5645976,0.26610154,-0.028668988,-0.49193862,-0.77492166,-0.48027113,0.80418265,-0.3259339,-0.4338532,0.37933517,2.2930388,0.10568239,-1.0194322,-0.9404005,-0.41269234,-0.99512756,-0.35676482,-0.45513302,-0.55494153,0.039335426,-0.015987754
-0.560347,-0.54215413,-0.79101217,0.15287963,0.5607049,1.1015214,0.43266279,0.1858304,-0.63948387,-0.6008865,-1.207339,-1.1445786,1.429823,1.2089856,0.62115335,-0.12691651,-0.6624021,-0.71034515,-0.44343224,0.017446049,1.3384218,1.4181777,0.6687514,-0.21685135,0.84982634,1.0489422,0.93233865,-0.8115688,-1.2432823,-0.90067965,-0.34650376,0.012723814,-0.113747016,0.9070371,0.044668477,-0.29668564,-0.2949376,-0.4406567,0.09123751,0.9026036,-0.30497947,-0.24886058,-0.45436502,-0.23248886,-0.041464757,-0.17387736,-0.4448228,-0.56929123,-0.9666804,-1.1970639,1.1433299,1.1170273,0.6349498,0.06408465,0.41066012,-0.35551307,1.0283747,0.08746855,0.071177244,-1.1204503
-0.28312892,-0.398404,-0.67222077,0.62029123,-0.037476573,0.6147687,1.1939958,-0.06366308,0.182819,-0.1609419,-0.4576378,-0.15144067,0.63993376,0.15097672,-0.00051201327,-0.4879042,-0.41362238,-0.6504912,-0.43495038,0.59122944,0.73541534,1.0165492,0.3352911,-0.40774772,0.5916221,-0.0044200425,0.555757,-0.37917164,0.06556183,-0.537185,1.4437373,-0.96097827,-0.7079899,0.07501041,0.08035567,-0.27387828,-0.44465214,-0.35239786,0.5681812,1.2661195,-0.009017787,-0.6496093,-0.72489494,-0.78883016,-0.63804424,-0.3136002,-0.034656122,-0.12603945,-0.26906806,-0.13992809,0.4363317,0.030742973,0.40492076,-0.24922596,-0.8638072,-0.96555036,0.13080806,-0.20778652,-0.902113,0.043598205
-0.54600817,-0.8183799,-1.1087792,-0.5338559,0.88258344,1.6148243,1.6761734,0.27238935,-0.56777143,-0.6008865,-0.9266627,-1.0786281,1.3901966,0.85418504,0.5699574,-0.011215331,-0.65403974,-0.82484835,-0.52825093,0.61659,1.3969996,0.8208841,0.1979839,-0.12642677,1.3603218,0.9324293,0.85240525,-1.385199,-1.0121902,-0.9610313,0.50651497,0.28930068,-0.32958052,-0.5138084,-0.4490043,-0.31949297,-0.3947473,-0.4700763,0.09327573,1.671089,-0.038197108,-0.552725,-0.6272036,-0.76564926,-0.4506887,-0.10867335,-0.36160055,-0.59391636,-0.8422102,-1.3253193,1.1379534,0.9184268,0.96953744,0.08224758,-0.8494237,-0.70502067,0.98853654,-0.92775184,-0.5525794,-0.981552
-0.053707015,0.26397407,-0.5385804,0.9151201,0.40973526,-0.64636344,-0.6247443,-0.4048072,0.8473545,0.21654147,-0.3431514,-1.2066497,-0.7417122,1.5957502,0.26278156,-0.4971603,1.1856759,0.054744735,-0.84632117,0.061827086,-0.3224305,-0.89376074,-0.6748975,-0.36253542,-0.29180306,-0.08744441,-0.90417856,0.117817394,0.6710877,0.8433572,0.3966842,-0.3907753,0.5982232,-0.36980385,-0.28841195,-0.31949297,-0.0454134,-0.4406567,-0.891185,-0.94048584,-0.2049361,0.26638776,0.46994552,1.1027303,1.3341193,0.81349754,0.2506772,0.5726978,-0.277752,-1.1076738,-0.8620717,1.5984828,0.4467442,-0.5534551,-0.3123026,1.3865238,0.004882923,-0.3675212,1.203657,0.49500117
-0.46953422,-0.6464434,-0.97513884,-0.7136296,1.2585832,1.4909236,0.41574427,0.13491337,-0.5916756,-0.65248495,-0.9451282,-0.44627848,0.9041108,1.3016813,0.4383106,-0.34443474,-0.94463116,-1.0954924,-0.10415737,0.68950176,0.82155913,2.169944,0.6687514,-0.2419693,1.0331692,0.8439488,1.2015922,-1.0867774,-1.0649403,-1.5473578,0.5577693,-0.8738376,-0.39405024,0.88783646,0.44912326,-0.22826357,-0.44465214,-0.26413906,0.916717,0.13730697,0.2911124,-0.39859086,-0.69859344,-0.60801923,-0.59367055,-0.32291508,-0.43887833,-0.7047293,-0.90010333,-1.0532624,1.0788128,1.3487278,0.2724798,-0.017648553,0.0533919,-0.919845,0.9692457,0.37049747,-0.5506247,-1.2009844
-0.3691621,-0.48860016,-0.71676755,0.239171,1.5291891,0.13244097,-0.7008776,-0.29788145,-0.524744,-0.40263987,-0.5130344,-0.35705125,1.6887167,0.1349947,-0.6880008,-0.45550787,-0.86100775,-0.58283013,0.24359937,0.6514609,1.875959,-0.15744178,-0.9200889,-0.2369457,0.37173957,0.34835538,0.5925453,-0.70218045,-0.64309454,-1.1029832,0.10563276,-0.8643658,0.43004125,0.99984,-0.032653764,-0.14843784,-0.46960455,-0.4406567,1.0390103,-0.060394667,-0.39668593,-0.10353413,-0.2777691,-0.7702854,-0.44575828,-0.38811907,-0.43887833,-0.6000726,-0.58458567,0.019419597,1.5922602,0.19323425,-0.6476363,-0.4444775,0.25200212,-0.8146432,0.3823203,0.11678343,-0.3696818,-0.77711093
-0.50299156,-0.5928895,-0.5653085,0.861188,0.022341572,0.23864156,0.7879515,0.5677082,-0.47215483,-0.42708126,-0.3579238,0.6632428,0.08516195,0.099834286,0.3066638,0.3544004,-0.8066525,-0.7597897,1.0620999,0.3407936,0.26334733,0.9084185,0.29606047,0.1850357,0.77294004,0.49398696,0.80167836,-0.46852168,-0.24047242,-0.737751,0.8598038,-0.57263404,-0.3379896,0.09101092,-0.21703757,-0.11422682,-0.09531824,-0.36710766,-0.0045588776,1.3649703,1.0205954,-0.22684143,-0.79252744,-0.9279155,-0.75637406,-0.50921226,-0.35565612,-0.45540017,-0.54695517,0.64903724,0.16482292,-0.050502665,0.3630973,0.6044319,-0.5591606,-0.86447644,0.5862502,-0.17320518,-1.2147821,-0.24244636
-0.5699063,-0.6830856,-1.3552713,-0.93295354,0.785735,2.9202068,1.3716402,-0.10439671,-0.6251414,-0.78283894,-0.9414351,-1.0980252,0.671635,2.0752103,0.67966306,-0.18245308,-1.0157111,-1.2360191,-0.15928954,0.45808634,1.6347566,2.236882,-0.18451469,-0.18168624,1.4223989,1.1808532,1.3201394,-1.5977358,-1.371112,-1.8437763,0.17336172,-0.35857114,-0.57905036,0.9518385,0.24689588,-0.091419466,-0.19512793,-0.32297826,0.86168504,0.523144,0.09519408,-0.13436095,-0.80004215,-0.941824,-0.53943604,-0.4998974,-0.4448228,-0.76321393,-1.0679934,-1.1854043,0.49547222,1.9926747,1.0322726,0.009595847,0.046700973,-1.0102514,1.2990847,0.22119932,-0.9125574,-1.5098703
-0.5938044,-0.9226692,0.0048902486,1.0841074,0.31288683,0.22094147,-0.30329254,0.12472996,-0.63470304,-0.8425845,-1.1260906,0.36064607,0.54747176,1.2537353,0.036056537,0.23407118,0.7571057,-0.4501105,0.040034443,-0.26469055,-0.12602262,-0.2501253,-0.44932142,0.07954035,0.52256775,1.0175624,-0.33920473,-0.75304353,-1.1448536,0.7800458,-1.1830479,1.3406715,0.44966248,-0.28340107,-0.4668479,-0.28528196,0.0044914433,-0.4406567,-0.77908283,0.051211093,0.01599306,-0.6408016,-0.5783579,-0.09803971,1.3587713,3.7942522,-0.4329339,-0.7385888,-1.0448362,0.19431339,0.5788066,1.0568453,0.03548021,0.23663251,0.26412463,1.238488,0.9185137,-0.5560442,1.9001267,-0.9962108
-0.5699063,-0.6520807,-0.90683377,-0.4223962,1.6260375,1.566149,-0.65012205,-0.3793487,-0.57255226,-0.4189341,-0.5499655,-0.05833398,1.5196433,0.3299752,-1.0463725,-0.4508798,-0.94463116,-0.66090053,0.4132368,0.74022293,1.2695068,0.6612625,-0.6258592,-0.29220518,0.7901379,0.30864927,0.7165366,-1.2663028,-0.6739707,-1.2117418,0.47356573,0.2533078,-0.9098082,-0.40500498,-0.01481017,0.6840305,0.054396287,-0.014072383,0.49072883,1.502086,0.6996229,-0.79053193,-0.89397615,-1.0020944,-0.9437296,-0.50921226,-0.3913228,-0.4338532,-0.5411658,-0.3575737,1.3852683,0.6626535,-0.95434165,-0.5125885,-0.49766406,-1.2220217,0.31471568,0.3106596,-1.5892189,-0.6694149
1.4470946,-0.09962921,-0.5593689,-0.42958716,0.4011898,-0.106510386,0.009699955,-0.39462382,-0.6442647,-0.9050458,-1.1519424,0.20934772,1.3426447,0.7231326,0.13844848,-0.12691651,-0.78992784,-0.7519827,0.61680174,1.2759655,0.38050288,0.27508125,-0.017784534,-0.21685135,-0.34861693,0.9090399,0.5704886,0.8014026,-1.3086294,-0.9062202,-0.98901355,-0.20323345,0.1132986,2.3534834,-0.3954735,-0.27387828,-0.24503277,-0.4112371,-0.4916937,-0.16243422,0.15355273,-0.42061004,-0.24395286,0.23576508,0.64386207,2.1827817,-0.4448228,-0.809386,-1.0390469,-0.198226,1.3825802,0.7529264,0.09124482,-0.13570762,1.0604737,0.8057947,0.84042066,0.30453336,1.3553331,-1.2148377
